# [해상] 출처: 한국무역협회(KITA) | 시장 평균 해상운임(Ocean Freight), 부산발 | 부대비용 별도 / 이용 선사·물동량·결제조건에 따라 상이 | 운임 업로드: 매월 첫째 주 | 단위: USD
분류,출발(도시),도착(국가),도착(도시),년,월,TEU,FEU,단위(USD-해상),100kg,300kg,500kg,단위(USD-항공),업데이트 일자
해상,Busan,북미,Norfolk,2026,05,3300.0,4200.0,USD,,,,,2026-05-24
해상,Busan,북미,Norfolk,2026,04,3100.0,4000.0,USD,,,,,2026-05-24
해상,Busan,북미,Norfolk,2026,03,2880.0,3600.0,USD,,,,,2026-05-24
해상,Busan,북미,Norfolk,2026,02,2100.0,2600.0,USD,,,,,2026-05-24
해상,Busan,북미,Norfolk,2026,01,3200.0,3950.0,USD,,,,,2026-05-24
해상,Busan,북미,Norfolk,2025,12,2400.0,2950.0,USD,,,,,2026-05-24
해상,Busan,북미,Norfolk,2025,11,3900.0,4300.0,USD,,,,,2026-05-24
해상,Busan,북미,Norfolk,2025,10,2100.0,2500.0,USD,,,,,2026-05-24
해상,Busan,북미,Norfolk,2025,09,2800.0,3500.0,USD,,,,,2026-05-24
해상,Busan,북미,Norfolk,2025,08,2700.0,3100.0,USD,,,,,2026-05-24
해상,Busan,북미,Norfolk,2025,07,4300.0,4800.0,USD,,,,,2026-05-24
해상,Busan,북미,Norfolk,2025,06,6000.0,7500.0,USD,,,,,2026-05-24
해상,Busan,북미,Norfolk,2025,05,3000.0,3400.0,USD,,,,,2026-05-24
해상,Busan,북미,Norfolk,2025,04,3300.0,3800.0,USD,,,,,2026-05-24
해상,Busan,북미,Norfolk,2025,03,3800.0,4300.0,USD,,,,,2026-05-24
해상,Busan,북미,Norfolk,2025,01,5500.0,6100.0,USD,,,,,2026-05-24
해상,Busan,북미,Norfolk,2024,12,5600.0,6300.0,USD,,,,,2026-05-24
해상,Busan,북미,Norfolk,2024,11,4400.0,5400.0,USD,,,,,2026-05-24
해상,Busan,북미,Norfolk,2024,10,4700.0,5300.0,USD,,,,,2026-05-24
해상,Busan,북미,Norfolk,2024,09,4500.0,5750.0,USD,,,,,2026-05-24
해상,Busan,북미,Norfolk,2024,08,9050.0,10250.0,USD,,,,,2026-05-24
해상,Busan,북미,Norfolk,2024,07,9380.0,10600.0,USD,,,,,2026-05-24
해상,Busan,북미,Norfolk,2024,06,7820.0,8670.0,USD,,,,,2026-05-24
해상,Busan,북미,Norfolk,2024,05,7600.0,8700.0,USD,,,,,2026-05-24
해상,Busan,북미,Norfolk,2024,04,3570.0,3950.0,USD,,,,,2026-05-24
해상,Busan,북미,Norfolk,2024,03,5000.0,6000.0,USD,,,,,2026-05-24
해상,Busan,북미,Norfolk,2024,02,5600.0,7000.0,USD,,,,,2026-05-24
해상,Busan,북미,Norfolk,2024,01,6000.0,7500.0,USD,,,,,2026-05-24
해상,Busan,북미,Norfolk,2023,12,2360.0,2950.0,USD,,,,,2026-05-24
해상,Busan,북미,Norfolk,2023,11,2150.0,2650.0,USD,,,,,2026-05-24
해상,Busan,북미,Norfolk,2023,10,2000.0,2500.0,USD,,,,,2026-05-24
해상,Busan,북미,Norfolk,2023,09,2240.0,2800.0,USD,,,,,2026-05-24
해상,Busan,북미,Norfolk,2023,08,2700.0,3100.0,USD,,,,,2026-05-24
해상,Busan,북미,Norfolk,2023,07,2300.0,2600.0,USD,,,,,2026-05-24
해상,Busan,북미,Norfolk,2023,06,1650.0,2350.0,USD,,,,,2026-05-24
해상,Busan,북미,Norfolk,2023,05,1650.0,2350.0,USD,,,,,2026-05-24
해상,Busan,북미,Norfolk,2023,04,1650.0,2225.0,USD,,,,,2026-05-24
해상,Busan,북미,Norfolk,2023,03,1800.0,2450.0,USD,,,,,2026-05-24
해상,Busan,북미,Savannah,2026,05,3300.0,4200.0,USD,,,,,2026-05-24
해상,Busan,북미,Savannah,2026,04,3100.0,4000.0,USD,,,,,2026-05-24
해상,Busan,북미,Savannah,2026,03,2880.0,3600.0,USD,,,,,2026-05-24
해상,Busan,북미,Savannah,2026,02,2100.0,2600.0,USD,,,,,2026-05-24
해상,Busan,북미,Savannah,2026,01,3200.0,3950.0,USD,,,,,2026-05-24
해상,Busan,북미,Savannah,2025,12,2400.0,2950.0,USD,,,,,2026-05-24
해상,Busan,북미,Savannah,2025,11,3900.0,4300.0,USD,,,,,2026-05-24
해상,Busan,북미,Savannah,2025,10,2100.0,2500.0,USD,,,,,2026-05-24
해상,Busan,북미,Savannah,2025,09,2800.0,3500.0,USD,,,,,2026-05-24
해상,Busan,북미,Savannah,2025,08,2700.0,3100.0,USD,,,,,2026-05-24
해상,Busan,북미,Savannah,2025,07,4300.0,4800.0,USD,,,,,2026-05-24
해상,Busan,북미,Savannah,2025,06,6000.0,7500.0,USD,,,,,2026-05-24
해상,Busan,북미,Savannah,2025,05,3000.0,3400.0,USD,,,,,2026-05-24
해상,Busan,북미,Savannah,2025,04,3300.0,3800.0,USD,,,,,2026-05-24
해상,Busan,북미,Savannah,2025,03,3800.0,4300.0,USD,,,,,2026-05-24
해상,Busan,북미,Savannah,2025,01,5500.0,6100.0,USD,,,,,2026-05-24
해상,Busan,북미,Savannah,2024,12,5600.0,6300.0,USD,,,,,2026-05-24
해상,Busan,북미,Savannah,2024,11,4400.0,5400.0,USD,,,,,2026-05-24
해상,Busan,북미,Savannah,2024,10,4700.0,5300.0,USD,,,,,2026-05-24
해상,Busan,북미,Savannah,2024,09,4500.0,5750.0,USD,,,,,2026-05-24
해상,Busan,북미,Savannah,2024,08,9050.0,10250.0,USD,,,,,2026-05-24
해상,Busan,북미,Savannah,2024,07,9380.0,10600.0,USD,,,,,2026-05-24
해상,Busan,북미,Savannah,2024,06,7820.0,8670.0,USD,,,,,2026-05-24
해상,Busan,북미,Savannah,2024,05,7600.0,8700.0,USD,,,,,2026-05-24
해상,Busan,북미,Savannah,2024,04,3570.0,3950.0,USD,,,,,2026-05-24
해상,Busan,북미,Savannah,2024,03,5000.0,6000.0,USD,,,,,2026-05-24
해상,Busan,북미,Savannah,2024,02,5600.0,7000.0,USD,,,,,2026-05-24
해상,Busan,북미,Savannah,2024,01,6000.0,7500.0,USD,,,,,2026-05-24
해상,Busan,북미,Savannah,2023,12,2360.0,2950.0,USD,,,,,2026-05-24
해상,Busan,북미,Savannah,2023,11,2000.0,2500.0,USD,,,,,2026-05-24
해상,Busan,북미,Savannah,2023,10,1900.0,2300.0,USD,,,,,2026-05-24
해상,Busan,북미,Savannah,2023,09,2240.0,2800.0,USD,,,,,2026-05-24
해상,Busan,북미,Savannah,2023,08,2700.0,3100.0,USD,,,,,2026-05-24
해상,Busan,북미,Savannah,2023,07,2200.0,2600.0,USD,,,,,2026-05-24
해상,Busan,북미,Savannah,2023,06,1650.0,2350.0,USD,,,,,2026-05-24
해상,Busan,북미,Savannah,2023,05,1650.0,2350.0,USD,,,,,2026-05-24
해상,Busan,북미,Savannah,2023,04,1600.0,2225.0,USD,,,,,2026-05-24
해상,Busan,북미,Savannah,2023,03,1800.0,2450.0,USD,,,,,2026-05-24
해상,Busan,북미,Savannah,2023,02,2200.0,2750.0,USD,,,,,2026-05-24
해상,Busan,북미,Savannah,2023,01,,,USD,,,,,2026-05-24
해상,Busan,북미,Savannah,2022,09,0.0,0.0,USD,,,,,2026-05-24
해상,Busan,북미,New York,2026,05,3300.0,4200.0,USD,,,,,2026-05-24
해상,Busan,북미,New York,2026,04,3100.0,4000.0,USD,,,,,2026-05-24
해상,Busan,북미,New York,2026,03,2880.0,3600.0,USD,,,,,2026-05-24
해상,Busan,북미,New York,2026,02,2100.0,2600.0,USD,,,,,2026-05-24
해상,Busan,북미,New York,2026,01,3200.0,3950.0,USD,,,,,2026-05-24
해상,Busan,북미,New York,2025,12,2400.0,2950.0,USD,,,,,2026-05-24
해상,Busan,북미,New York,2025,11,3900.0,4300.0,USD,,,,,2026-05-24
해상,Busan,북미,New York,2025,10,2100.0,2500.0,USD,,,,,2026-05-24
해상,Busan,북미,New York,2025,09,2800.0,3500.0,USD,,,,,2026-05-24
해상,Busan,북미,New York,2025,08,2700.0,3100.0,USD,,,,,2026-05-24
해상,Busan,북미,New York,2025,07,4300.0,4800.0,USD,,,,,2026-05-24
해상,Busan,북미,New York,2025,06,6000.0,7500.0,USD,,,,,2026-05-24
해상,Busan,북미,New York,2025,05,3000.0,3400.0,USD,,,,,2026-05-24
해상,Busan,북미,New York,2025,04,3300.0,3800.0,USD,,,,,2026-05-24
해상,Busan,북미,New York,2025,03,3800.0,4300.0,USD,,,,,2026-05-24
해상,Busan,북미,New York,2025,01,5500.0,6100.0,USD,,,,,2026-05-24
해상,Busan,북미,New York,2024,12,5600.0,6300.0,USD,,,,,2026-05-24
해상,Busan,북미,New York,2024,11,4400.0,5400.0,USD,,,,,2026-05-24
해상,Busan,북미,New York,2024,10,4700.0,5300.0,USD,,,,,2026-05-24
해상,Busan,북미,New York,2024,09,4500.0,5750.0,USD,,,,,2026-05-24
해상,Busan,북미,New York,2024,08,9050.0,10250.0,USD,,,,,2026-05-24
해상,Busan,북미,New York,2024,07,9380.0,10600.0,USD,,,,,2026-05-24
해상,Busan,북미,New York,2024,06,6800.0,7850.0,USD,,,,,2026-05-24
해상,Busan,북미,New York,2024,05,6800.0,8600.0,USD,,,,,2026-05-24
해상,Busan,북미,New York,2024,04,3570.0,3950.0,USD,,,,,2026-05-24
해상,Busan,북미,New York,2024,03,4850.0,6000.0,USD,,,,,2026-05-24
해상,Busan,북미,New York,2024,02,5600.0,7000.0,USD,,,,,2026-05-24
해상,Busan,북미,New York,2024,01,6000.0,7500.0,USD,,,,,2026-05-24
해상,Busan,북미,New York,2023,12,2360.0,2950.0,USD,,,,,2026-05-24
해상,Busan,북미,New York,2023,11,2000.0,2500.0,USD,,,,,2026-05-24
해상,Busan,북미,New York,2023,10,1850.0,2300.0,USD,,,,,2026-05-24
해상,Busan,북미,New York,2023,09,2240.0,2800.0,USD,,,,,2026-05-24
해상,Busan,북미,New York,2023,08,2700.0,3100.0,USD,,,,,2026-05-24
해상,Busan,북미,New York,2023,07,2200.0,2600.0,USD,,,,,2026-05-24
해상,Busan,북미,New York,2023,06,1650.0,2350.0,USD,,,,,2026-05-24
해상,Busan,북미,New York,2023,05,1650.0,2350.0,USD,,,,,2026-05-24
해상,Busan,북미,New York,2023,04,1600.0,2225.0,USD,,,,,2026-05-24
해상,Busan,북미,New York,2023,03,1800.0,2450.0,USD,,,,,2026-05-24
해상,Busan,북미,New York,2023,01,2360.0,2900.0,USD,,,,,2026-05-24
해상,Busan,북미,New York,2022,12,2560.0,3450.0,USD,,,,,2026-05-24
해상,Busan,북미,New York,2022,11,2900.0,4100.0,USD,,,,,2026-05-24
해상,Busan,북미,New York,2022,10,4860.0,6300.0,USD,,,,,2026-05-24
해상,Busan,북미,New York,2022,09,6000.0,7500.0,USD,,,,,2026-05-24
해상,Busan,북미,New York,2022,08,7840.0,9800.0,USD,,,,,2026-05-24
해상,Busan,북미,New York,2022,07,8400.0,10500.0,USD,,,,,2026-05-24
해상,Busan,북미,New York,2022,06,10400.0,13000.0,USD,,,,,2026-05-24
해상,Busan,북미,New York,2022,05,10800.0,13500.0,USD,,,,,2026-05-24
해상,Busan,북미,New York,2022,04,19800.0,22000.0,USD,,,,,2026-05-24
해상,Busan,북미,New York,2022,03,19800.0,22000.0,USD,,,,,2026-05-24
해상,Busan,북미,New York,2022,02,19800.0,22000.0,USD,,,,,2026-05-24
해상,Busan,북미,New York,2022,01,19800.0,22000.0,USD,,,,,2026-05-24
해상,Busan,북미,New York,2021,12,19000.0,21000.0,USD,,,,,2026-05-24
해상,Busan,북미,New York,2021,11,12800.0,15000.0,USD,,,,,2026-05-24
해상,Busan,북미,New York,2021,10,12800.0,15000.0,USD,,,,,2026-05-24
해상,Busan,북미,New York,2021,09,12800.0,15000.0,USD,,,,,2026-05-24
해상,Busan,북미,New York,2021,08,8800.0,11000.0,USD,,,,,2026-05-24
해상,Busan,북미,New York,2021,07,0.0,0.0,USD,,,,,2026-05-24
해상,Busan,북미,New York,2021,06,0.0,0.0,USD,,,,,2026-05-24
해상,Busan,북미,New York,2021,05,0.0,0.0,USD,,,,,2026-05-24
해상,Busan,북미,New York,2021,04,4080.0,5100.0,USD,,,,,2026-05-24
해상,Busan,북미,New York,2021,03,4080.0,5100.0,USD,,,,,2026-05-24
해상,Busan,북미,New York,2021,02,4080.0,5100.0,USD,,,,,2026-05-24
해상,Busan,북미,New York,2021,01,4080.0,5100.0,USD,,,,,2026-05-24
해상,Busan,북미,New York,2020,12,3840.0,4800.0,USD,,,,,2026-05-24
해상,Busan,북미,New York,2020,11,3760.0,4700.0,USD,,,,,2026-05-24
해상,Busan,북미,New York,2020,10,3760.0,4700.0,USD,,,,,2026-05-24
해상,Busan,북미,New York,2020,09,3946.0,4700.0,USD,,,,,2026-05-24
해상,Busan,북미,New York,2020,08,3280.0,4100.0,USD,,,,,2026-05-24
해상,Busan,북미,New York,2020,07,2660.0,3325.0,USD,,,,,2026-05-24
해상,Busan,북미,New York,2020,06,2400.0,3000.0,USD,,,,,2026-05-24
해상,Busan,북미,New York,2020,05,2000.0,2500.0,USD,,,,,2026-05-24
해상,Busan,북미,New York,2020,04,2360.0,2950.0,USD,,,,,2026-05-24
해상,Busan,북미,New York,2020,03,2360.0,2950.0,USD,,,,,2026-05-24
해상,Busan,북미,New York,2020,02,2320.0,2900.0,USD,,,,,2026-05-24
해상,Busan,북미,New York,2020,01,2260.0,2800.0,USD,,,,,2026-05-24
해상,Busan,북미,New York,2019,12,2160.0,2700.0,USD,,,,,2026-05-24
해상,Busan,북미,New York,2019,11,2240.0,2800.0,USD,,,,,2026-05-24
해상,Busan,북미,New York,2019,10,2000.0,2450.0,USD,,,,,2026-05-24
해상,Busan,북미,New York,2019,09,2200.0,2750.0,USD,,,,,2026-05-24
해상,Busan,북미,New York,2019,08,2320.0,2900.0,USD,,,,,2026-05-24
해상,Busan,북미,New York,2019,07,2200.0,2750.0,USD,,,,,2026-05-24
해상,Busan,북미,New York,2019,06,2080.0,2600.0,USD,,,,,2026-05-24
해상,Busan,북미,New York,2019,05,2320.0,2900.0,USD,,,,,2026-05-24
해상,Busan,북미,New York,2019,04,2160.0,2700.0,USD,,,,,2026-05-24
해상,Busan,북미,New York,2019,03,2160.0,2700.0,USD,,,,,2026-05-24
해상,Busan,북미,New York,2019,02,2560.0,3200.0,USD,,,,,2026-05-24
해상,Busan,북미,New York,2019,01,2640.0,3300.0,USD,,,,,2026-05-24
해상,Busan,북미,New York,2018,12,2560.0,3200.0,USD,,,,,2026-05-24
해상,Busan,북미,New York,2018,11,2960.0,3700.0,USD,,,,,2026-05-24
해상,Busan,북미,New York,2018,10,2680.0,3350.0,USD,,,,,2026-05-24
해상,Busan,북미,New York,2018,09,2840.0,3550.0,USD,,,,,2026-05-24
해상,Busan,북미,New York,2018,08,2520.0,3150.0,USD,,,,,2026-05-24
해상,Busan,북미,New York,2018,07,2120.0,2650.0,USD,,,,,2026-05-24
해상,Busan,북미,New York,2018,06,2000.0,2500.0,USD,,,,,2026-05-24
해상,Busan,북미,New York,2018,05,2080.0,2600.0,USD,,,,,2026-05-24
해상,Busan,북미,New York,2018,04,1920.0,2400.0,USD,,,,,2026-05-24
해상,Busan,북미,New York,2018,03,1880.0,2350.0,USD,,,,,2026-05-24
해상,Busan,북미,New York,2018,02,2400.0,3000.0,USD,,,,,2026-05-24
해상,Busan,북미,New York,2018,01,2400.0,3000.0,USD,,,,,2026-05-24
해상,Busan,북미,New York,2017,12,1680.0,2100.0,USD,,,,,2026-05-24
해상,Busan,북미,Long Beach,2026,05,2400.0,2900.0,USD,,,,,2026-05-24
해상,Busan,북미,Long Beach,2026,04,2900.0,3100.0,USD,,,,,2026-05-24
해상,Busan,북미,Long Beach,2026,03,2300.0,2860.0,USD,,,,,2026-05-24
해상,Busan,북미,Long Beach,2026,02,1450.0,1850.0,USD,,,,,2026-05-24
해상,Busan,북미,Long Beach,2026,01,2500.0,3100.0,USD,,,,,2026-05-24
해상,Busan,북미,Long Beach,2025,12,1600.0,2000.0,USD,,,,,2026-05-24
해상,Busan,북미,Long Beach,2025,11,2300.0,3300.0,USD,,,,,2026-05-24
해상,Busan,북미,Long Beach,2025,10,1300.0,1600.0,USD,,,,,2026-05-24
해상,Busan,북미,Long Beach,2025,09,2000.0,2400.0,USD,,,,,2026-05-24
해상,Busan,북미,Long Beach,2025,08,1600.0,1900.0,USD,,,,,2026-05-24
해상,Busan,북미,Long Beach,2025,07,2200.0,2700.0,USD,,,,,2026-05-24
해상,Busan,북미,Long Beach,2025,06,5200.0,6500.0,USD,,,,,2026-05-24
해상,Busan,북미,Long Beach,2025,05,1800.0,2200.0,USD,,,,,2026-05-24
해상,Busan,북미,Long Beach,2025,04,2200.0,2800.0,USD,,,,,2026-05-24
해상,Busan,북미,Long Beach,2025,03,2350.0,3300.0,USD,,,,,2026-05-24
해상,Busan,북미,Long Beach,2025,01,3700.0,4600.0,USD,,,,,2026-05-24
해상,Busan,북미,Long Beach,2024,12,3800.0,4700.0,USD,,,,,2026-05-24
해상,Busan,북미,Long Beach,2024,11,2800.0,3500.0,USD,,,,,2026-05-24
해상,Busan,북미,Long Beach,2024,10,4200.0,5200.0,USD,,,,,2026-05-24
해상,Busan,북미,Long Beach,2024,09,4400.0,5150.0,USD,,,,,2026-05-24
해상,Busan,북미,Long Beach,2024,08,6000.0,7450.0,USD,,,,,2026-05-24
해상,Busan,북미,Long Beach,2024,07,6500.0,7850.0,USD,,,,,2026-05-24
해상,Busan,북미,Long Beach,2024,06,6750.0,7500.0,USD,,,,,2026-05-24
해상,Busan,북미,Long Beach,2024,05,5050.0,6500.0,USD,,,,,2026-05-24
해상,Busan,북미,Long Beach,2024,04,2862.0,3450.0,USD,,,,,2026-05-24
해상,Busan,북미,Long Beach,2024,03,3650.0,4550.0,USD,,,,,2026-05-24
해상,Busan,북미,Long Beach,2024,02,4500.0,5800.0,USD,,,,,2026-05-24
해상,Busan,북미,Long Beach,2024,01,4000.0,5000.0,USD,,,,,2026-05-24
해상,Busan,북미,Long Beach,2023,12,1600.0,2000.0,USD,,,,,2026-05-24
해상,Busan,북미,Long Beach,2023,11,1650.0,2050.0,USD,,,,,2026-05-24
해상,Busan,북미,Long Beach,2023,10,1350.0,1700.0,USD,,,,,2026-05-24
해상,Busan,북미,Long Beach,2023,09,1400.0,1850.0,USD,,,,,2026-05-24
해상,Busan,북미,Long Beach,2023,08,1700.0,2200.0,USD,,,,,2026-05-24
해상,Busan,북미,Long Beach,2023,07,1150.0,1600.0,USD,,,,,2026-05-24
해상,Busan,북미,Long Beach,2023,06,850.0,1200.0,USD,,,,,2026-05-24
해상,Busan,북미,Long Beach,2023,05,1000.0,1300.0,USD,,,,,2026-05-24
해상,Busan,북미,Long Beach,2023,04,950.0,1200.0,USD,,,,,2026-05-24
해상,Busan,북미,Long Beach,2023,03,1000.0,1325.0,USD,,,,,2026-05-24
해상,Busan,북미,Long Beach,2023,02,1120.0,1400.0,USD,,,,,2026-05-24
해상,Busan,북미,Long Beach,2023,01,1120.0,1400.0,USD,,,,,2026-05-24
해상,Busan,북미,Long Beach,2022,12,1200.0,1500.0,USD,,,,,2026-05-24
해상,Busan,북미,Long Beach,2022,11,1215.0,1700.0,USD,,,,,2026-05-24
해상,Busan,북미,Long Beach,2022,10,1860.0,2300.0,USD,,,,,2026-05-24
해상,Busan,북미,Long Beach,2022,09,2720.0,3400.0,USD,,,,,2026-05-24
해상,Busan,북미,Long Beach,2022,08,5200.0,6500.0,USD,,,,,2026-05-24
해상,Busan,북미,Long Beach,2022,07,6400.0,8000.0,USD,,,,,2026-05-24
해상,Busan,북미,Long Beach,2022,06,8400.0,10500.0,USD,,,,,2026-05-24
해상,Busan,북미,Long Beach,2022,05,8800.0,11000.0,USD,,,,,2026-05-24
해상,Busan,북미,Long Beach,2022,04,13800.0,15000.0,USD,,,,,2026-05-24
해상,Busan,북미,Long Beach,2022,03,13800.0,15000.0,USD,,,,,2026-05-24
해상,Busan,북미,Long Beach,2022,02,13800.0,15400.0,USD,,,,,2026-05-24
해상,Busan,북미,Long Beach,2022,01,13800.0,15000.0,USD,,,,,2026-05-24
해상,Busan,북미,Long Beach,2021,12,13000.0,14000.0,USD,,,,,2026-05-24
해상,Busan,북미,Long Beach,2021,11,7900.0,9200.0,USD,,,,,2026-05-24
해상,Busan,북미,Long Beach,2021,10,7900.0,9200.0,USD,,,,,2026-05-24
해상,Busan,북미,Long Beach,2021,09,7900.0,9200.0,USD,,,,,2026-05-24
해상,Busan,북미,Long Beach,2021,08,7500.0,8700.0,USD,,,,,2026-05-24
해상,Busan,북미,Long Beach,2021,07,0.0,0.0,USD,,,,,2026-05-24
해상,Busan,북미,Long Beach,2021,06,0.0,0.0,USD,,,,,2026-05-24
해상,Busan,북미,Long Beach,2021,05,0.0,0.0,USD,,,,,2026-05-24
해상,Busan,북미,Long Beach,2021,04,3440.0,4300.0,USD,,,,,2026-05-24
해상,Busan,북미,Long Beach,2021,03,3440.0,4300.0,USD,,,,,2026-05-24
해상,Busan,북미,Long Beach,2021,02,3440.0,4300.0,USD,,,,,2026-05-24
해상,Busan,북미,Long Beach,2021,01,3440.0,4300.0,USD,,,,,2026-05-24
해상,Busan,북미,Long Beach,2020,12,3200.0,4000.0,USD,,,,,2026-05-24
해상,Busan,북미,Long Beach,2020,11,3160.0,3950.0,USD,,,,,2026-05-24
해상,Busan,북미,Long Beach,2020,10,3210.0,4012.0,USD,,,,,2026-05-24
해상,Busan,북미,Long Beach,2020,09,3286.0,4116.0,USD,,,,,2026-05-24
해상,Busan,북미,Long Beach,2020,08,2880.0,3600.0,USD,,,,,2026-05-24
해상,Busan,북미,Long Beach,2020,07,2440.0,2880.0,USD,,,,,2026-05-24
해상,Busan,북미,Long Beach,2020,06,1900.0,2300.0,USD,,,,,2026-05-24
해상,Busan,북미,Long Beach,2020,05,1360.0,1700.0,USD,,,,,2026-05-24
해상,Busan,북미,Long Beach,2020,04,1320.0,1650.0,USD,,,,,2026-05-24
해상,Busan,북미,Long Beach,2020,03,1320.0,1650.0,USD,,,,,2026-05-24
해상,Busan,북미,Long Beach,2020,02,1280.0,1600.0,USD,,,,,2026-05-24
해상,Busan,북미,Long Beach,2020,01,1280.0,1600.0,USD,,,,,2026-05-24
해상,Busan,북미,Long Beach,2019,12,1280.0,1600.0,USD,,,,,2026-05-24
해상,Busan,북미,Long Beach,2019,11,1360.0,1700.0,USD,,,,,2026-05-24
해상,Busan,북미,Long Beach,2019,10,1200.0,1450.0,USD,,,,,2026-05-24
해상,Busan,북미,Long Beach,2019,09,1320.0,1650.0,USD,,,,,2026-05-24
해상,Busan,북미,Long Beach,2019,08,1360.0,1700.0,USD,,,,,2026-05-24
해상,Busan,북미,Long Beach,2019,07,1320.0,1650.0,USD,,,,,2026-05-24
해상,Busan,북미,Long Beach,2019,06,1200.0,1500.0,USD,,,,,2026-05-24
해상,Busan,북미,Long Beach,2019,05,1440.0,1800.0,USD,,,,,2026-05-24
해상,Busan,북미,Long Beach,2019,04,1280.0,1600.0,USD,,,,,2026-05-24
해상,Busan,북미,Long Beach,2019,03,1280.0,1600.0,USD,,,,,2026-05-24
해상,Busan,북미,Long Beach,2019,02,1680.0,2100.0,USD,,,,,2026-05-24
해상,Busan,북미,Long Beach,2019,01,1760.0,2200.0,USD,,,,,2026-05-24
해상,Busan,북미,Long Beach,2018,12,1760.0,2200.0,USD,,,,,2026-05-24
해상,Busan,북미,Long Beach,2018,11,2160.0,2700.0,USD,,,,,2026-05-24
해상,Busan,북미,Long Beach,2018,10,1880.0,2350.0,USD,,,,,2026-05-24
해상,Busan,북미,Long Beach,2018,09,1960.0,2450.0,USD,,,,,2026-05-24
해상,Busan,북미,Long Beach,2018,08,1720.0,2150.0,USD,,,,,2026-05-24
해상,Busan,북미,Long Beach,2018,07,1320.0,1650.0,USD,,,,,2026-05-24
해상,Busan,북미,Long Beach,2018,06,1200.0,1500.0,USD,,,,,2026-05-24
해상,Busan,북미,Long Beach,2018,05,1240.0,1500.0,USD,,,,,2026-05-24
해상,Busan,북미,Long Beach,2018,04,1120.0,1400.0,USD,,,,,2026-05-24
해상,Busan,북미,Long Beach,2018,03,1040.0,1300.0,USD,,,,,2026-05-24
해상,Busan,북미,Long Beach,2018,02,1360.0,1700.0,USD,,,,,2026-05-24
해상,Busan,북미,Long Beach,2018,01,1600.0,2000.0,USD,,,,,2026-05-24
해상,Busan,북미,Los Angeles,2026,05,2400.0,2900.0,USD,,,,,2026-05-24
해상,Busan,북미,Los Angeles,2026,04,2900.0,3100.0,USD,,,,,2026-05-24
해상,Busan,북미,Los Angeles,2026,03,2300.0,2860.0,USD,,,,,2026-05-24
해상,Busan,북미,Los Angeles,2026,02,1450.0,1850.0,USD,,,,,2026-05-24
해상,Busan,북미,Los Angeles,2026,01,2500.0,3100.0,USD,,,,,2026-05-24
해상,Busan,북미,Los Angeles,2025,12,1600.0,2000.0,USD,,,,,2026-05-24
해상,Busan,북미,Los Angeles,2025,11,2300.0,3300.0,USD,,,,,2026-05-24
해상,Busan,북미,Los Angeles,2025,10,1300.0,1600.0,USD,,,,,2026-05-24
해상,Busan,북미,Los Angeles,2025,09,2000.0,2400.0,USD,,,,,2026-05-24
해상,Busan,북미,Los Angeles,2025,08,1600.0,1900.0,USD,,,,,2026-05-24
해상,Busan,북미,Los Angeles,2025,07,2200.0,2700.0,USD,,,,,2026-05-24
해상,Busan,북미,Los Angeles,2025,06,5200.0,6500.0,USD,,,,,2026-05-24
해상,Busan,북미,Los Angeles,2025,05,1800.0,2200.0,USD,,,,,2026-05-24
해상,Busan,북미,Los Angeles,2025,04,2200.0,2800.0,USD,,,,,2026-05-24
해상,Busan,북미,Los Angeles,2025,03,2350.0,3300.0,USD,,,,,2026-05-24
해상,Busan,북미,Los Angeles,2025,01,3700.0,4600.0,USD,,,,,2026-05-24
해상,Busan,북미,Los Angeles,2024,12,3800.0,4700.0,USD,,,,,2026-05-24
해상,Busan,북미,Los Angeles,2024,11,2800.0,3500.0,USD,,,,,2026-05-24
해상,Busan,북미,Los Angeles,2024,10,4200.0,5200.0,USD,,,,,2026-05-24
해상,Busan,북미,Los Angeles,2024,09,4400.0,5150.0,USD,,,,,2026-05-24
해상,Busan,북미,Los Angeles,2024,08,6000.0,7450.0,USD,,,,,2026-05-24
해상,Busan,북미,Los Angeles,2024,07,6500.0,7850.0,USD,,,,,2026-05-24
해상,Busan,북미,Los Angeles,2024,06,6750.0,7500.0,USD,,,,,2026-05-24
해상,Busan,북미,Los Angeles,2024,05,5050.0,6500.0,USD,,,,,2026-05-24
해상,Busan,북미,Los Angeles,2024,04,2862.0,3450.0,USD,,,,,2026-05-24
해상,Busan,북미,Los Angeles,2024,03,3650.0,4550.0,USD,,,,,2026-05-24
해상,Busan,북미,Los Angeles,2024,02,4500.0,5800.0,USD,,,,,2026-05-24
해상,Busan,북미,Los Angeles,2024,01,4000.0,5000.0,USD,,,,,2026-05-24
해상,Busan,북미,Los Angeles,2023,12,1600.0,2000.0,USD,,,,,2026-05-24
해상,Busan,북미,Los Angeles,2023,11,1650.0,2050.0,USD,,,,,2026-05-24
해상,Busan,북미,Los Angeles,2023,10,1350.0,1700.0,USD,,,,,2026-05-24
해상,Busan,북미,Los Angeles,2023,09,1400.0,1850.0,USD,,,,,2026-05-24
해상,Busan,북미,Los Angeles,2023,08,1700.0,2200.0,USD,,,,,2026-05-24
해상,Busan,북미,Los Angeles,2023,07,1150.0,1600.0,USD,,,,,2026-05-24
해상,Busan,북미,Los Angeles,2023,06,850.0,1200.0,USD,,,,,2026-05-24
해상,Busan,북미,Los Angeles,2023,05,1000.0,1300.0,USD,,,,,2026-05-24
해상,Busan,북미,Los Angeles,2023,04,950.0,1200.0,USD,,,,,2026-05-24
해상,Busan,북미,Los Angeles,2023,03,1000.0,1325.0,USD,,,,,2026-05-24
해상,Busan,북미,Los Angeles,2023,02,1120.0,1400.0,USD,,,,,2026-05-24
해상,Busan,북미,Los Angeles,2023,01,1120.0,1400.0,USD,,,,,2026-05-24
해상,Busan,북미,Los Angeles,2022,12,1200.0,1500.0,USD,,,,,2026-05-24
해상,Busan,북미,Los Angeles,2022,11,1215.0,1700.0,USD,,,,,2026-05-24
해상,Busan,북미,Los Angeles,2022,10,1860.0,2300.0,USD,,,,,2026-05-24
해상,Busan,북미,Los Angeles,2022,09,2720.0,3400.0,USD,,,,,2026-05-24
해상,Busan,북미,Los Angeles,2022,08,5200.0,6500.0,USD,,,,,2026-05-24
해상,Busan,북미,Los Angeles,2022,07,6400.0,8000.0,USD,,,,,2026-05-24
해상,Busan,북미,Los Angeles,2022,06,8400.0,10500.0,USD,,,,,2026-05-24
해상,Busan,북미,Los Angeles,2022,05,8800.0,11000.0,USD,,,,,2026-05-24
해상,Busan,북미,Los Angeles,2022,04,13800.0,15000.0,USD,,,,,2026-05-24
해상,Busan,북미,Los Angeles,2022,03,13800.0,15000.0,USD,,,,,2026-05-24
해상,Busan,북미,Los Angeles,2022,02,13800.0,15400.0,USD,,,,,2026-05-24
해상,Busan,북미,Los Angeles,2022,01,13800.0,15000.0,USD,,,,,2026-05-24
해상,Busan,북미,Los Angeles,2021,12,13000.0,14000.0,USD,,,,,2026-05-24
해상,Busan,북미,Los Angeles,2021,11,7900.0,9200.0,USD,,,,,2026-05-24
해상,Busan,북미,Los Angeles,2021,10,7900.0,9200.0,USD,,,,,2026-05-24
해상,Busan,북미,Los Angeles,2021,09,7900.0,9200.0,USD,,,,,2026-05-24
해상,Busan,북미,Los Angeles,2021,08,7500.0,8700.0,USD,,,,,2026-05-24
해상,Busan,북미,Los Angeles,2021,07,0.0,0.0,USD,,,,,2026-05-24
해상,Busan,북미,Los Angeles,2021,06,0.0,0.0,USD,,,,,2026-05-24
해상,Busan,북미,Los Angeles,2021,05,0.0,0.0,USD,,,,,2026-05-24
해상,Busan,북미,Los Angeles,2021,04,3440.0,4300.0,USD,,,,,2026-05-24
해상,Busan,북미,Los Angeles,2021,03,3440.0,4300.0,USD,,,,,2026-05-24
해상,Busan,북미,Los Angeles,2021,02,3440.0,4300.0,USD,,,,,2026-05-24
해상,Busan,북미,Los Angeles,2021,01,3440.0,4300.0,USD,,,,,2026-05-24
해상,Busan,북미,Los Angeles,2020,12,3200.0,4000.0,USD,,,,,2026-05-24
해상,Busan,북미,Los Angeles,2020,11,3160.0,3950.0,USD,,,,,2026-05-24
해상,Busan,북미,Los Angeles,2020,10,3210.0,4012.0,USD,,,,,2026-05-24
해상,Busan,북미,Los Angeles,2020,09,3286.0,4116.0,USD,,,,,2026-05-24
해상,Busan,북미,Los Angeles,2020,08,2880.0,3600.0,USD,,,,,2026-05-24
해상,Busan,북미,Los Angeles,2020,07,2240.0,2800.0,USD,,,,,2026-05-24
해상,Busan,북미,Los Angeles,2020,06,1900.0,2300.0,USD,,,,,2026-05-24
해상,Busan,북미,Los Angeles,2020,05,1360.0,1700.0,USD,,,,,2026-05-24
해상,Busan,북미,Los Angeles,2020,04,1320.0,1650.0,USD,,,,,2026-05-24
해상,Busan,북미,Los Angeles,2020,03,1320.0,1650.0,USD,,,,,2026-05-24
해상,Busan,북미,Los Angeles,2020,02,1280.0,1600.0,USD,,,,,2026-05-24
해상,Busan,북미,Los Angeles,2020,01,1280.0,1600.0,USD,,,,,2026-05-24
해상,Busan,북미,Los Angeles,2019,12,1280.0,1600.0,USD,,,,,2026-05-24
해상,Busan,북미,Los Angeles,2019,11,1360.0,1700.0,USD,,,,,2026-05-24
해상,Busan,북미,Los Angeles,2019,10,1200.0,1450.0,USD,,,,,2026-05-24
해상,Busan,북미,Los Angeles,2019,09,1320.0,1650.0,USD,,,,,2026-05-24
해상,Busan,북미,Los Angeles,2019,08,1360.0,1700.0,USD,,,,,2026-05-24
해상,Busan,북미,Los Angeles,2019,07,1320.0,1650.0,USD,,,,,2026-05-24
해상,Busan,북미,Los Angeles,2019,06,1200.0,1500.0,USD,,,,,2026-05-24
해상,Busan,북미,Los Angeles,2019,05,1440.0,1800.0,USD,,,,,2026-05-24
해상,Busan,북미,Los Angeles,2019,04,1280.0,1600.0,USD,,,,,2026-05-24
해상,Busan,북미,Los Angeles,2019,03,1280.0,1600.0,USD,,,,,2026-05-24
해상,Busan,북미,Los Angeles,2019,02,1680.0,2100.0,USD,,,,,2026-05-24
해상,Busan,북미,Los Angeles,2019,01,1760.0,2200.0,USD,,,,,2026-05-24
해상,Busan,북미,Los Angeles,2018,12,1760.0,2200.0,USD,,,,,2026-05-24
해상,Busan,북미,Los Angeles,2018,11,2160.0,2700.0,USD,,,,,2026-05-24
해상,Busan,북미,Los Angeles,2018,10,1880.0,2350.0,USD,,,,,2026-05-24
해상,Busan,북미,Los Angeles,2018,09,1960.0,2450.0,USD,,,,,2026-05-24
해상,Busan,북미,Los Angeles,2018,08,1720.0,2150.0,USD,,,,,2026-05-24
해상,Busan,북미,Los Angeles,2018,07,1320.0,1650.0,USD,,,,,2026-05-24
해상,Busan,북미,Los Angeles,2018,06,1200.0,1500.0,USD,,,,,2026-05-24
해상,Busan,북미,Los Angeles,2018,05,1240.0,1500.0,USD,,,,,2026-05-24
해상,Busan,북미,Los Angeles,2018,04,1120.0,1400.0,USD,,,,,2026-05-24
해상,Busan,북미,Los Angeles,2018,03,1040.0,1300.0,USD,,,,,2026-05-24
해상,Busan,북미,Los Angeles,2018,02,1360.0,1700.0,USD,,,,,2026-05-24
해상,Busan,북미,Los Angeles,2018,01,1600.0,2000.0,USD,,,,,2026-05-24
해상,Busan,북미,Oakland,2026,05,2400.0,2900.0,USD,,,,,2026-05-24
해상,Busan,북미,Oakland,2026,04,2900.0,3100.0,USD,,,,,2026-05-24
해상,Busan,북미,Oakland,2026,03,2300.0,2860.0,USD,,,,,2026-05-24
해상,Busan,북미,Oakland,2026,02,1650.0,1850.0,USD,,,,,2026-05-24
해상,Busan,북미,Oakland,2026,01,2500.0,3100.0,USD,,,,,2026-05-24
해상,Busan,북미,Oakland,2025,12,1600.0,2000.0,USD,,,,,2026-05-24
해상,Busan,북미,Oakland,2025,11,2300.0,3300.0,USD,,,,,2026-05-24
해상,Busan,북미,Oakland,2025,10,1300.0,1600.0,USD,,,,,2026-05-24
해상,Busan,북미,Oakland,2025,09,2000.0,2400.0,USD,,,,,2026-05-24
해상,Busan,북미,Oakland,2025,08,1600.0,1900.0,USD,,,,,2026-05-24
해상,Busan,북미,Oakland,2025,07,2200.0,2700.0,USD,,,,,2026-05-24
해상,Busan,북미,Oakland,2025,06,5200.0,6500.0,USD,,,,,2026-05-24
해상,Busan,북미,Oakland,2025,05,1800.0,2200.0,USD,,,,,2026-05-24
해상,Busan,북미,Oakland,2025,04,2200.0,2800.0,USD,,,,,2026-05-24
해상,Busan,북미,Oakland,2025,03,2350.0,3300.0,USD,,,,,2026-05-24
해상,Busan,북미,Oakland,2025,01,3700.0,4600.0,USD,,,,,2026-05-24
해상,Busan,북미,Oakland,2024,12,3800.0,4700.0,USD,,,,,2026-05-24
해상,Busan,북미,Oakland,2024,11,2800.0,3500.0,USD,,,,,2026-05-24
해상,Busan,북미,Oakland,2024,10,4200.0,5200.0,USD,,,,,2026-05-24
해상,Busan,북미,Oakland,2024,09,4400.0,5450.0,USD,,,,,2026-05-24
해상,Busan,북미,Oakland,2024,08,6000.0,7450.0,USD,,,,,2026-05-24
해상,Busan,북미,Oakland,2024,07,6500.0,7850.0,USD,,,,,2026-05-24
해상,Busan,북미,Oakland,2024,06,6750.0,7500.0,USD,,,,,2026-05-24
해상,Busan,북미,Oakland,2024,05,5050.0,6500.0,USD,,,,,2026-05-24
해상,Busan,북미,Oakland,2024,04,2862.0,3450.0,USD,,,,,2026-05-24
해상,Busan,북미,Oakland,2024,03,3650.0,4550.0,USD,,,,,2026-05-24
해상,Busan,북미,Oakland,2024,02,4500.0,5800.0,USD,,,,,2026-05-24
해상,Busan,북미,Oakland,2024,01,4000.0,5000.0,USD,,,,,2026-05-24
해상,Busan,북미,Oakland,2023,12,1600.0,2000.0,USD,,,,,2026-05-24
해상,Busan,북미,Oakland,2023,11,1650.0,2050.0,USD,,,,,2026-05-24
해상,Busan,북미,Oakland,2023,10,1350.0,1700.0,USD,,,,,2026-05-24
해상,Busan,북미,Oakland,2023,09,1400.0,1850.0,USD,,,,,2026-05-24
해상,Busan,북미,Oakland,2023,08,1700.0,2200.0,USD,,,,,2026-05-24
해상,Busan,북미,Oakland,2023,07,1150.0,1600.0,USD,,,,,2026-05-24
해상,Busan,북미,Oakland,2023,06,850.0,1200.0,USD,,,,,2026-05-24
해상,Busan,북미,Oakland,2023,05,1000.0,1300.0,USD,,,,,2026-05-24
해상,Busan,북미,Oakland,2023,04,1000.0,1200.0,USD,,,,,2026-05-24
해상,Busan,북미,Oakland,2023,03,1100.0,1325.0,USD,,,,,2026-05-24
해상,Busan,북미,Oakland,2023,02,1120.0,1400.0,USD,,,,,2026-05-24
해상,Busan,북미,Oakland,2023,01,1120.0,1400.0,USD,,,,,2026-05-24
해상,Busan,북미,Oakland,2022,12,1200.0,1500.0,USD,,,,,2026-05-24
해상,Busan,북미,Oakland,2022,11,1215.0,1700.0,USD,,,,,2026-05-24
해상,Busan,북미,Oakland,2022,10,1860.0,2300.0,USD,,,,,2026-05-24
해상,Busan,북미,Oakland,2022,09,2720.0,3400.0,USD,,,,,2026-05-24
해상,Busan,북미,Oakland,2022,08,5200.0,6500.0,USD,,,,,2026-05-24
해상,Busan,북미,Oakland,2022,07,6400.0,8000.0,USD,,,,,2026-05-24
해상,Busan,북미,Oakland,2022,06,8400.0,10500.0,USD,,,,,2026-05-24
해상,Busan,북미,Oakland,2022,05,8800.0,11000.0,USD,,,,,2026-05-24
해상,Busan,북미,Oakland,2022,04,13800.0,15000.0,USD,,,,,2026-05-24
해상,Busan,북미,Oakland,2022,03,13800.0,15000.0,USD,,,,,2026-05-24
해상,Busan,북미,Oakland,2022,02,13800.0,15400.0,USD,,,,,2026-05-24
해상,Busan,북미,Oakland,2022,01,13800.0,15000.0,USD,,,,,2026-05-24
해상,Busan,북미,Oakland,2021,12,13000.0,14000.0,USD,,,,,2026-05-24
해상,Busan,북미,Oakland,2021,11,7900.0,9200.0,USD,,,,,2026-05-24
해상,Busan,북미,Oakland,2021,10,7900.0,9200.0,USD,,,,,2026-05-24
해상,Busan,북미,Oakland,2021,09,7900.0,9200.0,USD,,,,,2026-05-24
해상,Busan,북미,Oakland,2021,08,7500.0,8700.0,USD,,,,,2026-05-24
해상,Busan,북미,Oakland,2021,07,0.0,0.0,USD,,,,,2026-05-24
해상,Busan,북미,Oakland,2021,06,0.0,0.0,USD,,,,,2026-05-24
해상,Busan,북미,Oakland,2021,05,0.0,0.0,USD,,,,,2026-05-24
해상,Busan,북미,Oakland,2021,04,3440.0,4300.0,USD,,,,,2026-05-24
해상,Busan,북미,Oakland,2021,03,3440.0,4300.0,USD,,,,,2026-05-24
해상,Busan,북미,Oakland,2021,02,3440.0,4300.0,USD,,,,,2026-05-24
해상,Busan,북미,Oakland,2021,01,3440.0,4300.0,USD,,,,,2026-05-24
해상,Busan,북미,Oakland,2020,12,3200.0,4000.0,USD,,,,,2026-05-24
해상,Busan,북미,Oakland,2020,11,3160.0,3950.0,USD,,,,,2026-05-24
해상,Busan,북미,Oakland,2020,10,3210.0,4012.0,USD,,,,,2026-05-24
해상,Busan,북미,Oakland,2020,09,3213.0,4025.0,USD,,,,,2026-05-24
해상,Busan,북미,Oakland,2020,08,3200.0,3600.0,USD,,,,,2026-05-24
해상,Busan,북미,Oakland,2020,07,2440.0,2800.0,USD,,,,,2026-05-24
해상,Busan,북미,Oakland,2020,06,1800.0,2250.0,USD,,,,,2026-05-24
해상,Busan,북미,Oakland,2020,05,1360.0,1700.0,USD,,,,,2026-05-24
해상,Busan,북미,Oakland,2020,04,1320.0,1650.0,USD,,,,,2026-05-24
해상,Busan,북미,Oakland,2020,03,1320.0,1650.0,USD,,,,,2026-05-24
해상,Busan,북미,Oakland,2020,02,1280.0,1600.0,USD,,,,,2026-05-24
해상,Busan,북미,Oakland,2020,01,1280.0,1600.0,USD,,,,,2026-05-24
해상,Busan,북미,Oakland,2019,12,1280.0,1600.0,USD,,,,,2026-05-24
해상,Busan,북미,Oakland,2019,11,1360.0,1700.0,USD,,,,,2026-05-24
해상,Busan,북미,Oakland,2019,10,1200.0,1450.0,USD,,,,,2026-05-24
해상,Busan,북미,Oakland,2019,09,1320.0,1650.0,USD,,,,,2026-05-24
해상,Busan,북미,Oakland,2019,08,1360.0,1700.0,USD,,,,,2026-05-24
해상,Busan,북미,Oakland,2019,07,1320.0,1650.0,USD,,,,,2026-05-24
해상,Busan,북미,Oakland,2019,06,1200.0,1500.0,USD,,,,,2026-05-24
해상,Busan,북미,Oakland,2019,05,1440.0,1800.0,USD,,,,,2026-05-24
해상,Busan,북미,Oakland,2019,04,1280.0,1600.0,USD,,,,,2026-05-24
해상,Busan,북미,Oakland,2019,03,1280.0,1600.0,USD,,,,,2026-05-24
해상,Busan,북미,Oakland,2019,02,1680.0,2100.0,USD,,,,,2026-05-24
해상,Busan,북미,Oakland,2019,01,1760.0,2200.0,USD,,,,,2026-05-24
해상,Busan,북미,Oakland,2018,12,1760.0,2200.0,USD,,,,,2026-05-24
해상,Busan,북미,Oakland,2018,11,2160.0,2700.0,USD,,,,,2026-05-24
해상,Busan,북미,Oakland,2018,10,1880.0,2350.0,USD,,,,,2026-05-24
해상,Busan,북미,Oakland,2018,09,1960.0,2450.0,USD,,,,,2026-05-24
해상,Busan,북미,Oakland,2018,08,1720.0,2150.0,USD,,,,,2026-05-24
해상,Busan,북미,Oakland,2018,07,1320.0,1650.0,USD,,,,,2026-05-24
해상,Busan,북미,Oakland,2018,06,1200.0,1500.0,USD,,,,,2026-05-24
해상,Busan,북미,Oakland,2018,05,1240.0,1500.0,USD,,,,,2026-05-24
해상,Busan,북미,Oakland,2018,04,1120.0,1400.0,USD,,,,,2026-05-24
해상,Busan,북미,Oakland,2018,03,1040.0,1300.0,USD,,,,,2026-05-24
해상,Busan,북미,Oakland,2018,02,1360.0,1700.0,USD,,,,,2026-05-24
해상,Busan,북미,Oakland,2018,01,1600.0,2000.0,USD,,,,,2026-05-24
해상,Busan,북미,Seattle,2026,05,2400.0,2900.0,USD,,,,,2026-05-24
해상,Busan,북미,Seattle,2026,04,2900.0,3100.0,USD,,,,,2026-05-24
해상,Busan,북미,Seattle,2026,03,2300.0,2860.0,USD,,,,,2026-05-24
해상,Busan,북미,Seattle,2026,02,1500.0,1850.0,USD,,,,,2026-05-24
해상,Busan,북미,Seattle,2026,01,2500.0,3100.0,USD,,,,,2026-05-24
해상,Busan,북미,Seattle,2025,12,1600.0,2000.0,USD,,,,,2026-05-24
해상,Busan,북미,Seattle,2025,11,2300.0,3300.0,USD,,,,,2026-05-24
해상,Busan,북미,Seattle,2025,10,1300.0,1600.0,USD,,,,,2026-05-24
해상,Busan,북미,Seattle,2025,09,2000.0,2400.0,USD,,,,,2026-05-24
해상,Busan,북미,Seattle,2025,08,1600.0,1900.0,USD,,,,,2026-05-24
해상,Busan,북미,Seattle,2025,07,2200.0,2700.0,USD,,,,,2026-05-24
해상,Busan,북미,Seattle,2025,06,5200.0,6500.0,USD,,,,,2026-05-24
해상,Busan,북미,Seattle,2025,05,1800.0,2200.0,USD,,,,,2026-05-24
해상,Busan,북미,Seattle,2025,04,2200.0,2800.0,USD,,,,,2026-05-24
해상,Busan,북미,Seattle,2025,03,2350.0,3300.0,USD,,,,,2026-05-24
해상,Busan,북미,Seattle,2025,01,3700.0,4600.0,USD,,,,,2026-05-24
해상,Busan,북미,Seattle,2024,12,3800.0,4700.0,USD,,,,,2026-05-24
해상,Busan,북미,Seattle,2024,11,2800.0,3500.0,USD,,,,,2026-05-24
해상,Busan,북미,Seattle,2024,10,4200.0,5200.0,USD,,,,,2026-05-24
해상,Busan,북미,Seattle,2024,09,4650.0,5750.0,USD,,,,,2026-05-24
해상,Busan,북미,Seattle,2024,08,6000.0,7450.0,USD,,,,,2026-05-24
해상,Busan,북미,Seattle,2024,07,6500.0,7850.0,USD,,,,,2026-05-24
해상,Busan,북미,Seattle,2024,06,6750.0,7500.0,USD,,,,,2026-05-24
해상,Busan,북미,Seattle,2024,05,5000.0,6400.0,USD,,,,,2026-05-24
해상,Busan,북미,Seattle,2024,04,2862.0,3450.0,USD,,,,,2026-05-24
해상,Busan,북미,Seattle,2024,03,3650.0,4550.0,USD,,,,,2026-05-24
해상,Busan,북미,Seattle,2024,02,4500.0,5800.0,USD,,,,,2026-05-24
해상,Busan,북미,Seattle,2024,01,4000.0,5000.0,USD,,,,,2026-05-24
해상,Busan,북미,Seattle,2023,12,1600.0,2000.0,USD,,,,,2026-05-24
해상,Busan,북미,Seattle,2023,11,1650.0,2050.0,USD,,,,,2026-05-24
해상,Busan,북미,Seattle,2023,10,1350.0,1700.0,USD,,,,,2026-05-24
해상,Busan,북미,Seattle,2023,09,1400.0,1850.0,USD,,,,,2026-05-24
해상,Busan,북미,Seattle,2023,08,1700.0,2200.0,USD,,,,,2026-05-24
해상,Busan,북미,Seattle,2023,07,1150.0,1600.0,USD,,,,,2026-05-24
해상,Busan,북미,Seattle,2023,06,850.0,1200.0,USD,,,,,2026-05-24
해상,Busan,북미,Seattle,2023,05,1000.0,1300.0,USD,,,,,2026-05-24
해상,Busan,북미,Seattle,2023,04,950.0,1200.0,USD,,,,,2026-05-24
해상,Busan,북미,Seattle,2023,03,1100.0,1350.0,USD,,,,,2026-05-24
해상,Busan,북미,Seattle,2023,02,1120.0,1400.0,USD,,,,,2026-05-24
해상,Busan,북미,Seattle,2023,01,1120.0,1400.0,USD,,,,,2026-05-24
해상,Busan,북미,Seattle,2022,12,1200.0,1500.0,USD,,,,,2026-05-24
해상,Busan,북미,Seattle,2022,11,1215.0,1700.0,USD,,,,,2026-05-24
해상,Busan,북미,Seattle,2022,10,1860.0,2300.0,USD,,,,,2026-05-24
해상,Busan,북미,Seattle,2022,09,2720.0,3400.0,USD,,,,,2026-05-24
해상,Busan,북미,Seattle,2022,08,5200.0,6500.0,USD,,,,,2026-05-24
해상,Busan,북미,Seattle,2022,07,6400.0,8000.0,USD,,,,,2026-05-24
해상,Busan,북미,Seattle,2022,06,8400.0,10500.0,USD,,,,,2026-05-24
해상,Busan,북미,Seattle,2022,05,8800.0,11000.0,USD,,,,,2026-05-24
해상,Busan,북미,Seattle,2022,04,13800.0,15000.0,USD,,,,,2026-05-24
해상,Busan,북미,Seattle,2022,03,13800.0,15000.0,USD,,,,,2026-05-24
해상,Busan,북미,Seattle,2022,02,13800.0,15163.0,USD,,,,,2026-05-24
해상,Busan,북미,Seattle,2022,01,13800.0,15000.0,USD,,,,,2026-05-24
해상,Busan,북미,Seattle,2021,12,13000.0,14000.0,USD,,,,,2026-05-24
해상,Busan,북미,Seattle,2021,11,7900.0,9700.0,USD,,,,,2026-05-24
해상,Busan,북미,Seattle,2021,10,7900.0,9700.0,USD,,,,,2026-05-24
해상,Busan,북미,Seattle,2021,09,7900.0,9700.0,USD,,,,,2026-05-24
해상,Busan,북미,Seattle,2021,08,7500.0,9200.0,USD,,,,,2026-05-24
해상,Busan,북미,Seattle,2021,07,0.0,0.0,USD,,,,,2026-05-24
해상,Busan,북미,Seattle,2021,06,0.0,0.0,USD,,,,,2026-05-24
해상,Busan,북미,Seattle,2021,05,0.0,0.0,USD,,,,,2026-05-24
해상,Busan,북미,Seattle,2021,04,3440.0,4300.0,USD,,,,,2026-05-24
해상,Busan,북미,Seattle,2021,03,3440.0,4300.0,USD,,,,,2026-05-24
해상,Busan,북미,Seattle,2021,02,3440.0,4300.0,USD,,,,,2026-05-24
해상,Busan,북미,Seattle,2021,01,3440.0,4300.0,USD,,,,,2026-05-24
해상,Busan,북미,Seattle,2020,12,3200.0,4000.0,USD,,,,,2026-05-24
해상,Busan,북미,Seattle,2020,11,3200.0,4000.0,USD,,,,,2026-05-24
해상,Busan,북미,Seattle,2020,10,3210.0,4012.0,USD,,,,,2026-05-24
해상,Busan,북미,Seattle,2020,09,3213.0,4025.0,USD,,,,,2026-05-24
해상,Busan,북미,Seattle,2020,08,2880.0,3600.0,USD,,,,,2026-05-24
해상,Busan,북미,Seattle,2020,07,2440.0,2800.0,USD,,,,,2026-05-24
해상,Busan,북미,Seattle,2020,06,1800.0,2250.0,USD,,,,,2026-05-24
해상,Busan,북미,Seattle,2020,05,1360.0,1700.0,USD,,,,,2026-05-24
해상,Busan,북미,Seattle,2020,04,1320.0,1650.0,USD,,,,,2026-05-24
해상,Busan,북미,Seattle,2020,03,1320.0,1650.0,USD,,,,,2026-05-24
해상,Busan,북미,Seattle,2020,02,1280.0,1600.0,USD,,,,,2026-05-24
해상,Busan,북미,Seattle,2020,01,1280.0,1600.0,USD,,,,,2026-05-24
해상,Busan,북미,Seattle,2019,12,1280.0,1600.0,USD,,,,,2026-05-24
해상,Busan,북미,Seattle,2019,11,1360.0,1700.0,USD,,,,,2026-05-24
해상,Busan,북미,Seattle,2019,10,1200.0,1450.0,USD,,,,,2026-05-24
해상,Busan,북미,Seattle,2019,09,1320.0,1650.0,USD,,,,,2026-05-24
해상,Busan,북미,Seattle,2019,08,1360.0,1700.0,USD,,,,,2026-05-24
해상,Busan,북미,Seattle,2019,07,1320.0,1650.0,USD,,,,,2026-05-24
해상,Busan,북미,Seattle,2019,06,1200.0,1500.0,USD,,,,,2026-05-24
해상,Busan,북미,Seattle,2019,05,1440.0,1800.0,USD,,,,,2026-05-24
해상,Busan,북미,Seattle,2019,04,1280.0,1600.0,USD,,,,,2026-05-24
해상,Busan,북미,Seattle,2019,03,1280.0,1600.0,USD,,,,,2026-05-24
해상,Busan,북미,Seattle,2019,02,1680.0,2100.0,USD,,,,,2026-05-24
해상,Busan,북미,Seattle,2019,01,1760.0,2200.0,USD,,,,,2026-05-24
해상,Busan,북미,Seattle,2018,12,1760.0,2200.0,USD,,,,,2026-05-24
해상,Busan,북미,Seattle,2018,11,2160.0,2700.0,USD,,,,,2026-05-24
해상,Busan,북미,Seattle,2018,10,1880.0,2350.0,USD,,,,,2026-05-24
해상,Busan,북미,Seattle,2018,09,1960.0,2450.0,USD,,,,,2026-05-24
해상,Busan,북미,Seattle,2018,08,1720.0,2150.0,USD,,,,,2026-05-24
해상,Busan,북미,Seattle,2018,07,1320.0,1650.0,USD,,,,,2026-05-24
해상,Busan,북미,Seattle,2018,06,1200.0,1500.0,USD,,,,,2026-05-24
해상,Busan,북미,Seattle,2018,05,1240.0,1500.0,USD,,,,,2026-05-24
해상,Busan,북미,Seattle,2018,04,1120.0,1400.0,USD,,,,,2026-05-24
해상,Busan,북미,Seattle,2018,03,1040.0,1300.0,USD,,,,,2026-05-24
해상,Busan,북미,Seattle,2018,02,1360.0,1700.0,USD,,,,,2026-05-24
해상,Busan,북미,Seattle,2018,01,1600.0,2000.0,USD,,,,,2026-05-24
해상,Busan,북미,Chicago,2026,05,4300.0,5100.0,USD,,,,,2026-05-24
해상,Busan,북미,Chicago,2026,04,4400.0,5300.0,USD,,,,,2026-05-24
해상,Busan,북미,Chicago,2026,03,4200.0,5250.0,USD,,,,,2026-05-24
해상,Busan,북미,Chicago,2026,02,3700.0,4200.0,USD,,,,,2026-05-24
해상,Busan,북미,Chicago,2026,01,4500.0,5300.0,USD,,,,,2026-05-24
해상,Busan,북미,Chicago,2025,12,3900.0,4300.0,USD,,,,,2026-05-24
해상,Busan,북미,Chicago,2025,11,4500.0,5600.0,USD,,,,,2026-05-24
해상,Busan,북미,Chicago,2025,10,3300.0,3900.0,USD,,,,,2026-05-24
해상,Busan,북미,Chicago,2025,09,3900.0,4800.0,USD,,,,,2026-05-24
해상,Busan,북미,Chicago,2025,08,3700.0,4300.0,USD,,,,,2026-05-24
해상,Busan,북미,Chicago,2025,07,4900.0,5800.0,USD,,,,,2026-05-24
해상,Busan,북미,Chicago,2025,06,7200.0,8600.0,USD,,,,,2026-05-24
해상,Busan,북미,Chicago,2025,05,4200.0,4500.0,USD,,,,,2026-05-24
해상,Busan,북미,Chicago,2025,04,4800.0,5300.0,USD,,,,,2026-05-24
해상,Busan,북미,Chicago,2025,03,4800.0,6200.0,USD,,,,,2026-05-24
해상,Busan,북미,Chicago,2025,01,6000.0,7300.0,USD,,,,,2026-05-24
해상,Busan,북미,Chicago,2024,12,6600.0,7300.0,USD,,,,,2026-05-24
해상,Busan,북미,Chicago,2024,11,5850.0,6500.0,USD,,,,,2026-05-24
해상,Busan,북미,Chicago,2024,10,6700.0,8100.0,USD,,,,,2026-05-24
해상,Busan,북미,Chicago,2024,09,6975.0,9000.0,USD,,,,,2026-05-24
해상,Busan,북미,Chicago,2024,08,8650.0,10150.0,USD,,,,,2026-05-24
해상,Busan,북미,Chicago,2024,07,8980.0,9950.0,USD,,,,,2026-05-24
해상,Busan,북미,Chicago,2024,06,7000.0,8300.0,USD,,,,,2026-05-24
해상,Busan,북미,Chicago,2024,05,6800.0,8100.0,USD,,,,,2026-05-24
해상,Busan,북미,Chicago,2024,04,4280.0,5270.0,USD,,,,,2026-05-24
해상,Busan,북미,Chicago,2024,03,4910.0,6000.0,USD,,,,,2026-05-24
해상,Busan,북미,Chicago,2024,02,6500.0,7000.0,USD,,,,,2026-05-24
해상,Busan,북미,Chicago,2024,01,6400.0,8000.0,USD,,,,,2026-05-24
해상,Busan,북미,Chicago,2023,12,3700.0,4300.0,USD,,,,,2026-05-24
해상,Busan,북미,Chicago,2023,11,3400.0,3950.0,USD,,,,,2026-05-24
해상,Busan,북미,Chicago,2023,10,2700.0,3400.0,USD,,,,,2026-05-24
해상,Busan,북미,Chicago,2023,09,3510.0,3900.0,USD,,,,,2026-05-24
해상,Busan,북미,Chicago,2023,08,3800.0,4300.0,USD,,,,,2026-05-24
해상,Busan,북미,Chicago,2023,07,3210.0,3800.0,USD,,,,,2026-05-24
해상,Busan,북미,Chicago,2023,06,3168.0,3600.0,USD,,,,,2026-05-24
해상,Busan,북미,Chicago,2023,05,3300.0,3850.0,USD,,,,,2026-05-24
해상,Busan,북미,Chicago,2023,04,3200.0,3650.0,USD,,,,,2026-05-24
해상,Busan,북미,Chicago,2023,03,3470.0,3850.0,USD,,,,,2026-05-24
해상,Busan,북미,Chicago,2023,02,3400.0,3950.0,USD,,,,,2026-05-24
해상,Busan,북미,Chicago,2023,01,3830.0,4250.0,USD,,,,,2026-05-24
해상,Busan,북미,Chicago,2022,12,4250.0,4800.0,USD,,,,,2026-05-24
해상,Busan,북미,Chicago,2022,11,4400.0,5200.0,USD,,,,,2026-05-24
해상,Busan,북미,Chicago,2022,10,5850.0,6700.0,USD,,,,,2026-05-24
해상,Busan,북미,Chicago,2022,09,8550.0,9500.0,USD,,,,,2026-05-24
해상,Busan,북미,Chicago,2022,08,10620.0,11800.0,USD,,,,,2026-05-24
해상,Busan,북미,Chicago,2022,07,12600.0,14000.0,USD,,,,,2026-05-24
해상,Busan,북미,Chicago,2022,06,14400.0,16000.0,USD,,,,,2026-05-24
해상,Busan,북미,Chicago,2022,05,14850.0,16500.0,USD,,,,,2026-05-24
해상,Busan,북미,Chicago,2022,04,16700.0,19000.0,USD,,,,,2026-05-24
해상,Busan,북미,Chicago,2022,03,16700.0,19000.0,USD,,,,,2026-05-24
해상,Busan,북미,Chicago,2022,02,16725.0,20050.0,USD,,,,,2026-05-24
해상,Busan,북미,Chicago,2022,01,15800.0,18000.0,USD,,,,,2026-05-24
해상,Busan,북미,Chicago,2021,12,15000.0,17000.0,USD,,,,,2026-05-24
해상,Busan,북미,Chicago,2021,11,13610.0,16024.0,USD,,,,,2026-05-24
해상,Busan,북미,Chicago,2021,10,13610.0,16024.0,USD,,,,,2026-05-24
해상,Busan,북미,Chicago,2021,09,13610.0,16024.0,USD,,,,,2026-05-24
해상,Busan,북미,Chicago,2021,08,9360.0,11052.0,USD,,,,,2026-05-24
해상,Busan,북미,Chicago,2021,07,0.0,0.0,USD,,,,,2026-05-24
해상,Busan,북미,Chicago,2021,06,0.0,0.0,USD,,,,,2026-05-24
해상,Busan,북미,Chicago,2021,05,0.0,0.0,USD,,,,,2026-05-24
해상,Busan,북미,Chicago,2021,04,5520.0,6150.0,USD,,,,,2026-05-24
해상,Busan,북미,Chicago,2021,03,5520.0,6150.0,USD,,,,,2026-05-24
해상,Busan,북미,Chicago,2021,02,5520.0,6150.0,USD,,,,,2026-05-24
해상,Busan,북미,Chicago,2021,01,5520.0,6150.0,USD,,,,,2026-05-24
해상,Busan,북미,Chicago,2020,12,5520.0,6150.0,USD,,,,,2026-05-24
해상,Busan,북미,Chicago,2020,11,5245.0,5850.0,USD,,,,,2026-05-24
해상,Busan,북미,Chicago,2020,10,5110.0,5837.0,USD,,,,,2026-05-24
해상,Busan,북미,Chicago,2020,09,5190.0,5990.0,USD,,,,,2026-05-24
해상,Busan,북미,Chicago,2020,08,5130.0,5700.0,USD,,,,,2026-05-24
해상,Busan,북미,Chicago,2020,07,4300.0,4900.0,USD,,,,,2026-05-24
해상,Busan,북미,Chicago,2020,06,3920.0,4350.0,USD,,,,,2026-05-24
해상,Busan,북미,Chicago,2020,05,3420.0,3800.0,USD,,,,,2026-05-24
해상,Busan,북미,Chicago,2020,04,3190.0,3750.0,USD,,,,,2026-05-24
해상,Busan,북미,Chicago,2020,03,3260.0,3750.0,USD,,,,,2026-05-24
해상,Busan,북미,Chicago,2020,02,3420.0,3800.0,USD,,,,,2026-05-24
해상,Busan,북미,Chicago,2020,01,3420.0,3800.0,USD,,,,,2026-05-24
해상,Busan,북미,Chicago,2019,12,3420.0,3800.0,USD,,,,,2026-05-24
해상,Busan,북미,Chicago,2019,11,3230.0,3800.0,USD,,,,,2026-05-24
해상,Busan,북미,Chicago,2019,10,3050.0,3350.0,USD,,,,,2026-05-24
해상,Busan,북미,Chicago,2019,09,3000.0,3350.0,USD,,,,,2026-05-24
해상,Busan,북미,Chicago,2019,08,3420.0,3800.0,USD,,,,,2026-05-24
해상,Busan,북미,Chicago,2019,07,3380.0,3750.0,USD,,,,,2026-05-24
해상,Busan,북미,Chicago,2019,06,3500.0,3600.0,USD,,,,,2026-05-24
해상,Busan,북미,Chicago,2019,05,3420.0,3800.0,USD,,,,,2026-05-24
해상,Busan,북미,Chicago,2019,04,3240.0,3600.0,USD,,,,,2026-05-24
해상,Busan,북미,Chicago,2019,03,3240.0,3600.0,USD,,,,,2026-05-24
해상,Busan,북미,Chicago,2019,02,3690.0,4100.0,USD,,,,,2026-05-24
해상,Busan,북미,Chicago,2019,01,3780.0,4500.0,USD,,,,,2026-05-24
해상,Busan,북미,Chicago,2018,12,3780.0,4200.0,USD,,,,,2026-05-24
해상,Busan,북미,Chicago,2018,11,4230.0,4700.0,USD,,,,,2026-05-24
해상,Busan,북미,Chicago,2018,10,3910.0,4350.0,USD,,,,,2026-05-24
해상,Busan,북미,Chicago,2018,09,4000.0,4450.0,USD,,,,,2026-05-24
해상,Busan,북미,Chicago,2018,08,3730.0,4150.0,USD,,,,,2026-05-24
해상,Busan,북미,Chicago,2018,07,3285.0,3650.0,USD,,,,,2026-05-24
해상,Busan,북미,Chicago,2018,06,3150.0,3500.0,USD,,,,,2026-05-24
해상,Busan,북미,Chicago,2018,05,3100.0,3430.0,USD,,,,,2026-05-24
해상,Busan,북미,Chicago,2018,04,3015.0,3350.0,USD,,,,,2026-05-24
해상,Busan,북미,Chicago,2018,03,2925.0,3250.0,USD,,,,,2026-05-24
해상,Busan,북미,Chicago,2018,02,3285.0,3650.0,USD,,,,,2026-05-24
해상,Busan,북미,Chicago,2018,01,3555.0,3950.0,USD,,,,,2026-05-24
해상,Busan,북미,Dallas,2026,05,4300.0,5100.0,USD,,,,,2026-05-24
해상,Busan,북미,Dallas,2026,04,4400.0,5300.0,USD,,,,,2026-05-24
해상,Busan,북미,Dallas,2026,03,4200.0,5250.0,USD,,,,,2026-05-24
해상,Busan,북미,Dallas,2026,02,3700.0,4200.0,USD,,,,,2026-05-24
해상,Busan,북미,Dallas,2026,01,4500.0,5300.0,USD,,,,,2026-05-24
해상,Busan,북미,Dallas,2025,12,3900.0,4300.0,USD,,,,,2026-05-24
해상,Busan,북미,Dallas,2025,11,4500.0,5600.0,USD,,,,,2026-05-24
해상,Busan,북미,Dallas,2025,10,3300.0,3900.0,USD,,,,,2026-05-24
해상,Busan,북미,Dallas,2025,09,3900.0,4800.0,USD,,,,,2026-05-24
해상,Busan,북미,Dallas,2025,08,3700.0,4300.0,USD,,,,,2026-05-24
해상,Busan,북미,Dallas,2025,07,4900.0,5800.0,USD,,,,,2026-05-24
해상,Busan,북미,Dallas,2025,06,7200.0,9000.0,USD,,,,,2026-05-24
해상,Busan,북미,Dallas,2025,05,4200.0,4500.0,USD,,,,,2026-05-24
해상,Busan,북미,Dallas,2025,04,4800.0,5300.0,USD,,,,,2026-05-24
해상,Busan,북미,Dallas,2025,03,5550.0,6200.0,USD,,,,,2026-05-24
해상,Busan,북미,Dallas,2025,01,6000.0,7300.0,USD,,,,,2026-05-24
해상,Busan,북미,Dallas,2024,12,6600.0,7300.0,USD,,,,,2026-05-24
해상,Busan,북미,Dallas,2024,11,5850.0,6500.0,USD,,,,,2026-05-24
해상,Busan,북미,Dallas,2024,10,6700.0,8100.0,USD,,,,,2026-05-24
해상,Busan,북미,Dallas,2024,09,6975.0,9000.0,USD,,,,,2026-05-24
해상,Busan,북미,Dallas,2024,08,0.0,0.0,USD,,,,,2026-05-24
해상,Busan,북미,Dallas,2024,07,0.0,0.0,USD,,,,,2026-05-24
해상,Busan,북미,Dallas,2024,06,7910.0,9270.0,USD,,,,,2026-05-24
해상,Busan,북미,Dallas,2024,05,7300.0,8200.0,USD,,,,,2026-05-24
해상,Busan,북미,Dallas,2024,04,5350.0,6920.0,USD,,,,,2026-05-24
해상,Busan,북미,Dallas,2024,03,5010.0,6250.0,USD,,,,,2026-05-24
해상,Busan,북미,Dallas,2024,02,6500.0,7000.0,USD,,,,,2026-05-24
해상,Busan,북미,Dallas,2024,01,6400.0,8000.0,USD,,,,,2026-05-24
해상,Busan,북미,Dallas,2023,12,3600.0,4200.0,USD,,,,,2026-05-24
해상,Busan,북미,Dallas,2023,11,3230.0,4000.0,USD,,,,,2026-05-24
해상,Busan,북미,Dallas,2023,10,3200.0,4000.0,USD,,,,,2026-05-24
해상,Busan,북미,Dallas,2023,09,3690.0,4100.0,USD,,,,,2026-05-24
해상,Busan,북미,Dallas,2023,08,3800.0,4300.0,USD,,,,,2026-05-24
해상,Busan,북미,Dallas,2023,07,3600.0,4000.0,USD,,,,,2026-05-24
해상,Busan,북미,Dallas,2023,06,3200.0,3600.0,USD,,,,,2026-05-24
해상,Busan,북미,Dallas,2023,05,3400.0,3850.0,USD,,,,,2026-05-24
해상,Busan,북미,Dallas,2023,04,3300.0,3700.0,USD,,,,,2026-05-24
해상,Busan,북미,Dallas,2023,03,3380.0,3750.0,USD,,,,,2026-05-24
해상,Busan,북미,Dallas,2023,02,3520.0,4050.0,USD,,,,,2026-05-24
해상,Busan,북미,Dallas,2023,01,3520.0,4050.0,USD,,,,,2026-05-24
해상,Busan,북미,Dallas,2022,12,3600.0,4350.0,USD,,,,,2026-05-24
해상,Busan,북미,Dallas,2022,11,3650.0,4680.0,USD,,,,,2026-05-24
해상,Busan,북미,Dallas,2022,10,5850.0,6500.0,USD,,,,,2026-05-24
해상,Busan,북미,Dallas,2022,09,8550.0,9500.0,USD,,,,,2026-05-24
해상,Busan,북미,Dallas,2022,08,10980.0,12200.0,USD,,,,,2026-05-24
해상,Busan,북미,Dallas,2022,07,13050.0,14500.0,USD,,,,,2026-05-24
해상,Busan,북미,Dallas,2022,06,14850.0,16500.0,USD,,,,,2026-05-24
해상,Busan,북미,Dallas,2022,05,15300.0,17000.0,USD,,,,,2026-05-24
해상,Busan,북미,Dallas,2022,04,16700.0,19000.0,USD,,,,,2026-05-24
해상,Busan,북미,Dallas,2022,03,15760.0,19000.0,USD,,,,,2026-05-24
해상,Busan,북미,Dallas,2022,02,17240.0,20137.0,USD,,,,,2026-05-24
해상,Busan,북미,Dallas,2022,01,15800.0,18000.0,USD,,,,,2026-05-24
해상,Busan,북미,Dallas,2021,12,15000.0,17000.0,USD,,,,,2026-05-24
해상,Busan,북미,Dallas,2021,11,13500.0,16000.0,USD,,,,,2026-05-24
해상,Busan,북미,Dallas,2021,10,13500.0,16000.0,USD,,,,,2026-05-24
해상,Busan,북미,Dallas,2021,09,13500.0,16000.0,USD,,,,,2026-05-24
해상,Busan,북미,Dallas,2021,08,9575.0,11274.0,USD,,,,,2026-05-24
해상,Busan,북미,Dallas,2021,07,0.0,0.0,USD,,,,,2026-05-24
해상,Busan,북미,Dallas,2021,06,0.0,0.0,USD,,,,,2026-05-24
해상,Busan,북미,Dallas,2021,05,0.0,0.0,USD,,,,,2026-05-24
해상,Busan,북미,Dallas,2021,04,6120.0,6800.0,USD,,,,,2026-05-24
해상,Busan,북미,Dallas,2021,03,6120.0,6800.0,USD,,,,,2026-05-24
해상,Busan,북미,Dallas,2021,02,6000.0,6800.0,USD,,,,,2026-05-24
해상,Busan,북미,Dallas,2021,01,6120.0,6800.0,USD,,,,,2026-05-24
해상,Busan,북미,Dallas,2020,12,5610.0,6250.0,USD,,,,,2026-05-24
해상,Busan,북미,Dallas,2020,11,5335.0,5950.0,USD,,,,,2026-05-24
해상,Busan,북미,Dallas,2020,10,5387.0,6162.0,USD,,,,,2026-05-24
해상,Busan,북미,Dallas,2020,09,5546.0,6340.0,USD,,,,,2026-05-24
해상,Busan,북미,Dallas,2020,08,5220.0,5800.0,USD,,,,,2026-05-24
해상,Busan,북미,Dallas,2020,07,4500.0,5000.0,USD,,,,,2026-05-24
해상,Busan,북미,Dallas,2020,06,4010.0,4500.0,USD,,,,,2026-05-24
해상,Busan,북미,Dallas,2020,05,3510.0,3900.0,USD,,,,,2026-05-24
해상,Busan,북미,Dallas,2020,04,3460.0,3850.0,USD,,,,,2026-05-24
해상,Busan,북미,Dallas,2020,03,3500.0,3960.0,USD,,,,,2026-05-24
해상,Busan,북미,Dallas,2020,02,3600.0,4000.0,USD,,,,,2026-05-24
해상,Busan,북미,Dallas,2020,01,3600.0,4000.0,USD,,,,,2026-05-24
해상,Busan,북미,Dallas,2019,12,3600.0,4000.0,USD,,,,,2026-05-24
해상,Busan,북미,Dallas,2019,11,3510.0,3900.0,USD,,,,,2026-05-24
해상,Busan,북미,Dallas,2019,10,3505.0,3950.0,USD,,,,,2026-05-24
해상,Busan,북미,Dallas,2019,09,3350.0,3750.0,USD,,,,,2026-05-24
해상,Busan,북미,Dallas,2019,08,3510.0,3900.0,USD,,,,,2026-05-24
해상,Busan,북미,Dallas,2019,07,3400.0,3850.0,USD,,,,,2026-05-24
해상,Busan,북미,Dallas,2019,06,3330.0,3700.0,USD,,,,,2026-05-24
해상,Busan,북미,Dallas,2019,05,3600.0,4000.0,USD,,,,,2026-05-24
해상,Busan,북미,Dallas,2019,04,3420.0,3800.0,USD,,,,,2026-05-24
해상,Busan,북미,Dallas,2019,03,3420.0,3800.0,USD,,,,,2026-05-24
해상,Busan,북미,Dallas,2019,02,3910.0,4300.0,USD,,,,,2026-05-24
해상,Busan,북미,Dallas,2019,01,3960.0,4900.0,USD,,,,,2026-05-24
해상,Busan,북미,Dallas,2018,12,3960.0,4400.0,USD,,,,,2026-05-24
해상,Busan,북미,Dallas,2018,11,4630.0,5150.0,USD,,,,,2026-05-24
해상,Busan,북미,Dallas,2018,10,4410.0,4900.0,USD,,,,,2026-05-24
해상,Busan,북미,Dallas,2018,09,4410.0,4900.0,USD,,,,,2026-05-24
해상,Busan,북미,Dallas,2018,08,4140.0,4600.0,USD,,,,,2026-05-24
해상,Busan,북미,Dallas,2018,07,3690.0,4100.0,USD,,,,,2026-05-24
해상,Busan,북미,Dallas,2018,06,3150.0,3650.0,USD,,,,,2026-05-24
해상,Busan,북미,Dallas,2018,05,3150.0,3750.0,USD,,,,,2026-05-24
해상,Busan,북미,Dallas,2018,04,3230.0,3725.0,USD,,,,,2026-05-24
해상,Busan,북미,Dallas,2018,03,3060.0,3400.0,USD,,,,,2026-05-24
해상,Busan,북미,Dallas,2018,02,3420.0,3800.0,USD,,,,,2026-05-24
해상,Busan,북미,Dallas,2018,01,3690.0,4100.0,USD,,,,,2026-05-24
해상,Busan,북미,Atlanta,2026,05,4300.0,5100.0,USD,,,,,2026-05-24
해상,Busan,북미,Atlanta,2026,04,4400.0,5300.0,USD,,,,,2026-05-24
해상,Busan,북미,Atlanta,2026,03,4200.0,5250.0,USD,,,,,2026-05-24
해상,Busan,북미,Atlanta,2026,02,3700.0,4200.0,USD,,,,,2026-05-24
해상,Busan,북미,Atlanta,2026,01,4500.0,5300.0,USD,,,,,2026-05-24
해상,Busan,북미,Atlanta,2025,12,3900.0,4300.0,USD,,,,,2026-05-24
해상,Busan,북미,Atlanta,2025,11,4500.0,5600.0,USD,,,,,2026-05-24
해상,Busan,북미,Atlanta,2025,10,3300.0,3900.0,USD,,,,,2026-05-24
해상,Busan,북미,Atlanta,2025,09,3900.0,4800.0,USD,,,,,2026-05-24
해상,Busan,북미,Atlanta,2025,08,3700.0,4300.0,USD,,,,,2026-05-24
해상,Busan,북미,Atlanta,2025,07,4900.0,5800.0,USD,,,,,2026-05-24
해상,Busan,북미,Atlanta,2025,06,7200.0,9000.0,USD,,,,,2026-05-24
해상,Busan,북미,Atlanta,2025,05,4200.0,4500.0,USD,,,,,2026-05-24
해상,Busan,북미,Atlanta,2025,04,4800.0,5300.0,USD,,,,,2026-05-24
해상,Busan,북미,Atlanta,2025,03,3800.0,4500.0,USD,,,,,2026-05-24
해상,Busan,북미,Atlanta,2025,01,6000.0,7300.0,USD,,,,,2026-05-24
해상,Busan,북미,Atlanta,2024,12,6600.0,7300.0,USD,,,,,2026-05-24
해상,Busan,북미,Atlanta,2024,11,5850.0,6500.0,USD,,,,,2026-05-24
해상,Busan,북미,Atlanta,2024,10,8600.0,9300.0,USD,,,,,2026-05-24
해상,Busan,북미,Atlanta,2024,09,8460.0,10000.0,USD,,,,,2026-05-24
해상,Busan,북미,Atlanta,2024,08,8980.0,11300.0,USD,,,,,2026-05-24
해상,Busan,북미,Atlanta,2024,07,9980.0,11140.0,USD,,,,,2026-05-24
해상,Busan,북미,Atlanta,2024,06,8000.0,9370.0,USD,,,,,2026-05-24
해상,Busan,북미,Atlanta,2024,05,7500.0,8500.0,USD,,,,,2026-05-24
해상,Busan,북미,Atlanta,2024,04,4904.0,5927.0,USD,,,,,2026-05-24
해상,Busan,북미,Atlanta,2024,03,5920.0,6700.0,USD,,,,,2026-05-24
해상,Busan,북미,Atlanta,2024,02,6800.0,8000.0,USD,,,,,2026-05-24
해상,Busan,북미,Atlanta,2024,01,6400.0,8000.0,USD,,,,,2026-05-24
해상,Busan,북미,Atlanta,2023,12,3700.0,4300.0,USD,,,,,2026-05-24
해상,Busan,북미,Atlanta,2023,11,2900.0,3400.0,USD,,,,,2026-05-24
해상,Busan,북미,Atlanta,2023,10,2900.0,3400.0,USD,,,,,2026-05-24
해상,Busan,북미,Atlanta,2023,09,3420.0,3800.0,USD,,,,,2026-05-24
해상,Busan,북미,Atlanta,2023,08,3900.0,4500.0,USD,,,,,2026-05-24
해상,Busan,북미,Atlanta,2023,07,3400.0,3900.0,USD,,,,,2026-05-24
해상,Busan,북미,Atlanta,2023,06,3146.0,3675.0,USD,,,,,2026-05-24
해상,Busan,북미,Atlanta,2023,05,3400.0,3800.0,USD,,,,,2026-05-24
해상,Busan,북미,Atlanta,2023,04,3500.0,3900.0,USD,,,,,2026-05-24
해상,Busan,북미,Atlanta,2023,03,3560.0,3950.0,USD,,,,,2026-05-24
해상,Busan,북미,Atlanta,2023,02,3388.0,3925.0,USD,,,,,2026-05-24
해상,Busan,북미,Atlanta,2023,01,4230.0,4700.0,USD,,,,,2026-05-24
해상,Busan,북미,Atlanta,2022,12,4655.0,5150.0,USD,,,,,2026-05-24
해상,Busan,북미,Atlanta,2022,11,5220.0,5800.0,USD,,,,,2026-05-24
해상,Busan,북미,Atlanta,2022,10,6700.0,7500.0,USD,,,,,2026-05-24
해상,Busan,북미,Atlanta,2022,09,8550.0,9500.0,USD,,,,,2026-05-24
해상,Busan,북미,Atlanta,2022,08,12150.0,13500.0,USD,,,,,2026-05-24
해상,Busan,북미,Atlanta,2022,07,13050.0,14500.0,USD,,,,,2026-05-24
해상,Busan,북미,Atlanta,2022,06,14850.0,16500.0,USD,,,,,2026-05-24
해상,Busan,북미,Atlanta,2022,05,15300.0,17000.0,USD,,,,,2026-05-24
해상,Busan,북미,Atlanta,2022,04,16700.0,19000.0,USD,,,,,2026-05-24
해상,Busan,북미,Atlanta,2022,03,15760.0,19000.0,USD,,,,,2026-05-24
해상,Busan,북미,Atlanta,2022,02,17560.0,20263.0,USD,,,,,2026-05-24
해상,Busan,북미,Atlanta,2022,01,15800.0,18000.0,USD,,,,,2026-05-24
해상,Busan,북미,Atlanta,2021,12,15000.0,17000.0,USD,,,,,2026-05-24
해상,Busan,북미,Atlanta,2021,11,14500.0,16500.0,USD,,,,,2026-05-24
해상,Busan,북미,Atlanta,2021,10,14500.0,16500.0,USD,,,,,2026-05-24
해상,Busan,북미,Atlanta,2021,09,14500.0,16500.0,USD,,,,,2026-05-24
해상,Busan,북미,Atlanta,2021,08,11500.0,13500.0,USD,,,,,2026-05-24
해상,Busan,북미,Atlanta,2021,07,0.0,0.0,USD,,,,,2026-05-24
해상,Busan,북미,Atlanta,2021,06,0.0,0.0,USD,,,,,2026-05-24
해상,Busan,북미,Atlanta,2021,05,0.0,0.0,USD,,,,,2026-05-24
해상,Busan,북미,Atlanta,2021,04,4770.0,5750.0,USD,,,,,2026-05-24
해상,Busan,북미,Atlanta,2021,03,4770.0,5750.0,USD,,,,,2026-05-24
해상,Busan,북미,Atlanta,2021,02,4770.0,5750.0,USD,,,,,2026-05-24
해상,Busan,북미,Atlanta,2021,01,4770.0,5750.0,USD,,,,,2026-05-24
해상,Busan,북미,Atlanta,2020,12,4770.0,5750.0,USD,,,,,2026-05-24
해상,Busan,북미,Atlanta,2020,11,4510.0,5450.0,USD,,,,,2026-05-24
해상,Busan,북미,Atlanta,2020,10,4742.0,5500.0,USD,,,,,2026-05-24
해상,Busan,북미,Atlanta,2020,09,4723.0,5483.0,USD,,,,,2026-05-24
해상,Busan,북미,Atlanta,2020,08,3890.0,4800.0,USD,,,,,2026-05-24
해상,Busan,북미,Atlanta,2020,07,3360.0,4025.0,USD,,,,,2026-05-24
해상,Busan,북미,Atlanta,2020,06,3030.0,3600.0,USD,,,,,2026-05-24
해상,Busan,북미,Atlanta,2020,05,2700.0,3200.0,USD,,,,,2026-05-24
해상,Busan,북미,Atlanta,2020,04,3280.0,3650.0,USD,,,,,2026-05-24
해상,Busan,북미,Atlanta,2020,03,3060.0,3650.0,USD,,,,,2026-05-24
해상,Busan,북미,Atlanta,2020,02,3250.0,3700.0,USD,,,,,2026-05-24
해상,Busan,북미,Atlanta,2020,01,3250.0,3700.0,USD,,,,,2026-05-24
해상,Busan,북미,Atlanta,2019,12,3150.0,3600.0,USD,,,,,2026-05-24
해상,Busan,북미,Atlanta,2019,11,3150.0,3500.0,USD,,,,,2026-05-24
해상,Busan,북미,Atlanta,2019,10,3040.0,3500.0,USD,,,,,2026-05-24
해상,Busan,북미,Atlanta,2019,09,2900.0,3450.0,USD,,,,,2026-05-24
해상,Busan,북미,Atlanta,2019,08,3240.0,3600.0,USD,,,,,2026-05-24
해상,Busan,북미,Atlanta,2019,07,3150.0,3550.0,USD,,,,,2026-05-24
해상,Busan,북미,Atlanta,2019,06,2880.0,3400.0,USD,,,,,2026-05-24
해상,Busan,북미,Atlanta,2019,05,3150.0,3500.0,USD,,,,,2026-05-24
해상,Busan,북미,Atlanta,2019,04,2970.0,3300.0,USD,,,,,2026-05-24
해상,Busan,북미,Atlanta,2019,03,2970.0,3300.0,USD,,,,,2026-05-24
해상,Busan,북미,Atlanta,2019,02,3700.0,4100.0,USD,,,,,2026-05-24
해상,Busan,북미,Atlanta,2019,01,3700.0,4100.0,USD,,,,,2026-05-24
해상,Busan,북미,Atlanta,2018,12,3510.0,3900.0,USD,,,,,2026-05-24
해상,Busan,북미,Atlanta,2018,11,3780.0,4200.0,USD,,,,,2026-05-24
해상,Busan,북미,Atlanta,2018,10,3240.0,3850.0,USD,,,,,2026-05-24
해상,Busan,북미,Atlanta,2018,09,3240.0,4050.0,USD,,,,,2026-05-24
해상,Busan,북미,Atlanta,2018,08,3020.0,3650.0,USD,,,,,2026-05-24
해상,Busan,북미,Atlanta,2018,07,2620.0,3150.0,USD,,,,,2026-05-24
해상,Busan,북미,Atlanta,2018,06,2700.0,3100.0,USD,,,,,2026-05-24
해상,Busan,북미,Atlanta,2018,05,2980.0,3100.0,USD,,,,,2026-05-24
해상,Busan,북미,Atlanta,2018,04,2610.0,2900.0,USD,,,,,2026-05-24
해상,Busan,북미,Atlanta,2018,03,2380.0,2450.0,USD,,,,,2026-05-24
해상,Busan,북미,Atlanta,2018,02,3260.0,3600.0,USD,,,,,2026-05-24
해상,Busan,북미,Atlanta,2018,01,4140.0,4600.0,USD,,,,,2026-05-24
해상,Busan,북미,Montreal,2026,05,4300.0,5100.0,USD,,,,,2026-05-24
해상,Busan,북미,Montreal,2026,04,4400.0,5300.0,USD,,,,,2026-05-24
해상,Busan,북미,Montreal,2026,03,4200.0,5250.0,USD,,,,,2026-05-24
해상,Busan,북미,Montreal,2026,02,3550.0,4200.0,USD,,,,,2026-05-24
해상,Busan,북미,Montreal,2026,01,4400.0,5100.0,USD,,,,,2026-05-24
해상,Busan,북미,Montreal,2025,12,3700.0,4200.0,USD,,,,,2026-05-24
해상,Busan,북미,Montreal,2025,11,4400.0,5500.0,USD,,,,,2026-05-24
해상,Busan,북미,Montreal,2025,10,3100.0,3600.0,USD,,,,,2026-05-24
해상,Busan,북미,Montreal,2025,09,2100.0,2600.0,USD,,,,,2026-05-24
해상,Busan,북미,Montreal,2025,08,3500.0,4000.0,USD,,,,,2026-05-24
해상,Busan,북미,Montreal,2025,07,4600.0,5500.0,USD,,,,,2026-05-24
해상,Busan,북미,Montreal,2025,06,7300.0,9100.0,USD,,,,,2026-05-24
해상,Busan,북미,Montreal,2025,05,4200.0,4600.0,USD,,,,,2026-05-24
해상,Busan,북미,Montreal,2025,04,4800.0,5300.0,USD,,,,,2026-05-24
해상,Busan,북미,Montreal,2025,03,5000.0,5900.0,USD,,,,,2026-05-24
해상,Busan,북미,Montreal,2025,01,7100.0,8900.0,USD,,,,,2026-05-24
해상,Busan,북미,Montreal,2024,12,6300.0,7000.0,USD,,,,,2026-05-24
해상,Busan,북미,Montreal,2024,11,5000.0,5500.0,USD,,,,,2026-05-24
해상,Busan,북미,Montreal,2024,10,6500.0,8100.0,USD,,,,,2026-05-24
해상,Busan,북미,Montreal,2024,09,7170.0,8400.0,USD,,,,,2026-05-24
해상,Busan,북미,Montreal,2024,08,8000.0,9350.0,USD,,,,,2026-05-24
해상,Busan,북미,Montreal,2024,07,8660.0,9670.0,USD,,,,,2026-05-24
해상,Busan,북미,Montreal,2024,06,6700.0,7920.0,USD,,,,,2026-05-24
해상,Busan,북미,Montreal,2024,05,6050.0,7700.0,USD,,,,,2026-05-24
해상,Busan,북미,Montreal,2024,04,4140.0,4820.0,USD,,,,,2026-05-24
해상,Busan,북미,Montreal,2024,03,4680.0,6000.0,USD,,,,,2026-05-24
해상,Busan,북미,Montreal,2024,02,6500.0,7500.0,USD,,,,,2026-05-24
해상,Busan,북미,Montreal,2024,01,5500.0,7000.0,USD,,,,,2026-05-24
해상,Busan,북미,Montreal,2023,12,3700.0,4300.0,USD,,,,,2026-05-24
해상,Busan,북미,Montreal,2023,11,3000.0,3600.0,USD,,,,,2026-05-24
해상,Busan,북미,Montreal,2023,10,2900.0,3500.0,USD,,,,,2026-05-24
해상,Busan,북미,Montreal,2023,09,3420.0,3800.0,USD,,,,,2026-05-24
해상,Busan,북미,Montreal,2023,08,3600.0,4300.0,USD,,,,,2026-05-24
해상,Busan,북미,Montreal,2023,07,3200.0,3800.0,USD,,,,,2026-05-24
해상,Busan,북미,Montreal,2023,06,2910.0,3600.0,USD,,,,,2026-05-24
해상,Busan,북미,Montreal,2023,05,3180.0,3600.0,USD,,,,,2026-05-24
해상,Busan,북미,Montreal,2023,04,3200.0,3725.0,USD,,,,,2026-05-24
해상,Busan,북미,Montreal,2023,03,3300.0,3900.0,USD,,,,,2026-05-24
해상,Busan,북미,Montreal,2023,02,3400.0,4200.0,USD,,,,,2026-05-24
해상,Busan,북미,Montreal,2023,01,3400.0,4200.0,USD,,,,,2026-05-24
해상,Busan,북미,Montreal,2022,12,3480.0,4300.0,USD,,,,,2026-05-24
해상,Busan,북미,Montreal,2022,11,4250.0,5200.0,USD,,,,,2026-05-24
해상,Busan,북미,Montreal,2022,10,5850.0,6600.0,USD,,,,,2026-05-24
해상,Busan,북미,Montreal,2022,09,7650.0,8500.0,USD,,,,,2026-05-24
해상,Busan,북미,Montreal,2022,08,11250.0,12500.0,USD,,,,,2026-05-24
해상,Busan,북미,Montreal,2022,07,12600.0,14000.0,USD,,,,,2026-05-24
해상,Busan,북미,Montreal,2022,06,13950.0,15500.0,USD,,,,,2026-05-24
해상,Busan,북미,Montreal,2022,05,14400.0,16000.0,USD,,,,,2026-05-24
해상,Busan,북미,Montreal,2022,04,16700.0,19000.0,USD,,,,,2026-05-24
해상,Busan,북미,Montreal,2022,03,16700.0,19300.0,USD,,,,,2026-05-24
해상,Busan,북미,Montreal,2022,02,15800.0,18000.0,USD,,,,,2026-05-24
해상,Busan,북미,Montreal,2022,01,15800.0,18000.0,USD,,,,,2026-05-24
해상,Busan,북미,Montreal,2021,12,15000.0,17000.0,USD,,,,,2026-05-24
해상,Busan,북미,Montreal,2021,11,13500.0,16000.0,USD,,,,,2026-05-24
해상,Busan,북미,Montreal,2021,10,13500.0,16000.0,USD,,,,,2026-05-24
해상,Busan,북미,Montreal,2021,09,13500.0,16000.0,USD,,,,,2026-05-24
해상,Busan,북미,Montreal,2021,08,9340.0,10999.0,USD,,,,,2026-05-24
해상,Busan,북미,Montreal,2021,07,0.0,0.0,USD,,,,,2026-05-24
해상,Busan,북미,Montreal,2021,06,0.0,0.0,USD,,,,,2026-05-24
해상,Busan,북미,Montreal,2021,05,0.0,0.0,USD,,,,,2026-05-24
해상,Busan,북미,Montreal,2021,04,5310.0,5900.0,USD,,,,,2026-05-24
해상,Busan,북미,Montreal,2021,03,5310.0,5900.0,USD,,,,,2026-05-24
해상,Busan,북미,Montreal,2021,02,5310.0,5900.0,USD,,,,,2026-05-24
해상,Busan,북미,Montreal,2021,01,5310.0,5800.0,USD,,,,,2026-05-24
해상,Busan,북미,Montreal,2020,12,5040.0,5600.0,USD,,,,,2026-05-24
해상,Busan,북미,Montreal,2020,11,4410.0,5200.0,USD,,,,,2026-05-24
해상,Busan,북미,Montreal,2020,10,4545.0,5200.0,USD,,,,,2026-05-24
해상,Busan,북미,Montreal,2020,09,4465.0,5223.0,USD,,,,,2026-05-24
해상,Busan,북미,Montreal,2020,08,3990.0,4700.0,USD,,,,,2026-05-24
해상,Busan,북미,Montreal,2020,07,3500.0,4050.0,USD,,,,,2026-05-24
해상,Busan,북미,Montreal,2020,06,3330.0,3700.0,USD,,,,,2026-05-24
해상,Busan,북미,Montreal,2020,05,2720.0,3200.0,USD,,,,,2026-05-24
해상,Busan,북미,Montreal,2020,04,3240.0,3600.0,USD,,,,,2026-05-24
해상,Busan,북미,Montreal,2020,03,3020.0,3560.0,USD,,,,,2026-05-24
해상,Busan,북미,Montreal,2020,02,2960.0,3500.0,USD,,,,,2026-05-24
해상,Busan,북미,Montreal,2020,01,2960.0,3500.0,USD,,,,,2026-05-24
해상,Busan,북미,Montreal,2019,12,2960.0,3500.0,USD,,,,,2026-05-24
해상,Busan,북미,Montreal,2019,11,3060.0,3400.0,USD,,,,,2026-05-24
해상,Busan,북미,Montreal,2019,10,2880.0,3500.0,USD,,,,,2026-05-24
해상,Busan,북미,Montreal,2019,09,2900.0,3350.0,USD,,,,,2026-05-24
해상,Busan,북미,Montreal,2019,08,3060.0,3400.0,USD,,,,,2026-05-24
해상,Busan,북미,Montreal,2019,07,2880.0,3300.0,USD,,,,,2026-05-24
해상,Busan,북미,Montreal,2019,06,2800.0,3200.0,USD,,,,,2026-05-24
해상,Busan,북미,Montreal,2019,05,3240.0,3600.0,USD,,,,,2026-05-24
해상,Busan,북미,Montreal,2019,04,2900.0,3400.0,USD,,,,,2026-05-24
해상,Busan,북미,Montreal,2019,03,2900.0,3400.0,USD,,,,,2026-05-24
해상,Busan,북미,Montreal,2019,02,3240.0,4100.0,USD,,,,,2026-05-24
해상,Busan,북미,Montreal,2019,01,3330.0,4000.0,USD,,,,,2026-05-24
해상,Busan,북미,Montreal,2018,12,3690.0,4100.0,USD,,,,,2026-05-24
해상,Busan,북미,Montreal,2018,11,4050.0,4500.0,USD,,,,,2026-05-24
해상,Busan,북미,Montreal,2018,10,3555.0,4150.0,USD,,,,,2026-05-24
해상,Busan,북미,Montreal,2018,09,3915.0,4400.0,USD,,,,,2026-05-24
해상,Busan,북미,Montreal,2018,08,3550.0,3950.0,USD,,,,,2026-05-24
해상,Busan,북미,Montreal,2018,07,3105.0,3450.0,USD,,,,,2026-05-24
해상,Busan,북미,Montreal,2018,06,2970.0,3350.0,USD,,,,,2026-05-24
해상,Busan,북미,Montreal,2018,05,3060.0,3400.0,USD,,,,,2026-05-24
해상,Busan,북미,Montreal,2018,04,2880.0,3250.0,USD,,,,,2026-05-24
해상,Busan,북미,Montreal,2018,03,2790.0,3100.0,USD,,,,,2026-05-24
해상,Busan,북미,Montreal,2018,02,3150.0,3500.0,USD,,,,,2026-05-24
해상,Busan,북미,Montreal,2018,01,3445.0,3850.0,USD,,,,,2026-05-24
해상,Busan,북미,Toronto,2026,05,4300.0,5100.0,USD,,,,,2026-05-24
해상,Busan,북미,Toronto,2026,04,4400.0,5300.0,USD,,,,,2026-05-24
해상,Busan,북미,Toronto,2026,03,4200.0,5250.0,USD,,,,,2026-05-24
해상,Busan,북미,Toronto,2026,02,3550.0,4200.0,USD,,,,,2026-05-24
해상,Busan,북미,Toronto,2026,01,4400.0,5100.0,USD,,,,,2026-05-24
해상,Busan,북미,Toronto,2025,12,3700.0,4200.0,USD,,,,,2026-05-24
해상,Busan,북미,Toronto,2025,11,4400.0,5500.0,USD,,,,,2026-05-24
해상,Busan,북미,Toronto,2025,10,3100.0,3600.0,USD,,,,,2026-05-24
해상,Busan,북미,Toronto,2025,09,2100.0,2600.0,USD,,,,,2026-05-24
해상,Busan,북미,Toronto,2025,08,3500.0,4000.0,USD,,,,,2026-05-24
해상,Busan,북미,Toronto,2025,07,4600.0,5500.0,USD,,,,,2026-05-24
해상,Busan,북미,Toronto,2025,06,7300.0,9100.0,USD,,,,,2026-05-24
해상,Busan,북미,Toronto,2025,05,4200.0,4600.0,USD,,,,,2026-05-24
해상,Busan,북미,Toronto,2025,04,4800.0,5300.0,USD,,,,,2026-05-24
해상,Busan,북미,Toronto,2025,03,5000.0,5900.0,USD,,,,,2026-05-24
해상,Busan,북미,Toronto,2025,01,7100.0,8900.0,USD,,,,,2026-05-24
해상,Busan,북미,Toronto,2024,12,6300.0,7000.0,USD,,,,,2026-05-24
해상,Busan,북미,Toronto,2024,11,5000.0,5500.0,USD,,,,,2026-05-24
해상,Busan,북미,Toronto,2024,10,6500.0,8100.0,USD,,,,,2026-05-24
해상,Busan,북미,Toronto,2024,09,7170.0,8400.0,USD,,,,,2026-05-24
해상,Busan,북미,Toronto,2024,08,8000.0,9350.0,USD,,,,,2026-05-24
해상,Busan,북미,Toronto,2024,07,8660.0,9670.0,USD,,,,,2026-05-24
해상,Busan,북미,Toronto,2024,06,6700.0,7920.0,USD,,,,,2026-05-24
해상,Busan,북미,Toronto,2024,05,6050.0,7700.0,USD,,,,,2026-05-24
해상,Busan,북미,Toronto,2024,04,4140.0,4820.0,USD,,,,,2026-05-24
해상,Busan,북미,Toronto,2024,03,4680.0,6000.0,USD,,,,,2026-05-24
해상,Busan,북미,Toronto,2024,02,4500.0,5800.0,USD,,,,,2026-05-24
해상,Busan,북미,Toronto,2024,01,6000.0,7500.0,USD,,,,,2026-05-24
해상,Busan,북미,Toronto,2023,12,3800.0,4400.0,USD,,,,,2026-05-24
해상,Busan,북미,Toronto,2023,11,3000.0,3600.0,USD,,,,,2026-05-24
해상,Busan,북미,Toronto,2023,10,3000.0,3600.0,USD,,,,,2026-05-24
해상,Busan,북미,Toronto,2023,09,3420.0,3800.0,USD,,,,,2026-05-24
해상,Busan,북미,Toronto,2023,08,3600.0,4300.0,USD,,,,,2026-05-24
해상,Busan,북미,Toronto,2023,07,3200.0,3800.0,USD,,,,,2026-05-24
해상,Busan,북미,Toronto,2023,06,2910.0,3600.0,USD,,,,,2026-05-24
해상,Busan,북미,Toronto,2023,05,3180.0,3600.0,USD,,,,,2026-05-24
해상,Busan,북미,Toronto,2023,04,3200.0,3700.0,USD,,,,,2026-05-24
해상,Busan,북미,Toronto,2023,03,3300.0,3900.0,USD,,,,,2026-05-24
해상,Busan,북미,Toronto,2023,02,3400.0,4200.0,USD,,,,,2026-05-24
해상,Busan,북미,Toronto,2023,01,3400.0,4200.0,USD,,,,,2026-05-24
해상,Busan,북미,Toronto,2022,12,3480.0,4300.0,USD,,,,,2026-05-24
해상,Busan,북미,Toronto,2022,11,4250.0,5200.0,USD,,,,,2026-05-24
해상,Busan,북미,Toronto,2022,10,5850.0,6600.0,USD,,,,,2026-05-24
해상,Busan,북미,Toronto,2022,09,8370.0,9300.0,USD,,,,,2026-05-24
해상,Busan,북미,Toronto,2022,08,11250.0,12500.0,USD,,,,,2026-05-24
해상,Busan,북미,Toronto,2022,07,12600.0,14000.0,USD,,,,,2026-05-24
해상,Busan,북미,Toronto,2022,06,13950.0,15500.0,USD,,,,,2026-05-24
해상,Busan,북미,Toronto,2022,05,14400.0,16000.0,USD,,,,,2026-05-24
해상,Busan,북미,Toronto,2022,04,16700.0,19000.0,USD,,,,,2026-05-24
해상,Busan,북미,Toronto,2022,03,16700.0,19300.0,USD,,,,,2026-05-24
해상,Busan,북미,Toronto,2022,02,15800.0,18000.0,USD,,,,,2026-05-24
해상,Busan,북미,Toronto,2022,01,15800.0,18000.0,USD,,,,,2026-05-24
해상,Busan,북미,Toronto,2021,12,15000.0,17000.0,USD,,,,,2026-05-24
해상,Busan,북미,Toronto,2021,11,13500.0,16000.0,USD,,,,,2026-05-24
해상,Busan,북미,Toronto,2021,10,13500.0,16000.0,USD,,,,,2026-05-24
해상,Busan,북미,Toronto,2021,09,13500.0,16000.0,USD,,,,,2026-05-24
해상,Busan,북미,Toronto,2021,08,10960.0,12200.0,USD,,,,,2026-05-24
해상,Busan,북미,Toronto,2021,07,0.0,0.0,USD,,,,,2026-05-24
해상,Busan,북미,Toronto,2021,06,0.0,0.0,USD,,,,,2026-05-24
해상,Busan,북미,Toronto,2021,05,0.0,0.0,USD,,,,,2026-05-24
해상,Busan,북미,Toronto,2021,04,5310.0,5900.0,USD,,,,,2026-05-24
해상,Busan,북미,Toronto,2021,03,5310.0,5900.0,USD,,,,,2026-05-24
해상,Busan,북미,Toronto,2021,02,5310.0,5900.0,USD,,,,,2026-05-24
해상,Busan,북미,Toronto,2021,01,5310.0,5800.0,USD,,,,,2026-05-24
해상,Busan,북미,Toronto,2020,12,5040.0,5600.0,USD,,,,,2026-05-24
해상,Busan,북미,Toronto,2020,11,4410.0,5200.0,USD,,,,,2026-05-24
해상,Busan,북미,Toronto,2020,10,4545.0,5200.0,USD,,,,,2026-05-24
해상,Busan,북미,Toronto,2020,09,4438.0,5223.0,USD,,,,,2026-05-24
해상,Busan,북미,Toronto,2020,08,3990.0,4700.0,USD,,,,,2026-05-24
해상,Busan,북미,Toronto,2020,07,3500.0,4050.0,USD,,,,,2026-05-24
해상,Busan,북미,Toronto,2020,06,3330.0,3700.0,USD,,,,,2026-05-24
해상,Busan,북미,Toronto,2020,05,2720.0,3200.0,USD,,,,,2026-05-24
해상,Busan,북미,Toronto,2020,04,3240.0,3600.0,USD,,,,,2026-05-24
해상,Busan,북미,Toronto,2020,03,3020.0,3560.0,USD,,,,,2026-05-24
해상,Busan,북미,Toronto,2020,02,2960.0,3500.0,USD,,,,,2026-05-24
해상,Busan,북미,Toronto,2020,01,2960.0,3500.0,USD,,,,,2026-05-24
해상,Busan,북미,Toronto,2019,12,2960.0,3500.0,USD,,,,,2026-05-24
해상,Busan,북미,Toronto,2019,11,3060.0,3400.0,USD,,,,,2026-05-24
해상,Busan,북미,Toronto,2019,10,2880.0,3500.0,USD,,,,,2026-05-24
해상,Busan,북미,Toronto,2019,09,2900.0,3350.0,USD,,,,,2026-05-24
해상,Busan,북미,Toronto,2019,08,3060.0,3400.0,USD,,,,,2026-05-24
해상,Busan,북미,Toronto,2019,07,2880.0,3300.0,USD,,,,,2026-05-24
해상,Busan,북미,Toronto,2019,06,2800.0,3200.0,USD,,,,,2026-05-24
해상,Busan,북미,Toronto,2019,05,3240.0,3600.0,USD,,,,,2026-05-24
해상,Busan,북미,Toronto,2019,04,2900.0,3400.0,USD,,,,,2026-05-24
해상,Busan,북미,Toronto,2019,03,2900.0,3400.0,USD,,,,,2026-05-24
해상,Busan,북미,Toronto,2019,02,3240.0,4100.0,USD,,,,,2026-05-24
해상,Busan,북미,Toronto,2019,01,3330.0,4000.0,USD,,,,,2026-05-24
해상,Busan,북미,Toronto,2018,12,3690.0,4100.0,USD,,,,,2026-05-24
해상,Busan,북미,Toronto,2018,11,4050.0,4500.0,USD,,,,,2026-05-24
해상,Busan,북미,Toronto,2018,10,3555.0,4150.0,USD,,,,,2026-05-24
해상,Busan,북미,Toronto,2018,09,3915.0,4400.0,USD,,,,,2026-05-24
해상,Busan,북미,Toronto,2018,08,3550.0,3950.0,USD,,,,,2026-05-24
해상,Busan,북미,Toronto,2018,07,3105.0,3450.0,USD,,,,,2026-05-24
해상,Busan,북미,Toronto,2018,06,2970.0,3350.0,USD,,,,,2026-05-24
해상,Busan,북미,Toronto,2018,05,3060.0,3400.0,USD,,,,,2026-05-24
해상,Busan,북미,Toronto,2018,04,2880.0,3250.0,USD,,,,,2026-05-24
해상,Busan,북미,Toronto,2018,03,2790.0,3100.0,USD,,,,,2026-05-24
해상,Busan,북미,Toronto,2018,02,3150.0,3500.0,USD,,,,,2026-05-24
해상,Busan,북미,Toronto,2018,01,3445.0,3850.0,USD,,,,,2026-05-24
해상,Busan,북미,Vancouver,2026,05,2400.0,2900.0,USD,,,,,2026-05-24
해상,Busan,북미,Vancouver,2026,04,2900.0,3100.0,USD,,,,,2026-05-24
해상,Busan,북미,Vancouver,2026,03,2300.0,2860.0,USD,,,,,2026-05-24
해상,Busan,북미,Vancouver,2026,02,3550.0,4200.0,USD,,,,,2026-05-24
해상,Busan,북미,Vancouver,2026,01,2400.0,3000.0,USD,,,,,2026-05-24
해상,Busan,북미,Vancouver,2025,12,1600.0,2000.0,USD,,,,,2026-05-24
해상,Busan,북미,Vancouver,2025,11,2300.0,3300.0,USD,,,,,2026-05-24
해상,Busan,북미,Vancouver,2025,10,1300.0,1600.0,USD,,,,,2026-05-24
해상,Busan,북미,Vancouver,2025,09,2100.0,2600.0,USD,,,,,2026-05-24
해상,Busan,북미,Vancouver,2025,08,2600.0,3100.0,USD,,,,,2026-05-24
해상,Busan,북미,Vancouver,2025,07,2400.0,3000.0,USD,,,,,2026-05-24
해상,Busan,북미,Vancouver,2025,06,5900.0,7500.0,USD,,,,,2026-05-24
해상,Busan,북미,Vancouver,2025,05,1800.0,2200.0,USD,,,,,2026-05-24
해상,Busan,북미,Vancouver,2025,04,2200.0,2800.0,USD,,,,,2026-05-24
해상,Busan,북미,Vancouver,2025,03,2800.0,3500.0,USD,,,,,2026-05-24
해상,Busan,북미,Vancouver,2025,01,4600.0,6500.0,USD,,,,,2026-05-24
해상,Busan,북미,Vancouver,2024,12,3800.0,4700.0,USD,,,,,2026-05-24
해상,Busan,북미,Vancouver,2024,11,2800.0,3500.0,USD,,,,,2026-05-24
해상,Busan,북미,Vancouver,2024,10,4100.0,5100.0,USD,,,,,2026-05-24
해상,Busan,북미,Vancouver,2024,09,4500.0,5750.0,USD,,,,,2026-05-24
해상,Busan,북미,Vancouver,2024,08,6350.0,7450.0,USD,,,,,2026-05-24
해상,Busan,북미,Vancouver,2024,07,6560.0,8070.0,USD,,,,,2026-05-24
해상,Busan,북미,Vancouver,2024,06,5370.0,7370.0,USD,,,,,2026-05-24
해상,Busan,북미,Vancouver,2024,05,4700.0,6400.0,USD,,,,,2026-05-24
해상,Busan,북미,Vancouver,2024,04,2862.0,3220.0,USD,,,,,2026-05-24
해상,Busan,북미,Vancouver,2024,03,3720.0,4750.0,USD,,,,,2026-05-24
해상,Busan,북미,Vancouver,2024,02,4500.0,5800.0,USD,,,,,2026-05-24
해상,Busan,북미,Vancouver,2024,01,4400.0,5500.0,USD,,,,,2026-05-24
해상,Busan,북미,Vancouver,2023,12,1600.0,2000.0,USD,,,,,2026-05-24
해상,Busan,북미,Vancouver,2023,11,1350.0,1700.0,USD,,,,,2026-05-24
해상,Busan,북미,Vancouver,2023,10,1350.0,1700.0,USD,,,,,2026-05-24
해상,Busan,북미,Vancouver,2023,09,1360.0,1700.0,USD,,,,,2026-05-24
해상,Busan,북미,Vancouver,2023,08,1700.0,2100.0,USD,,,,,2026-05-24
해상,Busan,북미,Vancouver,2023,07,3200.0,3800.0,USD,,,,,2026-05-24
해상,Busan,북미,Vancouver,2023,06,850.0,1200.0,USD,,,,,2026-05-24
해상,Busan,북미,Vancouver,2023,05,1050.0,1300.0,USD,,,,,2026-05-24
해상,Busan,북미,Vancouver,2023,04,1000.0,1250.0,USD,,,,,2026-05-24
해상,Busan,북미,Vancouver,2023,03,1080.0,1350.0,USD,,,,,2026-05-24
해상,Busan,북미,Vancouver,2023,02,1200.0,1400.0,USD,,,,,2026-05-24
해상,Busan,북미,Vancouver,2023,01,1240.0,1400.0,USD,,,,,2026-05-24
해상,Busan,북미,Vancouver,2022,12,1360.0,1700.0,USD,,,,,2026-05-24
해상,Busan,북미,Vancouver,2022,11,1360.0,1700.0,USD,,,,,2026-05-24
해상,Busan,북미,Vancouver,2022,10,2000.0,2500.0,USD,,,,,2026-05-24
해상,Busan,북미,Vancouver,2022,09,2720.0,3400.0,USD,,,,,2026-05-24
해상,Busan,북미,Vancouver,2022,08,7840.0,9800.0,USD,,,,,2026-05-24
해상,Busan,북미,Vancouver,2022,07,8400.0,10500.0,USD,,,,,2026-05-24
해상,Busan,북미,Vancouver,2022,06,8400.0,10500.0,USD,,,,,2026-05-24
해상,Busan,북미,Vancouver,2022,05,8800.0,11000.0,USD,,,,,2026-05-24
해상,Busan,북미,Vancouver,2022,04,13800.0,15000.0,USD,,,,,2026-05-24
해상,Busan,북미,Vancouver,2022,03,13800.0,15000.0,USD,,,,,2026-05-24
해상,Busan,북미,Vancouver,2022,02,13800.0,15000.0,USD,,,,,2026-05-24
해상,Busan,북미,Vancouver,2022,01,13800.0,15000.0,USD,,,,,2026-05-24
해상,Busan,북미,Vancouver,2021,12,13000.0,14000.0,USD,,,,,2026-05-24
해상,Busan,북미,Vancouver,2021,11,7900.0,9200.0,USD,,,,,2026-05-24
해상,Busan,북미,Vancouver,2021,10,7900.0,9200.0,USD,,,,,2026-05-24
해상,Busan,북미,Vancouver,2021,09,7900.0,9200.0,USD,,,,,2026-05-24
해상,Busan,북미,Vancouver,2021,08,6800.0,8500.0,USD,,,,,2026-05-24
해상,Busan,북미,Vancouver,2021,07,0.0,0.0,USD,,,,,2026-05-24
해상,Busan,북미,Vancouver,2021,06,0.0,0.0,USD,,,,,2026-05-24
해상,Busan,북미,Vancouver,2021,05,0.0,0.0,USD,,,,,2026-05-24
해상,Busan,북미,Vancouver,2021,04,3440.0,4300.0,USD,,,,,2026-05-24
해상,Busan,북미,Vancouver,2021,03,3440.0,4300.0,USD,,,,,2026-05-24
해상,Busan,북미,Vancouver,2021,02,3440.0,4300.0,USD,,,,,2026-05-24
해상,Busan,북미,Vancouver,2021,01,3440.0,4300.0,USD,,,,,2026-05-24
해상,Busan,북미,Vancouver,2020,12,3200.0,4000.0,USD,,,,,2026-05-24
해상,Busan,북미,Vancouver,2020,11,3200.0,4000.0,USD,,,,,2026-05-24
해상,Busan,북미,Vancouver,2020,10,3200.0,4000.0,USD,,,,,2026-05-24
해상,Busan,북미,Vancouver,2020,09,3213.0,4000.0,USD,,,,,2026-05-24
해상,Busan,북미,Vancouver,2020,08,2840.0,3550.0,USD,,,,,2026-05-24
해상,Busan,북미,Vancouver,2020,07,2440.0,2800.0,USD,,,,,2026-05-24
해상,Busan,북미,Vancouver,2020,06,1800.0,2250.0,USD,,,,,2026-05-24
해상,Busan,북미,Vancouver,2020,05,1360.0,1700.0,USD,,,,,2026-05-24
해상,Busan,북미,Vancouver,2020,04,1320.0,1650.0,USD,,,,,2026-05-24
해상,Busan,북미,Vancouver,2020,03,1320.0,1650.0,USD,,,,,2026-05-24
해상,Busan,북미,Vancouver,2020,02,1340.0,1600.0,USD,,,,,2026-05-24
해상,Busan,북미,Vancouver,2020,01,1340.0,1600.0,USD,,,,,2026-05-24
해상,Busan,북미,Vancouver,2019,12,1340.0,1600.0,USD,,,,,2026-05-24
해상,Busan,북미,Vancouver,2019,11,1360.0,1700.0,USD,,,,,2026-05-24
해상,Busan,북미,Vancouver,2019,10,1340.0,1600.0,USD,,,,,2026-05-24
해상,Busan,북미,Vancouver,2019,09,1320.0,1650.0,USD,,,,,2026-05-24
해상,Busan,북미,Vancouver,2019,08,1360.0,1700.0,USD,,,,,2026-05-24
해상,Busan,북미,Vancouver,2019,07,1300.0,1650.0,USD,,,,,2026-05-24
해상,Busan,북미,Vancouver,2019,06,1800.0,1900.0,USD,,,,,2026-05-24
해상,Busan,북미,Vancouver,2019,05,1440.0,1800.0,USD,,,,,2026-05-24
해상,Busan,북미,Vancouver,2019,04,1280.0,1600.0,USD,,,,,2026-05-24
해상,Busan,북미,Vancouver,2019,03,1280.0,1600.0,USD,,,,,2026-05-24
해상,Busan,북미,Vancouver,2019,02,1680.0,2100.0,USD,,,,,2026-05-24
해상,Busan,북미,Vancouver,2019,01,1710.0,2050.0,USD,,,,,2026-05-24
해상,Busan,북미,Vancouver,2018,12,1760.0,2200.0,USD,,,,,2026-05-24
해상,Busan,북미,Vancouver,2018,11,2270.0,2750.0,USD,,,,,2026-05-24
해상,Busan,북미,Vancouver,2018,10,1880.0,2350.0,USD,,,,,2026-05-24
해상,Busan,북미,Vancouver,2018,09,2010.0,2450.0,USD,,,,,2026-05-24
해상,Busan,북미,Vancouver,2018,08,1720.0,2150.0,USD,,,,,2026-05-24
해상,Busan,북미,Vancouver,2018,07,1320.0,1650.0,USD,,,,,2026-05-24
해상,Busan,북미,Vancouver,2018,06,1200.0,1500.0,USD,,,,,2026-05-24
해상,Busan,북미,Vancouver,2018,05,1280.0,1600.0,USD,,,,,2026-05-24
해상,Busan,북미,Vancouver,2018,04,1160.0,1450.0,USD,,,,,2026-05-24
해상,Busan,북미,Vancouver,2018,03,1080.0,1350.0,USD,,,,,2026-05-24
해상,Busan,북미,Vancouver,2018,02,1370.0,1700.0,USD,,,,,2026-05-24
해상,Busan,북미,Vancouver,2018,01,1600.0,2000.0,USD,,,,,2026-05-24
해상,Busan,중남미,Buenos Aires,2026,05,4200.0,4500.0,USD,,,,,2026-05-24
해상,Busan,중남미,Buenos Aires,2026,04,3500.0,3500.0,USD,,,,,2026-05-24
해상,Busan,중남미,Buenos Aires,2026,03,2400.0,2600.0,USD,,,,,2026-05-24
해상,Busan,중남미,Buenos Aires,2026,02,1500.0,1700.0,USD,,,,,2026-05-24
해상,Busan,중남미,Buenos Aires,2026,01,2900.0,3000.0,USD,,,,,2026-05-24
해상,Busan,중남미,Buenos Aires,2025,12,1800.0,2000.0,USD,,,,,2026-05-24
해상,Busan,중남미,Buenos Aires,2025,11,2950.0,3100.0,USD,,,,,2026-05-24
해상,Busan,중남미,Buenos Aires,2025,10,2300.0,2500.0,USD,,,,,2026-05-24
해상,Busan,중남미,Buenos Aires,2025,09,2900.0,3300.0,USD,,,,,2026-05-24
해상,Busan,중남미,Buenos Aires,2025,08,4500.0,4700.0,USD,,,,,2026-05-24
해상,Busan,중남미,Buenos Aires,2025,07,6700.0,6900.0,USD,,,,,2026-05-24
해상,Busan,중남미,Buenos Aires,2025,06,3200.0,3500.0,USD,,,,,2026-05-24
해상,Busan,중남미,Buenos Aires,2025,05,1320.0,1600.0,USD,,,,,2026-05-24
해상,Busan,중남미,Buenos Aires,2025,04,2300.0,2600.0,USD,,,,,2026-05-24
해상,Busan,중남미,Buenos Aires,2025,03,3500.0,4000.0,USD,,,,,2026-05-24
해상,Busan,중남미,Buenos Aires,2025,01,4400.0,4700.0,USD,,,,,2026-05-24
해상,Busan,중남미,Buenos Aires,2024,12,6600.0,6600.0,USD,,,,,2026-05-24
해상,Busan,중남미,Buenos Aires,2024,11,6000.0,7000.0,USD,,,,,2026-05-24
해상,Busan,중남미,Buenos Aires,2024,10,7200.0,7500.0,USD,,,,,2026-05-24
해상,Busan,중남미,Buenos Aires,2024,09,7150.0,7550.0,USD,,,,,2026-05-24
해상,Busan,중남미,Buenos Aires,2024,08,7400.0,7600.0,USD,,,,,2026-05-24
해상,Busan,중남미,Buenos Aires,2024,07,9700.0,9700.0,USD,,,,,2026-05-24
해상,Busan,중남미,Buenos Aires,2024,06,8000.0,8200.0,USD,,,,,2026-05-24
해상,Busan,중남미,Buenos Aires,2024,05,7300.0,7500.0,USD,,,,,2026-05-24
해상,Busan,중남미,Buenos Aires,2024,04,4300.0,4700.0,USD,,,,,2026-05-24
해상,Busan,중남미,Buenos Aires,2024,03,3200.0,3200.0,USD,,,,,2026-05-24
해상,Busan,중남미,Buenos Aires,2024,02,4550.0,4750.0,USD,,,,,2026-05-24
해상,Busan,중남미,Buenos Aires,2024,01,2900.0,3250.0,USD,,,,,2026-05-24
해상,Busan,중남미,Buenos Aires,2023,12,2900.0,3180.0,USD,,,,,2026-05-24
해상,Busan,중남미,Buenos Aires,2023,11,2900.0,2180.0,USD,,,,,2026-05-24
해상,Busan,중남미,Buenos Aires,2023,10,2030.0,2350.0,USD,,,,,2026-05-24
해상,Busan,중남미,Buenos Aires,2023,09,2140.0,2300.0,USD,,,,,2026-05-24
해상,Busan,중남미,Buenos Aires,2023,08,2600.0,2900.0,USD,,,,,2026-05-24
해상,Busan,중남미,Buenos Aires,2023,07,2800.0,3300.0,USD,,,,,2026-05-24
해상,Busan,중남미,Buenos Aires,2023,06,2800.0,3100.0,USD,,,,,2026-05-24
해상,Busan,중남미,Buenos Aires,2023,05,2300.0,2700.0,USD,,,,,2026-05-24
해상,Busan,중남미,Buenos Aires,2023,04,2000.0,2200.0,USD,,,,,2026-05-24
해상,Busan,중남미,Buenos Aires,2023,03,1600.0,1840.0,USD,,,,,2026-05-24
해상,Busan,중남미,Buenos Aires,2023,02,1400.0,1550.0,USD,,,,,2026-05-24
해상,Busan,중남미,Buenos Aires,2023,01,1800.0,1800.0,USD,,,,,2026-05-24
해상,Busan,중남미,Buenos Aires,2022,12,1900.0,1900.0,USD,,,,,2026-05-24
해상,Busan,중남미,Buenos Aires,2022,11,5215.0,6100.0,USD,,,,,2026-05-24
해상,Busan,중남미,Buenos Aires,2022,10,6100.0,6100.0,USD,,,,,2026-05-24
해상,Busan,중남미,Buenos Aires,2022,09,8000.0,8000.0,USD,,,,,2026-05-24
해상,Busan,중남미,Buenos Aires,2022,08,1100.0,1100.0,USD,,,,,2026-05-24
해상,Busan,중남미,Buenos Aires,2022,07,10200.0,10200.0,USD,,,,,2026-05-24
해상,Busan,중남미,Buenos Aires,2022,06,6800.0,7300.0,USD,,,,,2026-05-24
해상,Busan,중남미,Buenos Aires,2022,05,6800.0,7300.0,USD,,,,,2026-05-24
해상,Busan,중남미,Buenos Aires,2022,04,7500.0,7500.0,USD,,,,,2026-05-24
해상,Busan,중남미,Buenos Aires,2022,03,9800.0,11000.0,USD,,,,,2026-05-24
해상,Busan,중남미,Buenos Aires,2022,02,9800.0,11000.0,USD,,,,,2026-05-24
해상,Busan,중남미,Buenos Aires,2022,01,10325.0,13000.0,USD,,,,,2026-05-24
해상,Busan,중남미,Buenos Aires,2021,12,10325.0,13000.0,USD,,,,,2026-05-24
해상,Busan,중남미,Buenos Aires,2021,11,10325.0,13000.0,USD,,,,,2026-05-24
해상,Busan,중남미,Buenos Aires,2021,10,9750.0,12400.0,USD,,,,,2026-05-24
해상,Busan,중남미,Buenos Aires,2021,09,10050.0,12400.0,USD,,,,,2026-05-24
해상,Busan,중남미,Buenos Aires,2021,08,9550.0,10250.0,USD,,,,,2026-05-24
해상,Busan,중남미,Buenos Aires,2021,07,9550.0,10250.0,USD,,,,,2026-05-24
해상,Busan,중남미,Buenos Aires,2021,06,9200.0,10200.0,USD,,,,,2026-05-24
해상,Busan,중남미,Buenos Aires,2021,05,7795.0,7640.0,USD,,,,,2026-05-24
해상,Busan,중남미,Buenos Aires,2021,04,7750.0,7950.0,USD,,,,,2026-05-24
해상,Busan,중남미,Buenos Aires,2021,03,7950.0,8450.0,USD,,,,,2026-05-24
해상,Busan,중남미,Buenos Aires,2021,02,8650.0,8850.0,USD,,,,,2026-05-24
해상,Busan,중남미,Buenos Aires,2021,01,8650.0,8850.0,USD,,,,,2026-05-24
해상,Busan,중남미,Buenos Aires,2020,12,5800.0,5900.0,USD,,,,,2026-05-24
해상,Busan,중남미,Buenos Aires,2020,11,4150.0,4150.0,USD,,,,,2026-05-24
해상,Busan,중남미,Buenos Aires,2020,10,4150.0,4150.0,USD,,,,,2026-05-24
해상,Busan,중남미,Buenos Aires,2020,09,3975.0,4025.0,USD,,,,,2026-05-24
해상,Busan,중남미,Buenos Aires,2020,08,1700.0,1700.0,USD,,,,,2026-05-24
해상,Busan,중남미,Buenos Aires,2020,07,1175.0,1175.0,USD,,,,,2026-05-24
해상,Busan,중남미,Buenos Aires,2020,06,1500.0,1500.0,USD,,,,,2026-05-24
해상,Busan,중남미,Buenos Aires,2020,05,1500.0,1500.0,USD,,,,,2026-05-24
해상,Busan,중남미,Buenos Aires,2020,04,1400.0,1400.0,USD,,,,,2026-05-24
해상,Busan,중남미,Buenos Aires,2020,03,2000.0,2000.0,USD,,,,,2026-05-24
해상,Busan,중남미,Buenos Aires,2020,02,2100.0,2100.0,USD,,,,,2026-05-24
해상,Busan,중남미,Buenos Aires,2020,01,2350.0,2350.0,USD,,,,,2026-05-24
해상,Busan,중남미,Buenos Aires,2019,12,2050.0,2050.0,USD,,,,,2026-05-24
해상,Busan,중남미,Buenos Aires,2019,11,2150.0,2150.0,USD,,,,,2026-05-24
해상,Busan,중남미,Buenos Aires,2019,10,1800.0,1800.0,USD,,,,,2026-05-24
해상,Busan,중남미,Buenos Aires,2019,09,2300.0,2600.0,USD,,,,,2026-05-24
해상,Busan,중남미,Buenos Aires,2019,08,2200.0,2200.0,USD,,,,,2026-05-24
해상,Busan,중남미,Buenos Aires,2019,07,2400.0,2400.0,USD,,,,,2026-05-24
해상,Busan,중남미,Buenos Aires,2019,06,1900.0,1950.0,USD,,,,,2026-05-24
해상,Busan,중남미,Buenos Aires,2019,05,1700.0,1700.0,USD,,,,,2026-05-24
해상,Busan,중남미,Buenos Aires,2019,04,2200.0,2700.0,USD,,,,,2026-05-24
해상,Busan,중남미,Buenos Aires,2019,03,1600.0,1600.0,USD,,,,,2026-05-24
해상,Busan,중남미,Buenos Aires,2019,02,1900.0,1900.0,USD,,,,,2026-05-24
해상,Busan,중남미,Buenos Aires,2019,01,2100.0,2100.0,USD,,,,,2026-05-24
해상,Busan,중남미,Buenos Aires,2018,12,1550.0,1550.0,USD,,,,,2026-05-24
해상,Busan,중남미,Buenos Aires,2018,11,1700.0,1700.0,USD,,,,,2026-05-24
해상,Busan,중남미,Buenos Aires,2018,10,1500.0,1500.0,USD,,,,,2026-05-24
해상,Busan,중남미,Buenos Aires,2018,09,2300.0,2500.0,USD,,,,,2026-05-24
해상,Busan,중남미,Buenos Aires,2018,08,2100.0,2100.0,USD,,,,,2026-05-24
해상,Busan,중남미,Buenos Aires,2018,07,2100.0,2100.0,USD,,,,,2026-05-24
해상,Busan,중남미,Buenos Aires,2018,06,2350.0,2350.0,USD,,,,,2026-05-24
해상,Busan,중남미,Buenos Aires,2018,05,2450.0,2450.0,USD,,,,,2026-05-24
해상,Busan,중남미,Buenos Aires,2018,04,2100.0,2100.0,USD,,,,,2026-05-24
해상,Busan,중남미,Buenos Aires,2018,03,2575.0,2575.0,USD,,,,,2026-05-24
해상,Busan,중남미,Buenos Aires,2018,02,2875.0,2850.0,USD,,,,,2026-05-24
해상,Busan,중남미,Buenos Aires,2018,01,2850.0,3300.0,USD,,,,,2026-05-24
해상,Busan,중남미,Montevideo,2026,05,4200.0,4500.0,USD,,,,,2026-05-24
해상,Busan,중남미,Montevideo,2026,04,3500.0,3500.0,USD,,,,,2026-05-24
해상,Busan,중남미,Montevideo,2026,03,2400.0,2600.0,USD,,,,,2026-05-24
해상,Busan,중남미,Montevideo,2026,02,1500.0,1700.0,USD,,,,,2026-05-24
해상,Busan,중남미,Montevideo,2026,01,2900.0,3000.0,USD,,,,,2026-05-24
해상,Busan,중남미,Montevideo,2025,12,1800.0,2000.0,USD,,,,,2026-05-24
해상,Busan,중남미,Montevideo,2025,11,2950.0,3100.0,USD,,,,,2026-05-24
해상,Busan,중남미,Montevideo,2025,10,2300.0,2500.0,USD,,,,,2026-05-24
해상,Busan,중남미,Montevideo,2025,09,2900.0,3300.0,USD,,,,,2026-05-24
해상,Busan,중남미,Montevideo,2025,08,4500.0,4700.0,USD,,,,,2026-05-24
해상,Busan,중남미,Montevideo,2025,07,6700.0,6900.0,USD,,,,,2026-05-24
해상,Busan,중남미,Montevideo,2025,06,3200.0,3500.0,USD,,,,,2026-05-24
해상,Busan,중남미,Montevideo,2025,05,1320.0,1600.0,USD,,,,,2026-05-24
해상,Busan,중남미,Montevideo,2025,04,1700.0,1900.0,USD,,,,,2026-05-24
해상,Busan,중남미,Montevideo,2025,03,3500.0,4000.0,USD,,,,,2026-05-24
해상,Busan,중남미,Montevideo,2025,01,4400.0,4700.0,USD,,,,,2026-05-24
해상,Busan,중남미,Montevideo,2024,12,6600.0,6600.0,USD,,,,,2026-05-24
해상,Busan,중남미,Montevideo,2024,11,6200.0,7400.0,USD,,,,,2026-05-24
해상,Busan,중남미,Montevideo,2024,10,7200.0,7500.0,USD,,,,,2026-05-24
해상,Busan,중남미,Montevideo,2024,09,7150.0,7550.0,USD,,,,,2026-05-24
해상,Busan,중남미,Montevideo,2024,08,7400.0,7600.0,USD,,,,,2026-05-24
해상,Busan,중남미,Montevideo,2024,07,9200.0,9200.0,USD,,,,,2026-05-24
해상,Busan,중남미,Montevideo,2024,06,8813.0,9113.0,USD,,,,,2026-05-24
해상,Busan,중남미,Montevideo,2024,05,7300.0,7500.0,USD,,,,,2026-05-24
해상,Busan,중남미,Montevideo,2024,04,4300.0,4700.0,USD,,,,,2026-05-24
해상,Busan,중남미,Montevideo,2024,03,3200.0,3200.0,USD,,,,,2026-05-24
해상,Busan,중남미,Montevideo,2024,02,4550.0,4750.0,USD,,,,,2026-05-24
해상,Busan,중남미,Montevideo,2024,01,2900.0,3250.0,USD,,,,,2026-05-24
해상,Busan,중남미,Montevideo,2023,12,2900.0,3180.0,USD,,,,,2026-05-24
해상,Busan,중남미,Montevideo,2023,11,2900.0,3180.0,USD,,,,,2026-05-24
해상,Busan,중남미,Montevideo,2023,10,2030.0,2350.0,USD,,,,,2026-05-24
해상,Busan,중남미,Montevideo,2023,09,2140.0,2300.0,USD,,,,,2026-05-24
해상,Busan,중남미,Montevideo,2023,08,2600.0,2900.0,USD,,,,,2026-05-24
해상,Busan,중남미,Montevideo,2023,07,2800.0,3300.0,USD,,,,,2026-05-24
해상,Busan,중남미,Montevideo,2023,06,2800.0,3100.0,USD,,,,,2026-05-24
해상,Busan,중남미,Montevideo,2023,05,2300.0,2700.0,USD,,,,,2026-05-24
해상,Busan,중남미,Montevideo,2023,04,2000.0,2200.0,USD,,,,,2026-05-24
해상,Busan,중남미,Montevideo,2023,03,1600.0,1840.0,USD,,,,,2026-05-24
해상,Busan,중남미,Montevideo,2023,02,1400.0,1550.0,USD,,,,,2026-05-24
해상,Busan,중남미,Montevideo,2023,01,1800.0,1800.0,USD,,,,,2026-05-24
해상,Busan,중남미,Montevideo,2022,12,1900.0,1900.0,USD,,,,,2026-05-24
해상,Busan,중남미,Montevideo,2022,11,5215.0,6100.0,USD,,,,,2026-05-24
해상,Busan,중남미,Montevideo,2022,10,6100.0,6100.0,USD,,,,,2026-05-24
해상,Busan,중남미,Montevideo,2022,09,8000.0,8000.0,USD,,,,,2026-05-24
해상,Busan,중남미,Montevideo,2022,08,1100.0,1100.0,USD,,,,,2026-05-24
해상,Busan,중남미,Montevideo,2022,07,10200.0,10200.0,USD,,,,,2026-05-24
해상,Busan,중남미,Montevideo,2022,06,6800.0,7300.0,USD,,,,,2026-05-24
해상,Busan,중남미,Montevideo,2022,05,6800.0,7300.0,USD,,,,,2026-05-24
해상,Busan,중남미,Montevideo,2022,04,7500.0,7500.0,USD,,,,,2026-05-24
해상,Busan,중남미,Montevideo,2022,03,9800.0,11000.0,USD,,,,,2026-05-24
해상,Busan,중남미,Montevideo,2022,02,9800.0,11000.0,USD,,,,,2026-05-24
해상,Busan,중남미,Montevideo,2022,01,10325.0,13000.0,USD,,,,,2026-05-24
해상,Busan,중남미,Montevideo,2021,12,10325.0,13000.0,USD,,,,,2026-05-24
해상,Busan,중남미,Montevideo,2021,11,10325.0,13000.0,USD,,,,,2026-05-24
해상,Busan,중남미,Montevideo,2021,10,9750.0,12400.0,USD,,,,,2026-05-24
해상,Busan,중남미,Montevideo,2021,09,10050.0,12400.0,USD,,,,,2026-05-24
해상,Busan,중남미,Montevideo,2021,08,9550.0,10250.0,USD,,,,,2026-05-24
해상,Busan,중남미,Montevideo,2021,07,9550.0,10250.0,USD,,,,,2026-05-24
해상,Busan,중남미,Montevideo,2021,06,9200.0,10200.0,USD,,,,,2026-05-24
해상,Busan,중남미,Montevideo,2021,05,7795.0,7640.0,USD,,,,,2026-05-24
해상,Busan,중남미,Montevideo,2021,04,7750.0,7950.0,USD,,,,,2026-05-24
해상,Busan,중남미,Montevideo,2021,03,7950.0,8450.0,USD,,,,,2026-05-24
해상,Busan,중남미,Montevideo,2021,02,7400.0,8300.0,USD,,,,,2026-05-24
해상,Busan,중남미,Montevideo,2021,01,8650.0,8850.0,USD,,,,,2026-05-24
해상,Busan,중남미,Montevideo,2020,12,5800.0,5900.0,USD,,,,,2026-05-24
해상,Busan,중남미,Montevideo,2020,11,4150.0,4150.0,USD,,,,,2026-05-24
해상,Busan,중남미,Montevideo,2020,10,4150.0,4150.0,USD,,,,,2026-05-24
해상,Busan,중남미,Montevideo,2020,09,3975.0,4025.0,USD,,,,,2026-05-24
해상,Busan,중남미,Montevideo,2020,08,1700.0,1700.0,USD,,,,,2026-05-24
해상,Busan,중남미,Montevideo,2020,07,1175.0,1175.0,USD,,,,,2026-05-24
해상,Busan,중남미,Montevideo,2020,06,1500.0,1500.0,USD,,,,,2026-05-24
해상,Busan,중남미,Montevideo,2020,05,1400.0,1400.0,USD,,,,,2026-05-24
해상,Busan,중남미,Montevideo,2020,04,1000.0,1000.0,USD,,,,,2026-05-24
해상,Busan,중남미,Montevideo,2020,03,2000.0,2000.0,USD,,,,,2026-05-24
해상,Busan,중남미,Montevideo,2020,02,2100.0,2200.0,USD,,,,,2026-05-24
해상,Busan,중남미,Montevideo,2020,01,2350.0,2350.0,USD,,,,,2026-05-24
해상,Busan,중남미,Montevideo,2019,12,2050.0,2050.0,USD,,,,,2026-05-24
해상,Busan,중남미,Montevideo,2019,11,2200.0,2200.0,USD,,,,,2026-05-24
해상,Busan,중남미,Montevideo,2019,10,1800.0,1800.0,USD,,,,,2026-05-24
해상,Busan,중남미,Montevideo,2019,09,2300.0,2600.0,USD,,,,,2026-05-24
해상,Busan,중남미,Montevideo,2019,08,2200.0,2200.0,USD,,,,,2026-05-24
해상,Busan,중남미,Montevideo,2019,07,2400.0,2400.0,USD,,,,,2026-05-24
해상,Busan,중남미,Montevideo,2019,06,1900.0,1950.0,USD,,,,,2026-05-24
해상,Busan,중남미,Montevideo,2019,05,1700.0,1700.0,USD,,,,,2026-05-24
해상,Busan,중남미,Montevideo,2019,04,2200.0,2700.0,USD,,,,,2026-05-24
해상,Busan,중남미,Montevideo,2019,03,1600.0,1600.0,USD,,,,,2026-05-24
해상,Busan,중남미,Montevideo,2019,02,1900.0,1900.0,USD,,,,,2026-05-24
해상,Busan,중남미,Montevideo,2019,01,2100.0,2100.0,USD,,,,,2026-05-24
해상,Busan,중남미,Montevideo,2018,12,1550.0,1550.0,USD,,,,,2026-05-24
해상,Busan,중남미,Montevideo,2018,11,1700.0,1700.0,USD,,,,,2026-05-24
해상,Busan,중남미,Montevideo,2018,10,1500.0,1500.0,USD,,,,,2026-05-24
해상,Busan,중남미,Montevideo,2018,09,2300.0,2500.0,USD,,,,,2026-05-24
해상,Busan,중남미,Montevideo,2018,08,2100.0,2100.0,USD,,,,,2026-05-24
해상,Busan,중남미,Montevideo,2018,07,2100.0,2100.0,USD,,,,,2026-05-24
해상,Busan,중남미,Montevideo,2018,06,2300.0,2300.0,USD,,,,,2026-05-24
해상,Busan,중남미,Montevideo,2018,05,2100.0,2100.0,USD,,,,,2026-05-24
해상,Busan,중남미,Montevideo,2018,04,2100.0,2100.0,USD,,,,,2026-05-24
해상,Busan,중남미,Montevideo,2018,03,2575.0,2575.0,USD,,,,,2026-05-24
해상,Busan,중남미,Montevideo,2018,02,3150.0,2850.0,USD,,,,,2026-05-24
해상,Busan,중남미,Montevideo,2018,01,2850.0,3300.0,USD,,,,,2026-05-24
해상,Busan,중남미,Santos,2026,05,4200.0,4500.0,USD,,,,,2026-05-24
해상,Busan,중남미,Santos,2026,04,3500.0,3500.0,USD,,,,,2026-05-24
해상,Busan,중남미,Santos,2026,03,2400.0,2600.0,USD,,,,,2026-05-24
해상,Busan,중남미,Santos,2026,02,1500.0,1700.0,USD,,,,,2026-05-24
해상,Busan,중남미,Santos,2026,01,2900.0,3000.0,USD,,,,,2026-05-24
해상,Busan,중남미,Santos,2025,12,1800.0,2000.0,USD,,,,,2026-05-24
해상,Busan,중남미,Santos,2025,11,2950.0,3100.0,USD,,,,,2026-05-24
해상,Busan,중남미,Santos,2025,10,2300.0,2400.0,USD,,,,,2026-05-24
해상,Busan,중남미,Santos,2025,09,2900.0,3300.0,USD,,,,,2026-05-24
해상,Busan,중남미,Santos,2025,08,4500.0,4700.0,USD,,,,,2026-05-24
해상,Busan,중남미,Santos,2025,07,6700.0,6900.0,USD,,,,,2026-05-24
해상,Busan,중남미,Santos,2025,06,3200.0,3500.0,USD,,,,,2026-05-24
해상,Busan,중남미,Santos,2025,05,1320.0,1600.0,USD,,,,,2026-05-24
해상,Busan,중남미,Santos,2025,04,1700.0,1900.0,USD,,,,,2026-05-24
해상,Busan,중남미,Santos,2025,03,3300.0,3800.0,USD,,,,,2026-05-24
해상,Busan,중남미,Santos,2025,01,4400.0,4700.0,USD,,,,,2026-05-24
해상,Busan,중남미,Santos,2024,12,6600.0,6600.0,USD,,,,,2026-05-24
해상,Busan,중남미,Santos,2024,11,6000.0,7000.0,USD,,,,,2026-05-24
해상,Busan,중남미,Santos,2024,10,7200.0,7500.0,USD,,,,,2026-05-24
해상,Busan,중남미,Santos,2024,09,7150.0,7550.0,USD,,,,,2026-05-24
해상,Busan,중남미,Santos,2024,08,7400.0,7600.0,USD,,,,,2026-05-24
해상,Busan,중남미,Santos,2024,07,9200.0,9200.0,USD,,,,,2026-05-24
해상,Busan,중남미,Santos,2024,06,8815.0,9115.0,USD,,,,,2026-05-24
해상,Busan,중남미,Santos,2024,05,7300.0,7500.0,USD,,,,,2026-05-24
해상,Busan,중남미,Santos,2024,04,4300.0,4700.0,USD,,,,,2026-05-24
해상,Busan,중남미,Santos,2024,03,3200.0,3200.0,USD,,,,,2026-05-24
해상,Busan,중남미,Santos,2024,02,4550.0,4750.0,USD,,,,,2026-05-24
해상,Busan,중남미,Santos,2024,01,2900.0,3250.0,USD,,,,,2026-05-24
해상,Busan,중남미,Santos,2023,12,2900.0,3180.0,USD,,,,,2026-05-24
해상,Busan,중남미,Santos,2023,11,2900.0,3180.0,USD,,,,,2026-05-24
해상,Busan,중남미,Santos,2023,10,2030.0,2350.0,USD,,,,,2026-05-24
해상,Busan,중남미,Santos,2023,09,2140.0,2300.0,USD,,,,,2026-05-24
해상,Busan,중남미,Santos,2023,08,2600.0,2900.0,USD,,,,,2026-05-24
해상,Busan,중남미,Santos,2023,07,2800.0,3300.0,USD,,,,,2026-05-24
해상,Busan,중남미,Santos,2023,06,2800.0,3100.0,USD,,,,,2026-05-24
해상,Busan,중남미,Santos,2023,05,2100.0,2400.0,USD,,,,,2026-05-24
해상,Busan,중남미,Santos,2023,04,2000.0,2200.0,USD,,,,,2026-05-24
해상,Busan,중남미,Santos,2023,03,1600.0,1840.0,USD,,,,,2026-05-24
해상,Busan,중남미,Santos,2023,02,1400.0,1550.0,USD,,,,,2026-05-24
해상,Busan,중남미,Santos,2023,01,1800.0,1800.0,USD,,,,,2026-05-24
해상,Busan,중남미,Santos,2022,12,1900.0,1900.0,USD,,,,,2026-05-24
해상,Busan,중남미,Santos,2022,11,5215.0,6100.0,USD,,,,,2026-05-24
해상,Busan,중남미,Santos,2022,10,6100.0,6100.0,USD,,,,,2026-05-24
해상,Busan,중남미,Santos,2022,09,8000.0,8000.0,USD,,,,,2026-05-24
해상,Busan,중남미,Santos,2022,08,1100.0,1100.0,USD,,,,,2026-05-24
해상,Busan,중남미,Santos,2022,07,10200.0,10200.0,USD,,,,,2026-05-24
해상,Busan,중남미,Santos,2022,06,6800.0,7300.0,USD,,,,,2026-05-24
해상,Busan,중남미,Santos,2022,05,6800.0,7300.0,USD,,,,,2026-05-24
해상,Busan,중남미,Santos,2022,04,7500.0,7500.0,USD,,,,,2026-05-24
해상,Busan,중남미,Santos,2022,03,9800.0,11000.0,USD,,,,,2026-05-24
해상,Busan,중남미,Santos,2022,02,9800.0,11000.0,USD,,,,,2026-05-24
해상,Busan,중남미,Santos,2022,01,10325.0,13000.0,USD,,,,,2026-05-24
해상,Busan,중남미,Santos,2021,12,10325.0,13000.0,USD,,,,,2026-05-24
해상,Busan,중남미,Santos,2021,11,10325.0,13000.0,USD,,,,,2026-05-24
해상,Busan,중남미,Santos,2021,10,9750.0,12400.0,USD,,,,,2026-05-24
해상,Busan,중남미,Santos,2021,09,10050.0,12400.0,USD,,,,,2026-05-24
해상,Busan,중남미,Santos,2021,08,9550.0,10250.0,USD,,,,,2026-05-24
해상,Busan,중남미,Santos,2021,07,9550.0,10250.0,USD,,,,,2026-05-24
해상,Busan,중남미,Santos,2021,06,9200.0,10200.0,USD,,,,,2026-05-24
해상,Busan,중남미,Santos,2021,05,7795.0,7640.0,USD,,,,,2026-05-24
해상,Busan,중남미,Santos,2021,04,7750.0,7950.0,USD,,,,,2026-05-24
해상,Busan,중남미,Santos,2021,03,7950.0,8450.0,USD,,,,,2026-05-24
해상,Busan,중남미,Santos,2021,02,7400.0,8300.0,USD,,,,,2026-05-24
해상,Busan,중남미,Santos,2021,01,8650.0,8850.0,USD,,,,,2026-05-24
해상,Busan,중남미,Santos,2020,12,5800.0,5900.0,USD,,,,,2026-05-24
해상,Busan,중남미,Santos,2020,11,4150.0,4150.0,USD,,,,,2026-05-24
해상,Busan,중남미,Santos,2020,10,4150.0,4150.0,USD,,,,,2026-05-24
해상,Busan,중남미,Santos,2020,09,3975.0,4025.0,USD,,,,,2026-05-24
해상,Busan,중남미,Santos,2020,08,1700.0,1700.0,USD,,,,,2026-05-24
해상,Busan,중남미,Santos,2020,07,1175.0,1175.0,USD,,,,,2026-05-24
해상,Busan,중남미,Santos,2020,06,1500.0,1500.0,USD,,,,,2026-05-24
해상,Busan,중남미,Santos,2020,05,1400.0,1400.0,USD,,,,,2026-05-24
해상,Busan,중남미,Santos,2020,04,1000.0,1000.0,USD,,,,,2026-05-24
해상,Busan,중남미,Santos,2020,03,2000.0,2000.0,USD,,,,,2026-05-24
해상,Busan,중남미,Santos,2020,02,2100.0,2100.0,USD,,,,,2026-05-24
해상,Busan,중남미,Santos,2020,01,2350.0,2350.0,USD,,,,,2026-05-24
해상,Busan,중남미,Santos,2019,12,2050.0,2050.0,USD,,,,,2026-05-24
해상,Busan,중남미,Santos,2019,11,2200.0,2200.0,USD,,,,,2026-05-24
해상,Busan,중남미,Santos,2019,10,1800.0,1800.0,USD,,,,,2026-05-24
해상,Busan,중남미,Santos,2019,09,2300.0,2600.0,USD,,,,,2026-05-24
해상,Busan,중남미,Santos,2019,08,2200.0,2200.0,USD,,,,,2026-05-24
해상,Busan,중남미,Santos,2019,07,2400.0,2400.0,USD,,,,,2026-05-24
해상,Busan,중남미,Santos,2019,06,1900.0,1950.0,USD,,,,,2026-05-24
해상,Busan,중남미,Santos,2019,05,1700.0,1700.0,USD,,,,,2026-05-24
해상,Busan,중남미,Santos,2019,04,2200.0,2700.0,USD,,,,,2026-05-24
해상,Busan,중남미,Santos,2019,03,1600.0,1600.0,USD,,,,,2026-05-24
해상,Busan,중남미,Santos,2019,02,1900.0,1900.0,USD,,,,,2026-05-24
해상,Busan,중남미,Santos,2019,01,2100.0,2100.0,USD,,,,,2026-05-24
해상,Busan,중남미,Santos,2018,12,1550.0,1550.0,USD,,,,,2026-05-24
해상,Busan,중남미,Santos,2018,11,1700.0,1700.0,USD,,,,,2026-05-24
해상,Busan,중남미,Santos,2018,10,1500.0,1500.0,USD,,,,,2026-05-24
해상,Busan,중남미,Santos,2018,09,2300.0,2500.0,USD,,,,,2026-05-24
해상,Busan,중남미,Santos,2018,08,2100.0,2100.0,USD,,,,,2026-05-24
해상,Busan,중남미,Santos,2018,07,2100.0,2100.0,USD,,,,,2026-05-24
해상,Busan,중남미,Santos,2018,06,2350.0,2400.0,USD,,,,,2026-05-24
해상,Busan,중남미,Santos,2018,05,2450.0,2450.0,USD,,,,,2026-05-24
해상,Busan,중남미,Santos,2018,04,2100.0,2100.0,USD,,,,,2026-05-24
해상,Busan,중남미,Santos,2018,03,2550.0,2550.0,USD,,,,,2026-05-24
해상,Busan,중남미,Santos,2018,02,2850.0,2800.0,USD,,,,,2026-05-24
해상,Busan,중남미,Santos,2018,01,2850.0,3300.0,USD,,,,,2026-05-24
해상,Busan,중남미,Callao,2026,05,4200.0,4500.0,USD,,,,,2026-05-24
해상,Busan,중남미,Callao,2026,04,3550.0,3700.0,USD,,,,,2026-05-24
해상,Busan,중남미,Callao,2026,03,2000.0,2400.0,USD,,,,,2026-05-24
해상,Busan,중남미,Callao,2026,02,1000.0,1150.0,USD,,,,,2026-05-24
해상,Busan,중남미,Callao,2026,01,2300.0,2500.0,USD,,,,,2026-05-24
해상,Busan,중남미,Callao,2025,12,1950.0,2300.0,USD,,,,,2026-05-24
해상,Busan,중남미,Callao,2025,11,2000.0,2400.0,USD,,,,,2026-05-24
해상,Busan,중남미,Callao,2025,10,1250.0,1600.0,USD,,,,,2026-05-24
해상,Busan,중남미,Callao,2025,09,2800.0,3200.0,USD,,,,,2026-05-24
해상,Busan,중남미,Callao,2025,08,3200.0,3500.0,USD,,,,,2026-05-24
해상,Busan,중남미,Callao,2025,07,2400.0,2600.0,USD,,,,,2026-05-24
해상,Busan,중남미,Callao,2025,06,4300.0,5500.0,USD,,,,,2026-05-24
해상,Busan,중남미,Callao,2025,05,1450.0,1800.0,USD,,,,,2026-05-24
해상,Busan,중남미,Callao,2025,04,1600.0,1850.0,USD,,,,,2026-05-24
해상,Busan,중남미,Callao,2025,03,3500.0,4000.0,USD,,,,,2026-05-24
해상,Busan,중남미,Callao,2025,01,2000.0,2400.0,USD,,,,,2026-05-24
해상,Busan,중남미,Callao,2024,12,4500.0,4500.0,USD,,,,,2026-05-24
해상,Busan,중남미,Callao,2024,11,2500.0,2700.0,USD,,,,,2026-05-24
해상,Busan,중남미,Callao,2024,10,5800.0,6500.0,USD,,,,,2026-05-24
해상,Busan,중남미,Callao,2024,09,4250.0,5700.0,USD,,,,,2026-05-24
해상,Busan,중남미,Callao,2024,08,5500.0,6500.0,USD,,,,,2026-05-24
해상,Busan,중남미,Callao,2024,07,5100.0,6600.0,USD,,,,,2026-05-24
해상,Busan,중남미,Callao,2024,06,6000.0,6500.0,USD,,,,,2026-05-24
해상,Busan,중남미,Callao,2024,05,5300.0,6000.0,USD,,,,,2026-05-24
해상,Busan,중남미,Callao,2024,04,3000.0,3800.0,USD,,,,,2026-05-24
해상,Busan,중남미,Callao,2024,03,2900.0,2900.0,USD,,,,,2026-05-24
해상,Busan,중남미,Callao,2024,02,3520.0,4120.0,USD,,,,,2026-05-24
해상,Busan,중남미,Callao,2024,01,2100.0,2450.0,USD,,,,,2026-05-24
해상,Busan,중남미,Callao,2023,12,1250.0,1650.0,USD,,,,,2026-05-24
해상,Busan,중남미,Callao,2023,11,1650.0,2000.0,USD,,,,,2026-05-24
해상,Busan,중남미,Callao,2023,10,1320.0,1600.0,USD,,,,,2026-05-24
해상,Busan,중남미,Callao,2023,09,1550.0,1800.0,USD,,,,,2026-05-24
해상,Busan,중남미,Callao,2023,08,2300.0,2700.0,USD,,,,,2026-05-24
해상,Busan,중남미,Callao,2023,07,2100.0,2500.0,USD,,,,,2026-05-24
해상,Busan,중남미,Callao,2023,06,1750.0,2450.0,USD,,,,,2026-05-24
해상,Busan,중남미,Callao,2023,05,2050.0,2950.0,USD,,,,,2026-05-24
해상,Busan,중남미,Callao,2023,04,1450.0,2150.0,USD,,,,,2026-05-24
해상,Busan,중남미,Callao,2023,03,1120.0,1700.0,USD,,,,,2026-05-24
해상,Busan,중남미,Callao,2023,02,1100.0,1800.0,USD,,,,,2026-05-24
해상,Busan,중남미,Callao,2023,01,1000.0,1650.0,USD,,,,,2026-05-24
해상,Busan,중남미,Callao,2022,12,1300.0,2100.0,USD,,,,,2026-05-24
해상,Busan,중남미,Callao,2022,11,3000.0,3300.0,USD,,,,,2026-05-24
해상,Busan,중남미,Callao,2022,10,3300.0,4000.0,USD,,,,,2026-05-24
해상,Busan,중남미,Callao,2022,09,7600.0,7600.0,USD,,,,,2026-05-24
해상,Busan,중남미,Callao,2022,08,8000.0,8000.0,USD,,,,,2026-05-24
해상,Busan,중남미,Callao,2022,07,9100.0,9500.0,USD,,,,,2026-05-24
해상,Busan,중남미,Callao,2022,06,7500.0,9100.0,USD,,,,,2026-05-24
해상,Busan,중남미,Callao,2022,05,7500.0,9000.0,USD,,,,,2026-05-24
해상,Busan,중남미,Callao,2022,04,7800.0,8800.0,USD,,,,,2026-05-24
해상,Busan,중남미,Callao,2022,03,9500.0,11500.0,USD,,,,,2026-05-24
해상,Busan,중남미,Callao,2022,02,9500.0,11500.0,USD,,,,,2026-05-24
해상,Busan,중남미,Callao,2022,01,9700.0,13000.0,USD,,,,,2026-05-24
해상,Busan,중남미,Callao,2021,12,9700.0,13000.0,USD,,,,,2026-05-24
해상,Busan,중남미,Callao,2021,11,9700.0,13000.0,USD,,,,,2026-05-24
해상,Busan,중남미,Callao,2021,10,9100.0,12400.0,USD,,,,,2026-05-24
해상,Busan,중남미,Callao,2021,09,9970.0,12400.0,USD,,,,,2026-05-24
해상,Busan,중남미,Callao,2021,08,8970.0,10590.0,USD,,,,,2026-05-24
해상,Busan,중남미,Callao,2021,07,9300.0,11700.0,USD,,,,,2026-05-24
해상,Busan,중남미,Callao,2021,06,9350.0,11900.0,USD,,,,,2026-05-24
해상,Busan,중남미,Callao,2021,05,8850.0,9700.0,USD,,,,,2026-05-24
해상,Busan,중남미,Callao,2021,04,6800.0,7800.0,USD,,,,,2026-05-24
해상,Busan,중남미,Callao,2021,03,7500.0,8400.0,USD,,,,,2026-05-24
해상,Busan,중남미,Callao,2021,02,7270.0,8170.0,USD,,,,,2026-05-24
해상,Busan,중남미,Callao,2021,01,7270.0,8170.0,USD,,,,,2026-05-24
해상,Busan,중남미,Callao,2020,12,5800.0,6300.0,USD,,,,,2026-05-24
해상,Busan,중남미,Callao,2020,11,4200.0,4500.0,USD,,,,,2026-05-24
해상,Busan,중남미,Callao,2020,10,3800.0,3800.0,USD,,,,,2026-05-24
해상,Busan,중남미,Callao,2020,09,4700.0,4750.0,USD,,,,,2026-05-24
해상,Busan,중남미,Callao,2020,08,1700.0,1700.0,USD,,,,,2026-05-24
해상,Busan,중남미,Callao,2020,07,2000.0,2400.0,USD,,,,,2026-05-24
해상,Busan,중남미,Callao,2020,06,2000.0,2000.0,USD,,,,,2026-05-24
해상,Busan,중남미,Callao,2020,05,1500.0,1500.0,USD,,,,,2026-05-24
해상,Busan,중남미,Callao,2020,04,1150.0,1150.0,USD,,,,,2026-05-24
해상,Busan,중남미,Callao,2020,03,2000.0,1800.0,USD,,,,,2026-05-24
해상,Busan,중남미,Callao,2020,02,2000.0,2000.0,USD,,,,,2026-05-24
해상,Busan,중남미,Callao,2020,01,2300.0,2300.0,USD,,,,,2026-05-24
해상,Busan,중남미,Callao,2019,12,2000.0,2000.0,USD,,,,,2026-05-24
해상,Busan,중남미,Callao,2019,11,2900.0,2900.0,USD,,,,,2026-05-24
해상,Busan,중남미,Callao,2019,10,1800.0,1800.0,USD,,,,,2026-05-24
해상,Busan,중남미,Callao,2019,09,1900.0,1900.0,USD,,,,,2026-05-24
해상,Busan,중남미,Callao,2019,08,2050.0,2050.0,USD,,,,,2026-05-24
해상,Busan,중남미,Callao,2019,07,1800.0,1800.0,USD,,,,,2026-05-24
해상,Busan,중남미,Callao,2019,06,2100.0,2200.0,USD,,,,,2026-05-24
해상,Busan,중남미,Callao,2019,05,1800.0,1800.0,USD,,,,,2026-05-24
해상,Busan,중남미,Callao,2019,04,1550.0,1550.0,USD,,,,,2026-05-24
해상,Busan,중남미,Callao,2019,03,1400.0,1400.0,USD,,,,,2026-05-24
해상,Busan,중남미,Callao,2019,02,1900.0,1900.0,USD,,,,,2026-05-24
해상,Busan,중남미,Callao,2019,01,2100.0,2100.0,USD,,,,,2026-05-24
해상,Busan,중남미,Callao,2018,12,1850.0,1850.0,USD,,,,,2026-05-24
해상,Busan,중남미,Callao,2018,11,2000.0,2000.0,USD,,,,,2026-05-24
해상,Busan,중남미,Callao,2018,10,2100.0,2100.0,USD,,,,,2026-05-24
해상,Busan,중남미,Callao,2018,09,2400.0,2400.0,USD,,,,,2026-05-24
해상,Busan,중남미,Callao,2018,08,2200.0,2200.0,USD,,,,,2026-05-24
해상,Busan,중남미,Callao,2018,07,2200.0,2200.0,USD,,,,,2026-05-24
해상,Busan,중남미,Callao,2018,06,1000.0,1050.0,USD,,,,,2026-05-24
해상,Busan,중남미,Callao,2018,05,900.0,900.0,USD,,,,,2026-05-24
해상,Busan,중남미,Callao,2018,04,1000.0,1000.0,USD,,,,,2026-05-24
해상,Busan,중남미,Callao,2018,03,1850.0,1850.0,USD,,,,,2026-05-24
해상,Busan,중남미,Callao,2018,02,2550.0,2750.0,USD,,,,,2026-05-24
해상,Busan,중남미,Callao,2018,01,2700.0,3000.0,USD,,,,,2026-05-24
해상,Busan,중남미,Valparaiso,2026,05,4200.0,4500.0,USD,,,,,2026-05-24
해상,Busan,중남미,Valparaiso,2026,04,3350.0,3700.0,USD,,,,,2026-05-24
해상,Busan,중남미,Valparaiso,2026,03,2000.0,2400.0,USD,,,,,2026-05-24
해상,Busan,중남미,Valparaiso,2026,02,1000.0,1150.0,USD,,,,,2026-05-24
해상,Busan,중남미,Valparaiso,2026,01,2300.0,2500.0,USD,,,,,2026-05-24
해상,Busan,중남미,Valparaiso,2025,12,1950.0,2300.0,USD,,,,,2026-05-24
해상,Busan,중남미,Valparaiso,2025,11,2000.0,2400.0,USD,,,,,2026-05-24
해상,Busan,중남미,Valparaiso,2025,10,1250.0,1600.0,USD,,,,,2026-05-24
해상,Busan,중남미,Valparaiso,2025,09,2800.0,3200.0,USD,,,,,2026-05-24
해상,Busan,중남미,Valparaiso,2025,08,3200.0,3500.0,USD,,,,,2026-05-24
해상,Busan,중남미,Valparaiso,2025,07,2400.0,2600.0,USD,,,,,2026-05-24
해상,Busan,중남미,Valparaiso,2025,06,4500.0,5500.0,USD,,,,,2026-05-24
해상,Busan,중남미,Valparaiso,2025,05,1600.0,1800.0,USD,,,,,2026-05-24
해상,Busan,중남미,Valparaiso,2025,04,1600.0,1850.0,USD,,,,,2026-05-24
해상,Busan,중남미,Valparaiso,2025,03,3500.0,4000.0,USD,,,,,2026-05-24
해상,Busan,중남미,Valparaiso,2025,01,2000.0,2400.0,USD,,,,,2026-05-24
해상,Busan,중남미,Valparaiso,2024,12,4500.0,4500.0,USD,,,,,2026-05-24
해상,Busan,중남미,Valparaiso,2024,11,2700.0,3600.0,USD,,,,,2026-05-24
해상,Busan,중남미,Valparaiso,2024,10,5800.0,6500.0,USD,,,,,2026-05-24
해상,Busan,중남미,Valparaiso,2024,09,4250.0,5800.0,USD,,,,,2026-05-24
해상,Busan,중남미,Valparaiso,2024,08,5500.0,6500.0,USD,,,,,2026-05-24
해상,Busan,중남미,Valparaiso,2024,07,5100.0,5700.0,USD,,,,,2026-05-24
해상,Busan,중남미,Valparaiso,2024,06,5800.0,6500.0,USD,,,,,2026-05-24
해상,Busan,중남미,Valparaiso,2024,05,5300.0,6000.0,USD,,,,,2026-05-24
해상,Busan,중남미,Valparaiso,2024,04,3300.0,3600.0,USD,,,,,2026-05-24
해상,Busan,중남미,Valparaiso,2024,03,2900.0,2900.0,USD,,,,,2026-05-24
해상,Busan,중남미,Valparaiso,2024,02,3520.0,4120.0,USD,,,,,2026-05-24
해상,Busan,중남미,Valparaiso,2024,01,2300.0,2450.0,USD,,,,,2026-05-24
해상,Busan,중남미,Valparaiso,2023,12,1250.0,1650.0,USD,,,,,2026-05-24
해상,Busan,중남미,Valparaiso,2023,11,1650.0,2000.0,USD,,,,,2026-05-24
해상,Busan,중남미,Valparaiso,2023,10,1320.0,1600.0,USD,,,,,2026-05-24
해상,Busan,중남미,Valparaiso,2023,09,1550.0,1800.0,USD,,,,,2026-05-24
해상,Busan,중남미,Valparaiso,2023,08,2300.0,2700.0,USD,,,,,2026-05-24
해상,Busan,중남미,Valparaiso,2023,07,2100.0,2500.0,USD,,,,,2026-05-24
해상,Busan,중남미,Valparaiso,2023,06,1800.0,2450.0,USD,,,,,2026-05-24
해상,Busan,중남미,Valparaiso,2023,05,2400.0,3300.0,USD,,,,,2026-05-24
해상,Busan,중남미,Valparaiso,2023,04,1550.0,2200.0,USD,,,,,2026-05-24
해상,Busan,중남미,Valparaiso,2023,03,1120.0,1700.0,USD,,,,,2026-05-24
해상,Busan,중남미,Valparaiso,2023,02,1100.0,1800.0,USD,,,,,2026-05-24
해상,Busan,중남미,Valparaiso,2023,01,1200.0,1860.0,USD,,,,,2026-05-24
해상,Busan,중남미,Valparaiso,2022,12,1300.0,1960.0,USD,,,,,2026-05-24
해상,Busan,중남미,Valparaiso,2022,11,3000.0,3350.0,USD,,,,,2026-05-24
해상,Busan,중남미,Valparaiso,2022,10,3350.0,4000.0,USD,,,,,2026-05-24
해상,Busan,중남미,Valparaiso,2022,09,7600.0,7600.0,USD,,,,,2026-05-24
해상,Busan,중남미,Valparaiso,2022,08,8000.0,8000.0,USD,,,,,2026-05-24
해상,Busan,중남미,Valparaiso,2022,07,9100.0,9500.0,USD,,,,,2026-05-24
해상,Busan,중남미,Valparaiso,2022,06,7500.0,9100.0,USD,,,,,2026-05-24
해상,Busan,중남미,Valparaiso,2022,05,7500.0,9000.0,USD,,,,,2026-05-24
해상,Busan,중남미,Valparaiso,2022,04,7800.0,8800.0,USD,,,,,2026-05-24
해상,Busan,중남미,Valparaiso,2022,03,9500.0,11500.0,USD,,,,,2026-05-24
해상,Busan,중남미,Valparaiso,2022,02,9500.0,11500.0,USD,,,,,2026-05-24
해상,Busan,중남미,Valparaiso,2022,01,9700.0,13000.0,USD,,,,,2026-05-24
해상,Busan,중남미,Valparaiso,2021,12,9700.0,13000.0,USD,,,,,2026-05-24
해상,Busan,중남미,Valparaiso,2021,11,9700.0,13000.0,USD,,,,,2026-05-24
해상,Busan,중남미,Valparaiso,2021,10,9100.0,12400.0,USD,,,,,2026-05-24
해상,Busan,중남미,Valparaiso,2021,09,9970.0,12400.0,USD,,,,,2026-05-24
해상,Busan,중남미,Valparaiso,2021,08,8970.0,10590.0,USD,,,,,2026-05-24
해상,Busan,중남미,Valparaiso,2021,07,9300.0,11700.0,USD,,,,,2026-05-24
해상,Busan,중남미,Valparaiso,2021,06,9350.0,11900.0,USD,,,,,2026-05-24
해상,Busan,중남미,Valparaiso,2021,05,8850.0,9700.0,USD,,,,,2026-05-24
해상,Busan,중남미,Valparaiso,2021,04,6800.0,7800.0,USD,,,,,2026-05-24
해상,Busan,중남미,Valparaiso,2021,03,7500.0,8400.0,USD,,,,,2026-05-24
해상,Busan,중남미,Valparaiso,2021,02,8650.0,8850.0,USD,,,,,2026-05-24
해상,Busan,중남미,Valparaiso,2021,01,7270.0,8170.0,USD,,,,,2026-05-24
해상,Busan,중남미,Valparaiso,2020,12,5800.0,6300.0,USD,,,,,2026-05-24
해상,Busan,중남미,Valparaiso,2020,11,4200.0,4500.0,USD,,,,,2026-05-24
해상,Busan,중남미,Valparaiso,2020,10,3800.0,3800.0,USD,,,,,2026-05-24
해상,Busan,중남미,Valparaiso,2020,09,4700.0,4750.0,USD,,,,,2026-05-24
해상,Busan,중남미,Valparaiso,2020,08,1700.0,1700.0,USD,,,,,2026-05-24
해상,Busan,중남미,Valparaiso,2020,07,2000.0,2400.0,USD,,,,,2026-05-24
해상,Busan,중남미,Valparaiso,2020,06,2000.0,2000.0,USD,,,,,2026-05-24
해상,Busan,중남미,Valparaiso,2020,05,1500.0,1500.0,USD,,,,,2026-05-24
해상,Busan,중남미,Valparaiso,2020,04,1150.0,1150.0,USD,,,,,2026-05-24
해상,Busan,중남미,Valparaiso,2020,03,2000.0,1800.0,USD,,,,,2026-05-24
해상,Busan,중남미,Valparaiso,2020,02,2000.0,2000.0,USD,,,,,2026-05-24
해상,Busan,중남미,Valparaiso,2020,01,2300.0,2300.0,USD,,,,,2026-05-24
해상,Busan,중남미,Valparaiso,2019,12,2000.0,2000.0,USD,,,,,2026-05-24
해상,Busan,중남미,Valparaiso,2019,11,2900.0,2900.0,USD,,,,,2026-05-24
해상,Busan,중남미,Valparaiso,2019,10,1800.0,1800.0,USD,,,,,2026-05-24
해상,Busan,중남미,Valparaiso,2019,09,1900.0,1900.0,USD,,,,,2026-05-24
해상,Busan,중남미,Valparaiso,2019,08,2050.0,2050.0,USD,,,,,2026-05-24
해상,Busan,중남미,Valparaiso,2019,07,1800.0,1800.0,USD,,,,,2026-05-24
해상,Busan,중남미,Valparaiso,2019,06,2100.0,2200.0,USD,,,,,2026-05-24
해상,Busan,중남미,Valparaiso,2019,05,1800.0,1800.0,USD,,,,,2026-05-24
해상,Busan,중남미,Valparaiso,2019,04,1550.0,1550.0,USD,,,,,2026-05-24
해상,Busan,중남미,Valparaiso,2019,03,1400.0,1400.0,USD,,,,,2026-05-24
해상,Busan,중남미,Valparaiso,2019,02,1900.0,1900.0,USD,,,,,2026-05-24
해상,Busan,중남미,Valparaiso,2019,01,2000.0,2000.0,USD,,,,,2026-05-24
해상,Busan,중남미,Valparaiso,2018,12,1850.0,1850.0,USD,,,,,2026-05-24
해상,Busan,중남미,Valparaiso,2018,11,2000.0,2000.0,USD,,,,,2026-05-24
해상,Busan,중남미,Valparaiso,2018,10,2100.0,2100.0,USD,,,,,2026-05-24
해상,Busan,중남미,Valparaiso,2018,09,2400.0,2400.0,USD,,,,,2026-05-24
해상,Busan,중남미,Valparaiso,2018,08,2100.0,2100.0,USD,,,,,2026-05-24
해상,Busan,중남미,Valparaiso,2018,07,2100.0,2100.0,USD,,,,,2026-05-24
해상,Busan,중남미,Valparaiso,2018,06,1000.0,1050.0,USD,,,,,2026-05-24
해상,Busan,중남미,Valparaiso,2018,05,900.0,900.0,USD,,,,,2026-05-24
해상,Busan,중남미,Valparaiso,2018,04,1000.0,1000.0,USD,,,,,2026-05-24
해상,Busan,중남미,Valparaiso,2018,03,1850.0,1850.0,USD,,,,,2026-05-24
해상,Busan,중남미,Valparaiso,2018,02,2550.0,2750.0,USD,,,,,2026-05-24
해상,Busan,중남미,Valparaiso,2018,01,2700.0,3000.0,USD,,,,,2026-05-24
해상,Busan,중남미,Manzalino,2026,05,4200.0,4500.0,USD,,,,,2026-05-24
해상,Busan,중남미,Manzalino,2026,04,3550.0,3700.0,USD,,,,,2026-05-24
해상,Busan,중남미,Manzalino,2026,03,2000.0,2400.0,USD,,,,,2026-05-24
해상,Busan,중남미,Manzalino,2026,02,1000.0,1150.0,USD,,,,,2026-05-24
해상,Busan,중남미,Manzalino,2026,01,2300.0,2500.0,USD,,,,,2026-05-24
해상,Busan,중남미,Manzalino,2025,12,1950.0,2300.0,USD,,,,,2026-05-24
해상,Busan,중남미,Manzalino,2025,11,2000.0,2400.0,USD,,,,,2026-05-24
해상,Busan,중남미,Manzalino,2025,10,1250.0,1600.0,USD,,,,,2026-05-24
해상,Busan,중남미,Manzalino,2025,09,2800.0,3200.0,USD,,,,,2026-05-24
해상,Busan,중남미,Manzalino,2025,08,3200.0,3500.0,USD,,,,,2026-05-24
해상,Busan,중남미,Manzalino,2025,07,2400.0,2600.0,USD,,,,,2026-05-24
해상,Busan,중남미,Manzalino,2025,06,4500.0,5500.0,USD,,,,,2026-05-24
해상,Busan,중남미,Manzalino,2025,05,1600.0,1800.0,USD,,,,,2026-05-24
해상,Busan,중남미,Manzalino,2025,04,1600.0,1850.0,USD,,,,,2026-05-24
해상,Busan,중남미,Manzalino,2025,03,3500.0,4000.0,USD,,,,,2026-05-24
해상,Busan,중남미,Manzalino,2025,01,2000.0,2400.0,USD,,,,,2026-05-24
해상,Busan,중남미,Manzalino,2024,12,4500.0,4500.0,USD,,,,,2026-05-24
해상,Busan,중남미,Manzalino,2024,11,2700.0,2900.0,USD,,,,,2026-05-24
해상,Busan,중남미,Manzalino,2024,10,5800.0,6500.0,USD,,,,,2026-05-24
해상,Busan,중남미,Manzalino,2024,09,4250.0,5700.0,USD,,,,,2026-05-24
해상,Busan,중남미,Manzalino,2024,08,3750.0,4500.0,USD,,,,,2026-05-24
해상,Busan,중남미,Manzalino,2024,07,5100.0,5700.0,USD,,,,,2026-05-24
해상,Busan,중남미,Manzalino,2024,06,5700.0,6600.0,USD,,,,,2026-05-24
해상,Busan,중남미,Manzalino,2024,05,5300.0,6000.0,USD,,,,,2026-05-24
해상,Busan,중남미,Manzalino,2024,04,2500.0,3100.0,USD,,,,,2026-05-24
해상,Busan,중남미,Manzalino,2024,03,2900.0,2900.0,USD,,,,,2026-05-24
해상,Busan,중남미,Manzalino,2024,02,3520.0,4120.0,USD,,,,,2026-05-24
해상,Busan,중남미,Manzalino,2024,01,1540.0,1630.0,USD,,,,,2026-05-24
해상,Busan,중남미,Manzalino,2023,12,1250.0,1650.0,USD,,,,,2026-05-24
해상,Busan,중남미,Manzalino,2023,11,1650.0,2000.0,USD,,,,,2026-05-24
해상,Busan,중남미,Manzalino,2023,10,1320.0,1600.0,USD,,,,,2026-05-24
해상,Busan,중남미,Manzalino,2023,09,1550.0,1800.0,USD,,,,,2026-05-24
해상,Busan,중남미,Manzalino,2023,08,2300.0,2700.0,USD,,,,,2026-05-24
해상,Busan,중남미,Manzalino,2023,07,2150.0,2500.0,USD,,,,,2026-05-24
해상,Busan,중남미,Manzalino,2023,06,1750.0,2450.0,USD,,,,,2026-05-24
해상,Busan,중남미,Manzalino,2023,05,2050.0,2950.0,USD,,,,,2026-05-24
해상,Busan,중남미,Manzalino,2023,04,1550.0,2150.0,USD,,,,,2026-05-24
해상,Busan,중남미,Manzalino,2023,03,1120.0,1700.0,USD,,,,,2026-05-24
해상,Busan,중남미,Manzalino,2023,02,1100.0,1800.0,USD,,,,,2026-05-24
해상,Busan,중남미,Manzalino,2023,01,1000.0,1650.0,USD,,,,,2026-05-24
해상,Busan,중남미,Manzalino,2022,12,1300.0,2100.0,USD,,,,,2026-05-24
해상,Busan,중남미,Manzalino,2022,11,3000.0,3300.0,USD,,,,,2026-05-24
해상,Busan,중남미,Manzalino,2022,10,3300.0,4000.0,USD,,,,,2026-05-24
해상,Busan,중남미,Manzalino,2022,09,0.0,0.0,USD,,,,,2026-05-24
해상,Busan,중남미,Manzalino,2022,08,8000.0,8000.0,USD,,,,,2026-05-24
해상,Busan,중남미,Manzalino,2022,07,9100.0,9500.0,USD,,,,,2026-05-24
해상,Busan,중남미,Manzalino,2022,06,7500.0,9100.0,USD,,,,,2026-05-24
해상,Busan,중남미,Manzalino,2022,05,7500.0,9000.0,USD,,,,,2026-05-24
해상,Busan,중남미,Manzalino,2022,04,7800.0,8800.0,USD,,,,,2026-05-24
해상,Busan,중남미,Manzalino,2022,03,9500.0,11500.0,USD,,,,,2026-05-24
해상,Busan,중남미,Manzalino,2022,02,9500.0,11500.0,USD,,,,,2026-05-24
해상,Busan,중남미,Manzalino,2022,01,9700.0,13000.0,USD,,,,,2026-05-24
해상,Busan,중남미,Manzalino,2021,12,9700.0,13000.0,USD,,,,,2026-05-24
해상,Busan,중남미,Manzalino,2021,11,9700.0,13000.0,USD,,,,,2026-05-24
해상,Busan,중남미,Manzalino,2021,10,9100.0,12400.0,USD,,,,,2026-05-24
해상,Busan,중남미,Manzalino,2021,09,9970.0,12400.0,USD,,,,,2026-05-24
해상,Busan,중남미,Manzalino,2021,08,8970.0,10590.0,USD,,,,,2026-05-24
해상,Busan,중남미,Manzalino,2021,07,9300.0,11700.0,USD,,,,,2026-05-24
해상,Busan,중남미,Manzalino,2021,06,9350.0,11900.0,USD,,,,,2026-05-24
해상,Busan,중남미,Manzalino,2021,05,8850.0,9700.0,USD,,,,,2026-05-24
해상,Busan,중남미,Manzalino,2021,04,6800.0,7800.0,USD,,,,,2026-05-24
해상,Busan,중남미,Manzalino,2021,03,7500.0,8400.0,USD,,,,,2026-05-24
해상,Busan,중남미,Manzalino,2021,02,7270.0,8170.0,USD,,,,,2026-05-24
해상,Busan,중남미,Manzalino,2021,01,7270.0,8170.0,USD,,,,,2026-05-24
해상,Busan,중남미,Manzalino,2020,12,5800.0,6300.0,USD,,,,,2026-05-24
해상,Busan,중남미,Manzalino,2020,11,4200.0,4500.0,USD,,,,,2026-05-24
해상,Busan,중남미,Manzalino,2020,10,3800.0,3800.0,USD,,,,,2026-05-24
해상,Busan,중남미,Manzalino,2020,09,4700.0,4750.0,USD,,,,,2026-05-24
해상,Busan,중남미,Manzalino,2020,08,1700.0,1700.0,USD,,,,,2026-05-24
해상,Busan,중남미,Manzalino,2020,07,2000.0,2400.0,USD,,,,,2026-05-24
해상,Busan,중남미,Manzalino,2020,06,2000.0,2000.0,USD,,,,,2026-05-24
해상,Busan,중남미,Manzalino,2020,05,1500.0,1500.0,USD,,,,,2026-05-24
해상,Busan,중남미,Manzalino,2020,04,1150.0,1150.0,USD,,,,,2026-05-24
해상,Busan,중남미,Manzalino,2020,03,2000.0,1800.0,USD,,,,,2026-05-24
해상,Busan,중남미,Manzalino,2020,02,2000.0,2000.0,USD,,,,,2026-05-24
해상,Busan,중남미,Manzalino,2020,01,2300.0,2300.0,USD,,,,,2026-05-24
해상,Busan,중남미,Manzalino,2019,12,2000.0,2000.0,USD,,,,,2026-05-24
해상,Busan,중남미,Manzalino,2019,11,2900.0,2900.0,USD,,,,,2026-05-24
해상,Busan,중남미,Manzalino,2019,10,1800.0,1800.0,USD,,,,,2026-05-24
해상,Busan,중남미,Manzalino,2019,09,1900.0,1900.0,USD,,,,,2026-05-24
해상,Busan,중남미,Manzalino,2019,08,2050.0,2050.0,USD,,,,,2026-05-24
해상,Busan,중남미,Manzalino,2019,07,1800.0,1800.0,USD,,,,,2026-05-24
해상,Busan,중남미,Manzalino,2019,06,2100.0,2200.0,USD,,,,,2026-05-24
해상,Busan,중남미,Manzalino,2019,05,1800.0,1800.0,USD,,,,,2026-05-24
해상,Busan,중남미,Manzalino,2019,04,1550.0,1550.0,USD,,,,,2026-05-24
해상,Busan,중남미,Manzalino,2019,03,1400.0,1400.0,USD,,,,,2026-05-24
해상,Busan,중남미,Manzalino,2019,02,1900.0,1900.0,USD,,,,,2026-05-24
해상,Busan,중남미,Manzalino,2019,01,2000.0,2000.0,USD,,,,,2026-05-24
해상,Busan,중남미,Manzalino,2018,12,1850.0,1850.0,USD,,,,,2026-05-24
해상,Busan,중남미,Manzalino,2018,11,2000.0,2000.0,USD,,,,,2026-05-24
해상,Busan,중남미,Manzalino,2018,10,2200.0,2200.0,USD,,,,,2026-05-24
해상,Busan,중남미,Manzalino,2018,09,2400.0,2400.0,USD,,,,,2026-05-24
해상,Busan,중남미,Manzalino,2018,08,2200.0,2200.0,USD,,,,,2026-05-24
해상,Busan,중남미,Manzalino,2018,07,2200.0,2200.0,USD,,,,,2026-05-24
해상,Busan,중남미,Manzalino,2018,06,1000.0,1050.0,USD,,,,,2026-05-24
해상,Busan,중남미,Manzalino,2018,05,900.0,900.0,USD,,,,,2026-05-24
해상,Busan,중남미,Manzalino,2018,04,1000.0,1000.0,USD,,,,,2026-05-24
해상,Busan,중남미,Manzalino,2018,03,1850.0,1850.0,USD,,,,,2026-05-24
해상,Busan,중남미,Manzalino,2018,02,2550.0,2750.0,USD,,,,,2026-05-24
해상,Busan,중남미,Manzalino,2018,01,2700.0,3000.0,USD,,,,,2026-05-24
해상,Busan,중남미,Puerto Caldera,2026,05,4700.0,5000.0,USD,,,,,2026-05-24
해상,Busan,중남미,Puerto Caldera,2026,04,4550.0,4700.0,USD,,,,,2026-05-24
해상,Busan,중남미,Puerto Caldera,2026,03,3400.0,3600.0,USD,,,,,2026-05-24
해상,Busan,중남미,Puerto Caldera,2026,02,2400.0,2500.0,USD,,,,,2026-05-24
해상,Busan,중남미,Puerto Caldera,2026,01,3250.0,3600.0,USD,,,,,2026-05-24
해상,Busan,중남미,Puerto Caldera,2025,12,3500.0,3500.0,USD,,,,,2026-05-24
해상,Busan,중남미,Puerto Caldera,2025,11,4050.0,4600.0,USD,,,,,2026-05-24
해상,Busan,중남미,Puerto Caldera,2025,10,2700.0,3100.0,USD,,,,,2026-05-24
해상,Busan,중남미,Puerto Caldera,2025,09,3500.0,4000.0,USD,,,,,2026-05-24
해상,Busan,중남미,Puerto Caldera,2025,08,3400.0,4200.0,USD,,,,,2026-05-24
해상,Busan,중남미,Puerto Caldera,2025,07,5700.0,5900.0,USD,,,,,2026-05-24
해상,Busan,중남미,Puerto Caldera,2025,06,5700.0,6900.0,USD,,,,,2026-05-24
해상,Busan,중남미,Puerto Caldera,2025,05,1850.0,2200.0,USD,,,,,2026-05-24
해상,Busan,중남미,Puerto Caldera,2025,04,3500.0,4000.0,USD,,,,,2026-05-24
해상,Busan,중남미,Puerto Caldera,2025,03,3500.0,4000.0,USD,,,,,2026-05-24
해상,Busan,중남미,Puerto Caldera,2025,01,3100.0,3700.0,USD,,,,,2026-05-24
해상,Busan,중남미,Puerto Caldera,2024,12,4500.0,4500.0,USD,,,,,2026-05-24
해상,Busan,중남미,Puerto Caldera,2024,11,3800.0,5000.0,USD,,,,,2026-05-24
해상,Busan,중남미,Puerto Caldera,2024,10,5500.0,6000.0,USD,,,,,2026-05-24
해상,Busan,중남미,Puerto Caldera,2024,09,6400.0,8200.0,USD,,,,,2026-05-24
해상,Busan,중남미,Puerto Caldera,2024,08,5050.0,5800.0,USD,,,,,2026-05-24
해상,Busan,중남미,Puerto Caldera,2024,07,5200.0,6700.0,USD,,,,,2026-05-24
해상,Busan,중남미,Puerto Caldera,2024,06,7800.0,8714.0,USD,,,,,2026-05-24
해상,Busan,중남미,Puerto Caldera,2024,05,5300.0,6000.0,USD,,,,,2026-05-24
해상,Busan,중남미,Puerto Caldera,2024,04,3800.0,4650.0,USD,,,,,2026-05-24
해상,Busan,중남미,Puerto Caldera,2024,03,3100.0,3700.0,USD,,,,,2026-05-24
해상,Busan,중남미,Puerto Caldera,2024,02,3520.0,4120.0,USD,,,,,2026-05-24
해상,Busan,중남미,Puerto Caldera,2024,01,2900.0,3350.0,USD,,,,,2026-05-24
해상,Busan,중남미,Puerto Caldera,2023,12,1250.0,1650.0,USD,,,,,2026-05-24
해상,Busan,중남미,Puerto Caldera,2023,11,1650.0,2150.0,USD,,,,,2026-05-24
해상,Busan,중남미,Puerto Caldera,2023,10,1320.0,1600.0,USD,,,,,2026-05-24
해상,Busan,중남미,Puerto Caldera,2023,09,1500.0,1800.0,USD,,,,,2026-05-24
해상,Busan,중남미,Puerto Caldera,2023,08,2300.0,2700.0,USD,,,,,2026-05-24
해상,Busan,중남미,Puerto Caldera,2023,07,2100.0,2500.0,USD,,,,,2026-05-24
해상,Busan,중남미,Puerto Caldera,2023,06,2950.0,5000.0,USD,,,,,2026-05-24
해상,Busan,중남미,Puerto Caldera,2023,05,3400.0,5000.0,USD,,,,,2026-05-24
해상,Busan,중남미,Puerto Caldera,2023,04,1550.0,2200.0,USD,,,,,2026-05-24
해상,Busan,중남미,Puerto Caldera,2023,03,1150.0,1720.0,USD,,,,,2026-05-24
해상,Busan,중남미,Puerto Caldera,2023,02,1120.0,1850.0,USD,,,,,2026-05-24
해상,Busan,중남미,Puerto Caldera,2023,01,1650.0,2160.0,USD,,,,,2026-05-24
해상,Busan,중남미,Puerto Caldera,2022,12,1780.0,2360.0,USD,,,,,2026-05-24
해상,Busan,중남미,Puerto Caldera,2022,11,3300.0,3750.0,USD,,,,,2026-05-24
해상,Busan,중남미,Puerto Caldera,2022,10,3750.0,4400.0,USD,,,,,2026-05-24
해상,Busan,중남미,Puerto Caldera,2022,09,6500.0,6500.0,USD,,,,,2026-05-24
해상,Busan,중남미,Puerto Caldera,2022,08,9000.0,9000.0,USD,,,,,2026-05-24
해상,Busan,중남미,Puerto Caldera,2022,07,12000.0,12000.0,USD,,,,,2026-05-24
해상,Busan,중남미,Puerto Caldera,2022,06,7500.0,9100.0,USD,,,,,2026-05-24
해상,Busan,중남미,Puerto Caldera,2022,05,7500.0,9100.0,USD,,,,,2026-05-24
해상,Busan,중남미,Puerto Caldera,2022,04,12400.0,12400.0,USD,,,,,2026-05-24
해상,Busan,중남미,Puerto Caldera,2022,03,12500.0,15500.0,USD,,,,,2026-05-24
해상,Busan,중남미,Puerto Caldera,2022,02,12500.0,15500.0,USD,,,,,2026-05-24
해상,Busan,중남미,Puerto Caldera,2022,01,12700.0,17500.0,USD,,,,,2026-05-24
해상,Busan,중남미,Puerto Caldera,2021,12,12700.0,17500.0,USD,,,,,2026-05-24
해상,Busan,중남미,Puerto Caldera,2021,11,12700.0,17500.0,USD,,,,,2026-05-24
해상,Busan,중남미,Puerto Caldera,2021,10,11100.0,15400.0,USD,,,,,2026-05-24
해상,Busan,중남미,Puerto Caldera,2021,09,11100.0,15400.0,USD,,,,,2026-05-24
해상,Busan,중남미,Puerto Caldera,2021,08,9300.0,12200.0,USD,,,,,2026-05-24
해상,Busan,중남미,Puerto Caldera,2021,07,9300.0,12200.0,USD,,,,,2026-05-24
해상,Busan,중남미,Puerto Caldera,2021,06,9400.0,12400.0,USD,,,,,2026-05-24
해상,Busan,중남미,Puerto Caldera,2021,05,9000.0,10000.0,USD,,,,,2026-05-24
해상,Busan,중남미,Puerto Caldera,2021,04,6950.0,8100.0,USD,,,,,2026-05-24
해상,Busan,중남미,Puerto Caldera,2021,03,7650.0,8700.0,USD,,,,,2026-05-24
해상,Busan,중남미,Puerto Caldera,2021,02,7270.0,8170.0,USD,,,,,2026-05-24
해상,Busan,중남미,Puerto Caldera,2021,01,7400.0,8300.0,USD,,,,,2026-05-24
해상,Busan,중남미,Puerto Caldera,2020,12,5900.0,6600.0,USD,,,,,2026-05-24
해상,Busan,중남미,Puerto Caldera,2020,11,4300.0,4725.0,USD,,,,,2026-05-24
해상,Busan,중남미,Puerto Caldera,2020,10,4100.0,4100.0,USD,,,,,2026-05-24
해상,Busan,중남미,Puerto Caldera,2020,09,4725.0,4950.0,USD,,,,,2026-05-24
해상,Busan,중남미,Puerto Caldera,2020,08,2000.0,2000.0,USD,,,,,2026-05-24
해상,Busan,중남미,Puerto Caldera,2020,07,2150.0,2700.0,USD,,,,,2026-05-24
해상,Busan,중남미,Puerto Caldera,2020,06,2000.0,2000.0,USD,,,,,2026-05-24
해상,Busan,중남미,Puerto Caldera,2020,05,1700.0,1700.0,USD,,,,,2026-05-24
해상,Busan,중남미,Puerto Caldera,2020,04,1300.0,1300.0,USD,,,,,2026-05-24
해상,Busan,중남미,Puerto Caldera,2020,03,2200.0,2100.0,USD,,,,,2026-05-24
해상,Busan,중남미,Puerto Caldera,2020,02,2200.0,2200.0,USD,,,,,2026-05-24
해상,Busan,중남미,Puerto Caldera,2020,01,2300.0,2300.0,USD,,,,,2026-05-24
해상,Busan,중남미,Puerto Caldera,2019,12,2000.0,2000.0,USD,,,,,2026-05-24
해상,Busan,중남미,Puerto Caldera,2019,11,3200.0,3200.0,USD,,,,,2026-05-24
해상,Busan,중남미,Puerto Caldera,2019,10,1800.0,1800.0,USD,,,,,2026-05-24
해상,Busan,중남미,Puerto Caldera,2019,09,2100.0,2100.0,USD,,,,,2026-05-24
해상,Busan,중남미,Puerto Caldera,2019,08,2500.0,2500.0,USD,,,,,2026-05-24
해상,Busan,중남미,Puerto Caldera,2019,07,1900.0,1900.0,USD,,,,,2026-05-24
해상,Busan,중남미,Puerto Caldera,2019,06,2300.0,2400.0,USD,,,,,2026-05-24
해상,Busan,중남미,Puerto Caldera,2019,05,2300.0,2400.0,USD,,,,,2026-05-24
해상,Busan,중남미,Puerto Caldera,2019,04,1700.0,1700.0,USD,,,,,2026-05-24
해상,Busan,중남미,Puerto Caldera,2019,03,1400.0,1400.0,USD,,,,,2026-05-24
해상,Busan,중남미,Puerto Caldera,2019,02,2400.0,2400.0,USD,,,,,2026-05-24
해상,Busan,중남미,Puerto Caldera,2019,01,2600.0,2600.0,USD,,,,,2026-05-24
해상,Busan,중남미,Puerto Caldera,2018,12,2200.0,2200.0,USD,,,,,2026-05-24
해상,Busan,중남미,Puerto Caldera,2018,11,2500.0,2550.0,USD,,,,,2026-05-24
해상,Busan,중남미,Puerto Caldera,2018,10,2520.0,2520.0,USD,,,,,2026-05-24
해상,Busan,중남미,Puerto Caldera,2018,09,2520.0,2520.0,USD,,,,,2026-05-24
해상,Busan,중남미,Puerto Caldera,2018,08,2400.0,2400.0,USD,,,,,2026-05-24
해상,Busan,중남미,Puerto Caldera,2018,07,2400.0,2400.0,USD,,,,,2026-05-24
해상,Busan,중남미,Puerto Caldera,2018,06,1300.0,1400.0,USD,,,,,2026-05-24
해상,Busan,중남미,Puerto Caldera,2018,05,950.0,1075.0,USD,,,,,2026-05-24
해상,Busan,중남미,Puerto Caldera,2018,04,1100.0,1100.0,USD,,,,,2026-05-24
해상,Busan,중남미,Puerto Caldera,2018,03,2000.0,2150.0,USD,,,,,2026-05-24
해상,Busan,중남미,Puerto Caldera,2018,02,2700.0,3050.0,USD,,,,,2026-05-24
해상,Busan,중남미,Puerto Caldera,2018,01,2850.0,3300.0,USD,,,,,2026-05-24
해상,Busan,중남미,Puerto Quetzal,2026,05,4700.0,5000.0,USD,,,,,2026-05-24
해상,Busan,중남미,Puerto Quetzal,2026,04,4550.0,4700.0,USD,,,,,2026-05-24
해상,Busan,중남미,Puerto Quetzal,2026,03,2900.0,3500.0,USD,,,,,2026-05-24
해상,Busan,중남미,Puerto Quetzal,2026,02,2400.0,2500.0,USD,,,,,2026-05-24
해상,Busan,중남미,Puerto Quetzal,2026,01,3250.0,3400.0,USD,,,,,2026-05-24
해상,Busan,중남미,Puerto Quetzal,2025,12,3500.0,3500.0,USD,,,,,2026-05-24
해상,Busan,중남미,Puerto Quetzal,2025,11,3400.0,3600.0,USD,,,,,2026-05-24
해상,Busan,중남미,Puerto Quetzal,2025,10,2400.0,3000.0,USD,,,,,2026-05-24
해상,Busan,중남미,Puerto Quetzal,2025,09,3500.0,4000.0,USD,,,,,2026-05-24
해상,Busan,중남미,Puerto Quetzal,2025,08,3400.0,4200.0,USD,,,,,2026-05-24
해상,Busan,중남미,Puerto Quetzal,2025,07,5700.0,5900.0,USD,,,,,2026-05-24
해상,Busan,중남미,Puerto Quetzal,2025,06,5700.0,6900.0,USD,,,,,2026-05-24
해상,Busan,중남미,Puerto Quetzal,2025,05,2600.0,3100.0,USD,,,,,2026-05-24
해상,Busan,중남미,Puerto Quetzal,2025,04,3500.0,4000.0,USD,,,,,2026-05-24
해상,Busan,중남미,Puerto Quetzal,2025,03,3500.0,4000.0,USD,,,,,2026-05-24
해상,Busan,중남미,Puerto Quetzal,2025,01,5500.0,6000.0,USD,,,,,2026-05-24
해상,Busan,중남미,Puerto Quetzal,2024,12,4500.0,4500.0,USD,,,,,2026-05-24
해상,Busan,중남미,Puerto Quetzal,2024,11,3100.0,4500.0,USD,,,,,2026-05-24
해상,Busan,중남미,Puerto Quetzal,2024,10,5500.0,6000.0,USD,,,,,2026-05-24
해상,Busan,중남미,Puerto Quetzal,2024,09,4250.0,5850.0,USD,,,,,2026-05-24
해상,Busan,중남미,Puerto Quetzal,2024,08,5050.0,5800.0,USD,,,,,2026-05-24
해상,Busan,중남미,Puerto Quetzal,2024,07,5200.0,6700.0,USD,,,,,2026-05-24
해상,Busan,중남미,Puerto Quetzal,2024,06,6815.0,7915.0,USD,,,,,2026-05-24
해상,Busan,중남미,Puerto Quetzal,2024,05,5300.0,6000.0,USD,,,,,2026-05-24
해상,Busan,중남미,Puerto Quetzal,2024,04,3800.0,4200.0,USD,,,,,2026-05-24
해상,Busan,중남미,Puerto Quetzal,2024,03,3100.0,3700.0,USD,,,,,2026-05-24
해상,Busan,중남미,Puerto Quetzal,2024,02,3520.0,4120.0,USD,,,,,2026-05-24
해상,Busan,중남미,Puerto Quetzal,2024,01,1840.0,1930.0,USD,,,,,2026-05-24
해상,Busan,중남미,Puerto Quetzal,2023,12,1250.0,1650.0,USD,,,,,2026-05-24
해상,Busan,중남미,Puerto Quetzal,2023,11,1650.0,2150.0,USD,,,,,2026-05-24
해상,Busan,중남미,Puerto Quetzal,2023,10,1320.0,1600.0,USD,,,,,2026-05-24
해상,Busan,중남미,Puerto Quetzal,2023,09,1500.0,1800.0,USD,,,,,2026-05-24
해상,Busan,중남미,Puerto Quetzal,2023,08,2300.0,2700.0,USD,,,,,2026-05-24
해상,Busan,중남미,Puerto Quetzal,2023,07,2100.0,2500.0,USD,,,,,2026-05-24
해상,Busan,중남미,Puerto Quetzal,2023,06,1750.0,2800.0,USD,,,,,2026-05-24
해상,Busan,중남미,Puerto Quetzal,2023,05,2400.0,3300.0,USD,,,,,2026-05-24
해상,Busan,중남미,Puerto Quetzal,2023,04,1550.0,2200.0,USD,,,,,2026-05-24
해상,Busan,중남미,Puerto Quetzal,2023,03,1150.0,1720.0,USD,,,,,2026-05-24
해상,Busan,중남미,Puerto Quetzal,2023,02,1120.0,1850.0,USD,,,,,2026-05-24
해상,Busan,중남미,Puerto Quetzal,2023,01,1650.0,2160.0,USD,,,,,2026-05-24
해상,Busan,중남미,Puerto Quetzal,2022,12,1780.0,2360.0,USD,,,,,2026-05-24
해상,Busan,중남미,Puerto Quetzal,2022,11,3300.0,3750.0,USD,,,,,2026-05-24
해상,Busan,중남미,Puerto Quetzal,2022,10,3750.0,4400.0,USD,,,,,2026-05-24
해상,Busan,중남미,Puerto Quetzal,2022,09,6500.0,6500.0,USD,,,,,2026-05-24
해상,Busan,중남미,Puerto Quetzal,2022,08,9000.0,9000.0,USD,,,,,2026-05-24
해상,Busan,중남미,Puerto Quetzal,2022,07,12000.0,12000.0,USD,,,,,2026-05-24
해상,Busan,중남미,Puerto Quetzal,2022,06,7500.0,9100.0,USD,,,,,2026-05-24
해상,Busan,중남미,Puerto Quetzal,2022,05,7500.0,9100.0,USD,,,,,2026-05-24
해상,Busan,중남미,Puerto Quetzal,2022,04,12400.0,12400.0,USD,,,,,2026-05-24
해상,Busan,중남미,Puerto Quetzal,2022,03,12500.0,15500.0,USD,,,,,2026-05-24
해상,Busan,중남미,Puerto Quetzal,2022,02,12500.0,15500.0,USD,,,,,2026-05-24
해상,Busan,중남미,Puerto Quetzal,2022,01,12700.0,17500.0,USD,,,,,2026-05-24
해상,Busan,중남미,Puerto Quetzal,2021,12,12700.0,17500.0,USD,,,,,2026-05-24
해상,Busan,중남미,Puerto Quetzal,2021,11,12700.0,17500.0,USD,,,,,2026-05-24
해상,Busan,중남미,Puerto Quetzal,2021,10,11100.0,15400.0,USD,,,,,2026-05-24
해상,Busan,중남미,Puerto Quetzal,2021,09,11100.0,15400.0,USD,,,,,2026-05-24
해상,Busan,중남미,Puerto Quetzal,2021,08,9300.0,12200.0,USD,,,,,2026-05-24
해상,Busan,중남미,Puerto Quetzal,2021,07,9300.0,12200.0,USD,,,,,2026-05-24
해상,Busan,중남미,Puerto Quetzal,2021,06,9400.0,12400.0,USD,,,,,2026-05-24
해상,Busan,중남미,Puerto Quetzal,2021,05,9000.0,10000.0,USD,,,,,2026-05-24
해상,Busan,중남미,Puerto Quetzal,2021,04,6950.0,8100.0,USD,,,,,2026-05-24
해상,Busan,중남미,Puerto Quetzal,2021,03,7650.0,8700.0,USD,,,,,2026-05-24
해상,Busan,중남미,Puerto Quetzal,2021,02,8650.0,8850.0,USD,,,,,2026-05-24
해상,Busan,중남미,Puerto Quetzal,2021,01,7400.0,8300.0,USD,,,,,2026-05-24
해상,Busan,중남미,Puerto Quetzal,2020,12,5900.0,6600.0,USD,,,,,2026-05-24
해상,Busan,중남미,Puerto Quetzal,2020,11,4300.0,4575.0,USD,,,,,2026-05-24
해상,Busan,중남미,Puerto Quetzal,2020,10,4100.0,4100.0,USD,,,,,2026-05-24
해상,Busan,중남미,Puerto Quetzal,2020,09,4575.0,4800.0,USD,,,,,2026-05-24
해상,Busan,중남미,Puerto Quetzal,2020,08,2000.0,2000.0,USD,,,,,2026-05-24
해상,Busan,중남미,Puerto Quetzal,2020,07,2150.0,2700.0,USD,,,,,2026-05-24
해상,Busan,중남미,Puerto Quetzal,2020,06,2000.0,2000.0,USD,,,,,2026-05-24
해상,Busan,중남미,Puerto Quetzal,2020,05,1700.0,1700.0,USD,,,,,2026-05-24
해상,Busan,중남미,Puerto Quetzal,2020,04,1300.0,1300.0,USD,,,,,2026-05-24
해상,Busan,중남미,Puerto Quetzal,2020,03,2200.0,2100.0,USD,,,,,2026-05-24
해상,Busan,중남미,Puerto Quetzal,2020,02,2200.0,2200.0,USD,,,,,2026-05-24
해상,Busan,중남미,Puerto Quetzal,2020,01,2300.0,2300.0,USD,,,,,2026-05-24
해상,Busan,중남미,Puerto Quetzal,2019,12,2000.0,2000.0,USD,,,,,2026-05-24
해상,Busan,중남미,Puerto Quetzal,2019,11,3200.0,3200.0,USD,,,,,2026-05-24
해상,Busan,중남미,Puerto Quetzal,2019,10,1800.0,1800.0,USD,,,,,2026-05-24
해상,Busan,중남미,Puerto Quetzal,2019,09,2100.0,2100.0,USD,,,,,2026-05-24
해상,Busan,중남미,Puerto Quetzal,2019,08,2500.0,2500.0,USD,,,,,2026-05-24
해상,Busan,중남미,Puerto Quetzal,2019,07,1900.0,1900.0,USD,,,,,2026-05-24
해상,Busan,중남미,Puerto Quetzal,2019,06,2300.0,2400.0,USD,,,,,2026-05-24
해상,Busan,중남미,Puerto Quetzal,2019,05,2300.0,2400.0,USD,,,,,2026-05-24
해상,Busan,중남미,Puerto Quetzal,2019,04,1700.0,1700.0,USD,,,,,2026-05-24
해상,Busan,중남미,Puerto Quetzal,2019,03,1400.0,1400.0,USD,,,,,2026-05-24
해상,Busan,중남미,Puerto Quetzal,2019,02,2400.0,2400.0,USD,,,,,2026-05-24
해상,Busan,중남미,Puerto Quetzal,2019,01,2600.0,2600.0,USD,,,,,2026-05-24
해상,Busan,중남미,Puerto Quetzal,2018,12,2200.0,2200.0,USD,,,,,2026-05-24
해상,Busan,중남미,Puerto Quetzal,2018,11,2500.0,2550.0,USD,,,,,2026-05-24
해상,Busan,중남미,Puerto Quetzal,2018,10,2520.0,2520.0,USD,,,,,2026-05-24
해상,Busan,중남미,Puerto Quetzal,2018,09,2520.0,2520.0,USD,,,,,2026-05-24
해상,Busan,중남미,Puerto Quetzal,2018,08,2400.0,2400.0,USD,,,,,2026-05-24
해상,Busan,중남미,Puerto Quetzal,2018,07,2400.0,2400.0,USD,,,,,2026-05-24
해상,Busan,중남미,Puerto Quetzal,2018,06,1300.0,1400.0,USD,,,,,2026-05-24
해상,Busan,중남미,Puerto Quetzal,2018,05,950.0,1075.0,USD,,,,,2026-05-24
해상,Busan,중남미,Puerto Quetzal,2018,04,1100.0,1100.0,USD,,,,,2026-05-24
해상,Busan,중남미,Puerto Quetzal,2018,03,2000.0,2150.0,USD,,,,,2026-05-24
해상,Busan,중남미,Puerto Quetzal,2018,02,2700.0,3050.0,USD,,,,,2026-05-24
해상,Busan,중남미,Puerto Quetzal,2018,01,2850.0,3300.0,USD,,,,,2026-05-24
해상,Busan,유럽,Antwerp,2026,05,1400.0,2300.0,USD,,,,,2026-05-24
해상,Busan,유럽,Antwerp,2026,04,1800.0,2900.0,USD,,,,,2026-05-24
해상,Busan,유럽,Antwerp,2026,03,2000.0,3800.0,USD,,,,,2026-05-24
해상,Busan,유럽,Antwerp,2026,02,1400.0,2900.0,USD,,,,,2026-05-24
해상,Busan,유럽,Antwerp,2026,01,1700.0,2900.0,USD,,,,,2026-05-24
해상,Busan,유럽,Antwerp,2025,12,1600.0,2400.0,USD,,,,,2026-05-24
해상,Busan,유럽,Antwerp,2025,11,1500.0,2100.0,USD,,,,,2026-05-24
해상,Busan,유럽,Antwerp,2025,10,1200.0,1600.0,USD,,,,,2026-05-24
해상,Busan,유럽,Antwerp,2025,09,1600.0,2600.0,USD,,,,,2026-05-24
해상,Busan,유럽,Antwerp,2025,08,2000.0,3100.0,USD,,,,,2026-05-24
해상,Busan,유럽,Antwerp,2025,07,2000.0,3300.0,USD,,,,,2026-05-24
해상,Busan,유럽,Antwerp,2025,06,2380.0,3500.0,USD,,,,,2026-05-24
해상,Busan,유럽,Antwerp,2025,05,1350.0,2200.0,USD,,,,,2026-05-24
해상,Busan,유럽,Antwerp,2025,04,1300.0,2200.0,USD,,,,,2026-05-24
해상,Busan,유럽,Antwerp,2025,03,2100.0,3500.0,USD,,,,,2026-05-24
해상,Busan,유럽,Antwerp,2025,01,2600.0,4100.0,USD,,,,,2026-05-24
해상,Busan,유럽,Antwerp,2024,12,3400.0,5800.0,USD,,,,,2026-05-24
해상,Busan,유럽,Antwerp,2024,11,3300.0,5800.0,USD,,,,,2026-05-24
해상,Busan,유럽,Antwerp,2024,10,2500.0,4800.0,USD,,,,,2026-05-24
해상,Busan,유럽,Antwerp,2024,09,3000.0,5300.0,USD,,,,,2026-05-24
해상,Busan,유럽,Antwerp,2024,08,4400.0,7900.0,USD,,,,,2026-05-24
해상,Busan,유럽,Antwerp,2024,07,4600.0,8400.0,USD,,,,,2026-05-24
해상,Busan,유럽,Antwerp,2024,06,4200.0,7600.0,USD,,,,,2026-05-24
해상,Busan,유럽,Antwerp,2024,05,3000.0,5500.0,USD,,,,,2026-05-24
해상,Busan,유럽,Antwerp,2024,04,1941.0,3300.0,USD,,,,,2026-05-24
해상,Busan,유럽,Antwerp,2024,03,2000.0,4200.0,USD,,,,,2026-05-24
해상,Busan,유럽,Antwerp,2024,02,2900.0,5100.0,USD,,,,,2026-05-24
해상,Busan,유럽,Antwerp,2024,01,3300.0,6400.0,USD,,,,,2026-05-24
해상,Busan,유럽,Antwerp,2023,12,1100.0,1900.0,USD,,,,,2026-05-24
해상,Busan,유럽,Antwerp,2023,11,700.0,1300.0,USD,,,,,2026-05-24
해상,Busan,유럽,Antwerp,2023,10,800.0,1400.0,USD,,,,,2026-05-24
해상,Busan,유럽,Antwerp,2023,09,850.0,1500.0,USD,,,,,2026-05-24
해상,Busan,유럽,Antwerp,2023,08,1200.0,2100.0,USD,,,,,2026-05-24
해상,Busan,유럽,Antwerp,2023,07,820.0,1250.0,USD,,,,,2026-05-24
해상,Busan,유럽,Antwerp,2023,06,900.0,1450.0,USD,,,,,2026-05-24
해상,Busan,유럽,Antwerp,2023,05,900.0,1300.0,USD,,,,,2026-05-24
해상,Busan,유럽,Antwerp,2023,04,950.0,1550.0,USD,,,,,2026-05-24
해상,Busan,유럽,Antwerp,2023,03,900.0,1500.0,USD,,,,,2026-05-24
해상,Busan,유럽,Antwerp,2023,02,1000.0,1800.0,USD,,,,,2026-05-24
해상,Busan,유럽,Antwerp,2023,01,900.0,1700.0,USD,,,,,2026-05-24
해상,Busan,유럽,Antwerp,2022,12,1250.0,2200.0,USD,,,,,2026-05-24
해상,Busan,유럽,Antwerp,2022,11,1700.0,3400.0,USD,,,,,2026-05-24
해상,Busan,유럽,Antwerp,2022,10,2800.0,5700.0,USD,,,,,2026-05-24
해상,Busan,유럽,Antwerp,2022,09,4300.0,7810.0,USD,,,,,2026-05-24
해상,Busan,유럽,Antwerp,2022,08,5600.0,10000.0,USD,,,,,2026-05-24
해상,Busan,유럽,Antwerp,2022,07,6700.0,12000.0,USD,,,,,2026-05-24
해상,Busan,유럽,Antwerp,2022,06,7200.0,13500.0,USD,,,,,2026-05-24
해상,Busan,유럽,Antwerp,2022,05,6800.0,13000.0,USD,,,,,2026-05-24
해상,Busan,유럽,Antwerp,2022,04,7500.0,14500.0,USD,,,,,2026-05-24
해상,Busan,유럽,Antwerp,2022,03,8500.0,16000.0,USD,,,,,2026-05-24
해상,Busan,유럽,Antwerp,2022,02,8500.0,16000.0,USD,,,,,2026-05-24
해상,Busan,유럽,Antwerp,2022,01,8500.0,16000.0,USD,,,,,2026-05-24
해상,Busan,유럽,Antwerp,2021,12,8300.0,15500.0,USD,,,,,2026-05-24
해상,Busan,유럽,Antwerp,2021,11,8300.0,15500.0,USD,,,,,2026-05-24
해상,Busan,유럽,Antwerp,2021,10,8300.0,15500.0,USD,,,,,2026-05-24
해상,Busan,유럽,Antwerp,2021,09,7800.0,14500.0,USD,,,,,2026-05-24
해상,Busan,유럽,Antwerp,2021,08,7100.0,13500.0,USD,,,,,2026-05-24
해상,Busan,유럽,Antwerp,2021,07,7000.0,13500.0,USD,,,,,2026-05-24
해상,Busan,유럽,Antwerp,2021,06,5800.0,11000.0,USD,,,,,2026-05-24
해상,Busan,유럽,Antwerp,2021,05,5100.0,9800.0,USD,,,,,2026-05-24
해상,Busan,유럽,Antwerp,2021,04,5200.0,9800.0,USD,,,,,2026-05-24
해상,Busan,유럽,Antwerp,2021,03,4100.0,8200.0,USD,,,,,2026-05-24
해상,Busan,유럽,Antwerp,2021,02,4200.0,8400.0,USD,,,,,2026-05-24
해상,Busan,유럽,Antwerp,2021,01,4200.0,7700.0,USD,,,,,2026-05-24
해상,Busan,유럽,Antwerp,2020,12,3100.0,6100.0,USD,,,,,2026-05-24
해상,Busan,유럽,Antwerp,2020,11,1550.0,2900.0,USD,,,,,2026-05-24
해상,Busan,유럽,Antwerp,2020,10,1275.0,2225.0,USD,,,,,2026-05-24
해상,Busan,유럽,Antwerp,2020,09,1075.0,2050.0,USD,,,,,2026-05-24
해상,Busan,유럽,Antwerp,2020,08,1200.0,2300.0,USD,,,,,2026-05-24
해상,Busan,유럽,Antwerp,2020,07,1100.0,2100.0,USD,,,,,2026-05-24
해상,Busan,유럽,Antwerp,2020,06,1100.0,2100.0,USD,,,,,2026-05-24
해상,Busan,유럽,Antwerp,2020,05,1200.0,2300.0,USD,,,,,2026-05-24
해상,Busan,유럽,Antwerp,2020,04,1100.0,2100.0,USD,,,,,2026-05-24
해상,Busan,유럽,Antwerp,2020,03,1200.0,2300.0,USD,,,,,2026-05-24
해상,Busan,유럽,Antwerp,2020,02,1300.0,2400.0,USD,,,,,2026-05-24
해상,Busan,유럽,Antwerp,2020,01,1300.0,2400.0,USD,,,,,2026-05-24
해상,Busan,유럽,Antwerp,2019,12,1100.0,2100.0,USD,,,,,2026-05-24
해상,Busan,유럽,Antwerp,2019,11,1000.0,1900.0,USD,,,,,2026-05-24
해상,Busan,유럽,Antwerp,2019,10,1100.0,2100.0,USD,,,,,2026-05-24
해상,Busan,유럽,Antwerp,2019,09,1300.0,2200.0,USD,,,,,2026-05-24
해상,Busan,유럽,Antwerp,2019,08,1400.0,2300.0,USD,,,,,2026-05-24
해상,Busan,유럽,Antwerp,2019,07,1150.0,2200.0,USD,,,,,2026-05-24
해상,Busan,유럽,Antwerp,2019,06,1200.0,2300.0,USD,,,,,2026-05-24
해상,Busan,유럽,Antwerp,2019,05,1100.0,2000.0,USD,,,,,2026-05-24
해상,Busan,유럽,Antwerp,2019,04,950.0,1800.0,USD,,,,,2026-05-24
해상,Busan,유럽,Antwerp,2019,03,1200.0,2300.0,USD,,,,,2026-05-24
해상,Busan,유럽,Antwerp,2019,02,1300.0,2500.0,USD,,,,,2026-05-24
해상,Busan,유럽,Antwerp,2019,01,1350.0,2500.0,USD,,,,,2026-05-24
해상,Busan,유럽,Antwerp,2018,12,1250.0,2400.0,USD,,,,,2026-05-24
해상,Busan,유럽,Antwerp,2018,11,1250.0,2400.0,USD,,,,,2026-05-24
해상,Busan,유럽,Antwerp,2018,10,1300.0,2500.0,USD,,,,,2026-05-24
해상,Busan,유럽,Antwerp,2018,09,1400.0,2600.0,USD,,,,,2026-05-24
해상,Busan,유럽,Antwerp,2018,08,1300.0,2500.0,USD,,,,,2026-05-24
해상,Busan,유럽,Antwerp,2018,07,1200.0,2300.0,USD,,,,,2026-05-24
해상,Busan,유럽,Antwerp,2018,06,1100.0,2000.0,USD,,,,,2026-05-24
해상,Busan,유럽,Antwerp,2018,05,1000.0,1900.0,USD,,,,,2026-05-24
해상,Busan,유럽,Antwerp,2018,04,900.0,1700.0,USD,,,,,2026-05-24
해상,Busan,유럽,Antwerp,2018,03,1000.0,1900.0,USD,,,,,2026-05-24
해상,Busan,유럽,Antwerp,2018,02,1100.0,2000.0,USD,,,,,2026-05-24
해상,Busan,유럽,Antwerp,2018,01,1100.0,2100.0,USD,,,,,2026-05-24
해상,Busan,유럽,Rotterdam,2026,05,1400.0,2300.0,USD,,,,,2026-05-24
해상,Busan,유럽,Rotterdam,2026,04,1800.0,2900.0,USD,,,,,2026-05-24
해상,Busan,유럽,Rotterdam,2026,03,2000.0,3800.0,USD,,,,,2026-05-24
해상,Busan,유럽,Rotterdam,2026,02,1400.0,2900.0,USD,,,,,2026-05-24
해상,Busan,유럽,Rotterdam,2026,01,1700.0,2900.0,USD,,,,,2026-05-24
해상,Busan,유럽,Rotterdam,2025,12,1600.0,2400.0,USD,,,,,2026-05-24
해상,Busan,유럽,Rotterdam,2025,11,1500.0,2100.0,USD,,,,,2026-05-24
해상,Busan,유럽,Rotterdam,2025,10,1200.0,1600.0,USD,,,,,2026-05-24
해상,Busan,유럽,Rotterdam,2025,09,1600.0,2600.0,USD,,,,,2026-05-24
해상,Busan,유럽,Rotterdam,2025,08,2000.0,3100.0,USD,,,,,2026-05-24
해상,Busan,유럽,Rotterdam,2025,07,2000.0,3300.0,USD,,,,,2026-05-24
해상,Busan,유럽,Rotterdam,2025,06,2380.0,3500.0,USD,,,,,2026-05-24
해상,Busan,유럽,Rotterdam,2025,05,1700.0,2600.0,USD,,,,,2026-05-24
해상,Busan,유럽,Rotterdam,2025,04,1300.0,2200.0,USD,,,,,2026-05-24
해상,Busan,유럽,Rotterdam,2025,03,2100.0,3500.0,USD,,,,,2026-05-24
해상,Busan,유럽,Rotterdam,2025,01,2600.0,4100.0,USD,,,,,2026-05-24
해상,Busan,유럽,Rotterdam,2024,12,3400.0,5800.0,USD,,,,,2026-05-24
해상,Busan,유럽,Rotterdam,2024,11,3300.0,5800.0,USD,,,,,2026-05-24
해상,Busan,유럽,Rotterdam,2024,10,2500.0,4800.0,USD,,,,,2026-05-24
해상,Busan,유럽,Rotterdam,2024,09,3000.0,5300.0,USD,,,,,2026-05-24
해상,Busan,유럽,Rotterdam,2024,08,4860.0,8120.0,USD,,,,,2026-05-24
해상,Busan,유럽,Rotterdam,2024,07,4600.0,8400.0,USD,,,,,2026-05-24
해상,Busan,유럽,Rotterdam,2024,06,4200.0,7600.0,USD,,,,,2026-05-24
해상,Busan,유럽,Rotterdam,2024,05,3000.0,5500.0,USD,,,,,2026-05-24
해상,Busan,유럽,Rotterdam,2024,04,1941.0,3702.0,USD,,,,,2026-05-24
해상,Busan,유럽,Rotterdam,2024,03,2000.0,4200.0,USD,,,,,2026-05-24
해상,Busan,유럽,Rotterdam,2024,02,2900.0,5100.0,USD,,,,,2026-05-24
해상,Busan,유럽,Rotterdam,2024,01,3300.0,6400.0,USD,,,,,2026-05-24
해상,Busan,유럽,Rotterdam,2023,12,1100.0,1900.0,USD,,,,,2026-05-24
해상,Busan,유럽,Rotterdam,2023,11,700.0,1300.0,USD,,,,,2026-05-24
해상,Busan,유럽,Rotterdam,2023,10,800.0,1400.0,USD,,,,,2026-05-24
해상,Busan,유럽,Rotterdam,2023,09,850.0,1500.0,USD,,,,,2026-05-24
해상,Busan,유럽,Rotterdam,2023,08,1200.0,2100.0,USD,,,,,2026-05-24
해상,Busan,유럽,Rotterdam,2023,07,820.0,1250.0,USD,,,,,2026-05-24
해상,Busan,유럽,Rotterdam,2023,06,900.0,1450.0,USD,,,,,2026-05-24
해상,Busan,유럽,Rotterdam,2023,05,900.0,1300.0,USD,,,,,2026-05-24
해상,Busan,유럽,Rotterdam,2023,04,950.0,1550.0,USD,,,,,2026-05-24
해상,Busan,유럽,Rotterdam,2023,03,900.0,1500.0,USD,,,,,2026-05-24
해상,Busan,유럽,Rotterdam,2023,02,1000.0,1800.0,USD,,,,,2026-05-24
해상,Busan,유럽,Rotterdam,2023,01,900.0,1700.0,USD,,,,,2026-05-24
해상,Busan,유럽,Rotterdam,2022,12,1250.0,2200.0,USD,,,,,2026-05-24
해상,Busan,유럽,Rotterdam,2022,11,1700.0,3400.0,USD,,,,,2026-05-24
해상,Busan,유럽,Rotterdam,2022,10,2800.0,5700.0,USD,,,,,2026-05-24
해상,Busan,유럽,Rotterdam,2022,09,4300.0,7810.0,USD,,,,,2026-05-24
해상,Busan,유럽,Rotterdam,2022,08,5600.0,10000.0,USD,,,,,2026-05-24
해상,Busan,유럽,Rotterdam,2022,07,6700.0,12000.0,USD,,,,,2026-05-24
해상,Busan,유럽,Rotterdam,2022,06,7200.0,13500.0,USD,,,,,2026-05-24
해상,Busan,유럽,Rotterdam,2022,05,6800.0,13000.0,USD,,,,,2026-05-24
해상,Busan,유럽,Rotterdam,2022,04,7500.0,14500.0,USD,,,,,2026-05-24
해상,Busan,유럽,Rotterdam,2022,03,8500.0,16000.0,USD,,,,,2026-05-24
해상,Busan,유럽,Rotterdam,2022,02,8500.0,16000.0,USD,,,,,2026-05-24
해상,Busan,유럽,Rotterdam,2022,01,8500.0,16000.0,USD,,,,,2026-05-24
해상,Busan,유럽,Rotterdam,2021,12,8300.0,15500.0,USD,,,,,2026-05-24
해상,Busan,유럽,Rotterdam,2021,11,8300.0,15500.0,USD,,,,,2026-05-24
해상,Busan,유럽,Rotterdam,2021,10,8300.0,15500.0,USD,,,,,2026-05-24
해상,Busan,유럽,Rotterdam,2021,09,7800.0,14500.0,USD,,,,,2026-05-24
해상,Busan,유럽,Rotterdam,2021,08,7100.0,13500.0,USD,,,,,2026-05-24
해상,Busan,유럽,Rotterdam,2021,07,7000.0,13500.0,USD,,,,,2026-05-24
해상,Busan,유럽,Rotterdam,2021,06,5800.0,11000.0,USD,,,,,2026-05-24
해상,Busan,유럽,Rotterdam,2021,05,5100.0,9800.0,USD,,,,,2026-05-24
해상,Busan,유럽,Rotterdam,2021,04,5200.0,9800.0,USD,,,,,2026-05-24
해상,Busan,유럽,Rotterdam,2021,03,4100.0,8200.0,USD,,,,,2026-05-24
해상,Busan,유럽,Rotterdam,2021,02,4200.0,8400.0,USD,,,,,2026-05-24
해상,Busan,유럽,Rotterdam,2021,01,4200.0,7700.0,USD,,,,,2026-05-24
해상,Busan,유럽,Rotterdam,2020,12,3100.0,6100.0,USD,,,,,2026-05-24
해상,Busan,유럽,Rotterdam,2020,11,1550.0,2900.0,USD,,,,,2026-05-24
해상,Busan,유럽,Rotterdam,2020,10,1275.0,2225.0,USD,,,,,2026-05-24
해상,Busan,유럽,Rotterdam,2020,09,1075.0,2050.0,USD,,,,,2026-05-24
해상,Busan,유럽,Rotterdam,2020,08,1200.0,2300.0,USD,,,,,2026-05-24
해상,Busan,유럽,Rotterdam,2020,07,1100.0,2100.0,USD,,,,,2026-05-24
해상,Busan,유럽,Rotterdam,2020,06,1100.0,2100.0,USD,,,,,2026-05-24
해상,Busan,유럽,Rotterdam,2020,05,1200.0,2300.0,USD,,,,,2026-05-24
해상,Busan,유럽,Rotterdam,2020,04,1100.0,2100.0,USD,,,,,2026-05-24
해상,Busan,유럽,Rotterdam,2020,03,1200.0,2300.0,USD,,,,,2026-05-24
해상,Busan,유럽,Rotterdam,2020,02,1300.0,2400.0,USD,,,,,2026-05-24
해상,Busan,유럽,Rotterdam,2020,01,1300.0,2400.0,USD,,,,,2026-05-24
해상,Busan,유럽,Rotterdam,2019,12,1100.0,2100.0,USD,,,,,2026-05-24
해상,Busan,유럽,Rotterdam,2019,11,1000.0,1900.0,USD,,,,,2026-05-24
해상,Busan,유럽,Rotterdam,2019,10,1100.0,2100.0,USD,,,,,2026-05-24
해상,Busan,유럽,Rotterdam,2019,09,1300.0,2200.0,USD,,,,,2026-05-24
해상,Busan,유럽,Rotterdam,2019,08,1400.0,2300.0,USD,,,,,2026-05-24
해상,Busan,유럽,Rotterdam,2019,07,1150.0,2200.0,USD,,,,,2026-05-24
해상,Busan,유럽,Rotterdam,2019,06,1200.0,2300.0,USD,,,,,2026-05-24
해상,Busan,유럽,Rotterdam,2019,05,1100.0,2000.0,USD,,,,,2026-05-24
해상,Busan,유럽,Rotterdam,2019,04,950.0,1800.0,USD,,,,,2026-05-24
해상,Busan,유럽,Rotterdam,2019,03,1200.0,2300.0,USD,,,,,2026-05-24
해상,Busan,유럽,Rotterdam,2019,02,1300.0,2500.0,USD,,,,,2026-05-24
해상,Busan,유럽,Rotterdam,2019,01,1350.0,2500.0,USD,,,,,2026-05-24
해상,Busan,유럽,Rotterdam,2018,12,1250.0,2400.0,USD,,,,,2026-05-24
해상,Busan,유럽,Rotterdam,2018,11,1250.0,2400.0,USD,,,,,2026-05-24
해상,Busan,유럽,Rotterdam,2018,10,1300.0,2500.0,USD,,,,,2026-05-24
해상,Busan,유럽,Rotterdam,2018,09,1400.0,2600.0,USD,,,,,2026-05-24
해상,Busan,유럽,Rotterdam,2018,08,1300.0,2500.0,USD,,,,,2026-05-24
해상,Busan,유럽,Rotterdam,2018,07,1200.0,2300.0,USD,,,,,2026-05-24
해상,Busan,유럽,Rotterdam,2018,06,1100.0,2000.0,USD,,,,,2026-05-24
해상,Busan,유럽,Rotterdam,2018,05,1000.0,1900.0,USD,,,,,2026-05-24
해상,Busan,유럽,Rotterdam,2018,04,900.0,1700.0,USD,,,,,2026-05-24
해상,Busan,유럽,Rotterdam,2018,03,1000.0,1900.0,USD,,,,,2026-05-24
해상,Busan,유럽,Rotterdam,2018,02,1100.0,2000.0,USD,,,,,2026-05-24
해상,Busan,유럽,Rotterdam,2018,01,1100.0,2100.0,USD,,,,,2026-05-24
해상,Busan,유럽,Hamburg,2026,05,1400.0,2300.0,USD,,,,,2026-05-24
해상,Busan,유럽,Hamburg,2026,04,1800.0,2900.0,USD,,,,,2026-05-24
해상,Busan,유럽,Hamburg,2026,03,2000.0,3800.0,USD,,,,,2026-05-24
해상,Busan,유럽,Hamburg,2026,02,1400.0,2900.0,USD,,,,,2026-05-24
해상,Busan,유럽,Hamburg,2026,01,1700.0,2900.0,USD,,,,,2026-05-24
해상,Busan,유럽,Hamburg,2025,12,1600.0,2400.0,USD,,,,,2026-05-24
해상,Busan,유럽,Hamburg,2025,11,1500.0,2100.0,USD,,,,,2026-05-24
해상,Busan,유럽,Hamburg,2025,10,1200.0,1600.0,USD,,,,,2026-05-24
해상,Busan,유럽,Hamburg,2025,09,1600.0,2600.0,USD,,,,,2026-05-24
해상,Busan,유럽,Hamburg,2025,08,2000.0,3100.0,USD,,,,,2026-05-24
해상,Busan,유럽,Hamburg,2025,07,2000.0,3300.0,USD,,,,,2026-05-24
해상,Busan,유럽,Hamburg,2025,06,2380.0,3500.0,USD,,,,,2026-05-24
해상,Busan,유럽,Hamburg,2025,05,1350.0,2200.0,USD,,,,,2026-05-24
해상,Busan,유럽,Hamburg,2025,04,1300.0,2200.0,USD,,,,,2026-05-24
해상,Busan,유럽,Hamburg,2025,03,2100.0,3500.0,USD,,,,,2026-05-24
해상,Busan,유럽,Hamburg,2025,01,2600.0,4100.0,USD,,,,,2026-05-24
해상,Busan,유럽,Hamburg,2024,12,3400.0,5800.0,USD,,,,,2026-05-24
해상,Busan,유럽,Hamburg,2024,11,3300.0,5800.0,USD,,,,,2026-05-24
해상,Busan,유럽,Hamburg,2024,10,2500.0,4800.0,USD,,,,,2026-05-24
해상,Busan,유럽,Hamburg,2024,09,3000.0,5300.0,USD,,,,,2026-05-24
해상,Busan,유럽,Hamburg,2024,08,4400.0,7900.0,USD,,,,,2026-05-24
해상,Busan,유럽,Hamburg,2024,07,4600.0,8400.0,USD,,,,,2026-05-24
해상,Busan,유럽,Hamburg,2024,06,4200.0,7600.0,USD,,,,,2026-05-24
해상,Busan,유럽,Hamburg,2024,05,3000.0,5500.0,USD,,,,,2026-05-24
해상,Busan,유럽,Hamburg,2024,04,1941.0,3702.0,USD,,,,,2026-05-24
해상,Busan,유럽,Hamburg,2024,03,2000.0,4200.0,USD,,,,,2026-05-24
해상,Busan,유럽,Hamburg,2024,02,2900.0,5100.0,USD,,,,,2026-05-24
해상,Busan,유럽,Hamburg,2024,01,3300.0,6400.0,USD,,,,,2026-05-24
해상,Busan,유럽,Hamburg,2023,12,1100.0,1900.0,USD,,,,,2026-05-24
해상,Busan,유럽,Hamburg,2023,11,700.0,1300.0,USD,,,,,2026-05-24
해상,Busan,유럽,Hamburg,2023,10,800.0,1400.0,USD,,,,,2026-05-24
해상,Busan,유럽,Hamburg,2023,09,850.0,1500.0,USD,,,,,2026-05-24
해상,Busan,유럽,Hamburg,2023,08,1200.0,2100.0,USD,,,,,2026-05-24
해상,Busan,유럽,Hamburg,2023,07,820.0,1250.0,USD,,,,,2026-05-24
해상,Busan,유럽,Hamburg,2023,06,900.0,1450.0,USD,,,,,2026-05-24
해상,Busan,유럽,Hamburg,2023,05,900.0,1300.0,USD,,,,,2026-05-24
해상,Busan,유럽,Hamburg,2023,04,950.0,1550.0,USD,,,,,2026-05-24
해상,Busan,유럽,Hamburg,2023,03,900.0,1500.0,USD,,,,,2026-05-24
해상,Busan,유럽,Hamburg,2023,02,1000.0,1800.0,USD,,,,,2026-05-24
해상,Busan,유럽,Hamburg,2023,01,900.0,1700.0,USD,,,,,2026-05-24
해상,Busan,유럽,Hamburg,2022,12,1250.0,2200.0,USD,,,,,2026-05-24
해상,Busan,유럽,Hamburg,2022,11,1700.0,3400.0,USD,,,,,2026-05-24
해상,Busan,유럽,Hamburg,2022,10,2800.0,5700.0,USD,,,,,2026-05-24
해상,Busan,유럽,Hamburg,2022,09,4300.0,7810.0,USD,,,,,2026-05-24
해상,Busan,유럽,Hamburg,2022,08,5600.0,10000.0,USD,,,,,2026-05-24
해상,Busan,유럽,Hamburg,2022,07,6700.0,12000.0,USD,,,,,2026-05-24
해상,Busan,유럽,Hamburg,2022,06,7200.0,13500.0,USD,,,,,2026-05-24
해상,Busan,유럽,Hamburg,2022,05,6800.0,13000.0,USD,,,,,2026-05-24
해상,Busan,유럽,Hamburg,2022,04,7500.0,14500.0,USD,,,,,2026-05-24
해상,Busan,유럽,Hamburg,2022,03,8500.0,16000.0,USD,,,,,2026-05-24
해상,Busan,유럽,Hamburg,2022,02,8500.0,16000.0,USD,,,,,2026-05-24
해상,Busan,유럽,Hamburg,2022,01,8500.0,16000.0,USD,,,,,2026-05-24
해상,Busan,유럽,Hamburg,2021,12,8300.0,15500.0,USD,,,,,2026-05-24
해상,Busan,유럽,Hamburg,2021,11,8300.0,15500.0,USD,,,,,2026-05-24
해상,Busan,유럽,Hamburg,2021,10,8300.0,15500.0,USD,,,,,2026-05-24
해상,Busan,유럽,Hamburg,2021,09,7800.0,14500.0,USD,,,,,2026-05-24
해상,Busan,유럽,Hamburg,2021,08,7100.0,13500.0,USD,,,,,2026-05-24
해상,Busan,유럽,Hamburg,2021,07,7000.0,13500.0,USD,,,,,2026-05-24
해상,Busan,유럽,Hamburg,2021,06,5800.0,11000.0,USD,,,,,2026-05-24
해상,Busan,유럽,Hamburg,2021,05,5100.0,9800.0,USD,,,,,2026-05-24
해상,Busan,유럽,Hamburg,2021,04,5200.0,9800.0,USD,,,,,2026-05-24
해상,Busan,유럽,Hamburg,2021,03,4100.0,8200.0,USD,,,,,2026-05-24
해상,Busan,유럽,Hamburg,2021,02,4200.0,8400.0,USD,,,,,2026-05-24
해상,Busan,유럽,Hamburg,2021,01,4200.0,7700.0,USD,,,,,2026-05-24
해상,Busan,유럽,Hamburg,2020,12,3100.0,6100.0,USD,,,,,2026-05-24
해상,Busan,유럽,Hamburg,2020,11,1550.0,2900.0,USD,,,,,2026-05-24
해상,Busan,유럽,Hamburg,2020,10,1275.0,2225.0,USD,,,,,2026-05-24
해상,Busan,유럽,Hamburg,2020,09,1075.0,2050.0,USD,,,,,2026-05-24
해상,Busan,유럽,Hamburg,2020,08,1200.0,2300.0,USD,,,,,2026-05-24
해상,Busan,유럽,Hamburg,2020,07,1100.0,2100.0,USD,,,,,2026-05-24
해상,Busan,유럽,Hamburg,2020,06,1100.0,2100.0,USD,,,,,2026-05-24
해상,Busan,유럽,Hamburg,2020,05,1200.0,2300.0,USD,,,,,2026-05-24
해상,Busan,유럽,Hamburg,2020,04,1100.0,2100.0,USD,,,,,2026-05-24
해상,Busan,유럽,Hamburg,2020,03,1200.0,2300.0,USD,,,,,2026-05-24
해상,Busan,유럽,Hamburg,2020,02,1300.0,2400.0,USD,,,,,2026-05-24
해상,Busan,유럽,Hamburg,2020,01,1300.0,2400.0,USD,,,,,2026-05-24
해상,Busan,유럽,Hamburg,2019,12,1100.0,2100.0,USD,,,,,2026-05-24
해상,Busan,유럽,Hamburg,2019,11,1000.0,1900.0,USD,,,,,2026-05-24
해상,Busan,유럽,Hamburg,2019,10,1100.0,2100.0,USD,,,,,2026-05-24
해상,Busan,유럽,Hamburg,2019,09,1300.0,2200.0,USD,,,,,2026-05-24
해상,Busan,유럽,Hamburg,2019,08,1400.0,2300.0,USD,,,,,2026-05-24
해상,Busan,유럽,Hamburg,2019,07,1150.0,2200.0,USD,,,,,2026-05-24
해상,Busan,유럽,Hamburg,2019,06,1200.0,2300.0,USD,,,,,2026-05-24
해상,Busan,유럽,Hamburg,2019,05,1100.0,2000.0,USD,,,,,2026-05-24
해상,Busan,유럽,Hamburg,2019,04,950.0,1800.0,USD,,,,,2026-05-24
해상,Busan,유럽,Hamburg,2019,03,1200.0,2300.0,USD,,,,,2026-05-24
해상,Busan,유럽,Hamburg,2019,02,1300.0,2500.0,USD,,,,,2026-05-24
해상,Busan,유럽,Hamburg,2019,01,1350.0,2500.0,USD,,,,,2026-05-24
해상,Busan,유럽,Hamburg,2018,12,1250.0,2400.0,USD,,,,,2026-05-24
해상,Busan,유럽,Hamburg,2018,11,1250.0,2400.0,USD,,,,,2026-05-24
해상,Busan,유럽,Hamburg,2018,10,1300.0,2500.0,USD,,,,,2026-05-24
해상,Busan,유럽,Hamburg,2018,09,1400.0,2600.0,USD,,,,,2026-05-24
해상,Busan,유럽,Hamburg,2018,08,1300.0,2500.0,USD,,,,,2026-05-24
해상,Busan,유럽,Hamburg,2018,07,1200.0,2300.0,USD,,,,,2026-05-24
해상,Busan,유럽,Hamburg,2018,06,1100.0,2000.0,USD,,,,,2026-05-24
해상,Busan,유럽,Hamburg,2018,05,1000.0,1900.0,USD,,,,,2026-05-24
해상,Busan,유럽,Hamburg,2018,04,900.0,1700.0,USD,,,,,2026-05-24
해상,Busan,유럽,Hamburg,2018,03,1000.0,1900.0,USD,,,,,2026-05-24
해상,Busan,유럽,Hamburg,2018,02,1100.0,2000.0,USD,,,,,2026-05-24
해상,Busan,유럽,Hamburg,2018,01,1100.0,2100.0,USD,,,,,2026-05-24
해상,Busan,유럽,Le Havre,2026,05,1400.0,2300.0,USD,,,,,2026-05-24
해상,Busan,유럽,Le Havre,2026,04,1800.0,2900.0,USD,,,,,2026-05-24
해상,Busan,유럽,Le Havre,2026,03,2000.0,3800.0,USD,,,,,2026-05-24
해상,Busan,유럽,Le Havre,2026,02,1400.0,2900.0,USD,,,,,2026-05-24
해상,Busan,유럽,Le Havre,2026,01,1700.0,2900.0,USD,,,,,2026-05-24
해상,Busan,유럽,Le Havre,2025,12,1600.0,2400.0,USD,,,,,2026-05-24
해상,Busan,유럽,Le Havre,2025,11,1500.0,2100.0,USD,,,,,2026-05-24
해상,Busan,유럽,Le Havre,2025,10,1200.0,1600.0,USD,,,,,2026-05-24
해상,Busan,유럽,Le Havre,2025,09,1600.0,2600.0,USD,,,,,2026-05-24
해상,Busan,유럽,Le Havre,2025,08,2000.0,3100.0,USD,,,,,2026-05-24
해상,Busan,유럽,Le Havre,2025,07,2000.0,3300.0,USD,,,,,2026-05-24
해상,Busan,유럽,Le Havre,2025,06,2380.0,3500.0,USD,,,,,2026-05-24
해상,Busan,유럽,Le Havre,2025,05,1350.0,2200.0,USD,,,,,2026-05-24
해상,Busan,유럽,Le Havre,2025,04,1300.0,2200.0,USD,,,,,2026-05-24
해상,Busan,유럽,Le Havre,2025,03,2100.0,3500.0,USD,,,,,2026-05-24
해상,Busan,유럽,Le Havre,2025,01,2600.0,4100.0,USD,,,,,2026-05-24
해상,Busan,유럽,Le Havre,2024,12,3400.0,5800.0,USD,,,,,2026-05-24
해상,Busan,유럽,Le Havre,2024,11,3300.0,5800.0,USD,,,,,2026-05-24
해상,Busan,유럽,Le Havre,2024,10,2500.0,4800.0,USD,,,,,2026-05-24
해상,Busan,유럽,Le Havre,2024,09,2900.0,5300.0,USD,,,,,2026-05-24
해상,Busan,유럽,Le Havre,2024,08,4400.0,7900.0,USD,,,,,2026-05-24
해상,Busan,유럽,Le Havre,2024,07,4600.0,8400.0,USD,,,,,2026-05-24
해상,Busan,유럽,Le Havre,2024,06,4200.0,7600.0,USD,,,,,2026-05-24
해상,Busan,유럽,Le Havre,2024,05,3000.0,5500.0,USD,,,,,2026-05-24
해상,Busan,유럽,Le Havre,2024,04,1941.0,3702.0,USD,,,,,2026-05-24
해상,Busan,유럽,Le Havre,2024,03,2000.0,4200.0,USD,,,,,2026-05-24
해상,Busan,유럽,Le Havre,2024,02,2900.0,5100.0,USD,,,,,2026-05-24
해상,Busan,유럽,Le Havre,2024,01,3300.0,6400.0,USD,,,,,2026-05-24
해상,Busan,유럽,Le Havre,2023,12,1100.0,1900.0,USD,,,,,2026-05-24
해상,Busan,유럽,Le Havre,2023,11,700.0,1300.0,USD,,,,,2026-05-24
해상,Busan,유럽,Le Havre,2023,10,800.0,1400.0,USD,,,,,2026-05-24
해상,Busan,유럽,Le Havre,2023,09,850.0,1500.0,USD,,,,,2026-05-24
해상,Busan,유럽,Le Havre,2023,08,1200.0,2100.0,USD,,,,,2026-05-24
해상,Busan,유럽,Le Havre,2023,07,820.0,1250.0,USD,,,,,2026-05-24
해상,Busan,유럽,Le Havre,2023,06,900.0,1450.0,USD,,,,,2026-05-24
해상,Busan,유럽,Le Havre,2023,05,900.0,1300.0,USD,,,,,2026-05-24
해상,Busan,유럽,Le Havre,2023,04,950.0,1550.0,USD,,,,,2026-05-24
해상,Busan,유럽,Le Havre,2023,03,900.0,1500.0,USD,,,,,2026-05-24
해상,Busan,유럽,Le Havre,2023,02,1000.0,1800.0,USD,,,,,2026-05-24
해상,Busan,유럽,Le Havre,2023,01,900.0,1700.0,USD,,,,,2026-05-24
해상,Busan,유럽,Le Havre,2022,12,1250.0,2200.0,USD,,,,,2026-05-24
해상,Busan,유럽,Le Havre,2022,11,1700.0,3400.0,USD,,,,,2026-05-24
해상,Busan,유럽,Le Havre,2022,10,2800.0,5700.0,USD,,,,,2026-05-24
해상,Busan,유럽,Le Havre,2022,09,4300.0,7810.0,USD,,,,,2026-05-24
해상,Busan,유럽,Le Havre,2022,08,5600.0,10000.0,USD,,,,,2026-05-24
해상,Busan,유럽,Le Havre,2022,07,6700.0,12000.0,USD,,,,,2026-05-24
해상,Busan,유럽,Le Havre,2022,06,7200.0,13500.0,USD,,,,,2026-05-24
해상,Busan,유럽,Le Havre,2022,05,6800.0,13000.0,USD,,,,,2026-05-24
해상,Busan,유럽,Le Havre,2022,04,7500.0,14500.0,USD,,,,,2026-05-24
해상,Busan,유럽,Le Havre,2022,03,8500.0,16000.0,USD,,,,,2026-05-24
해상,Busan,유럽,Le Havre,2022,02,8500.0,16000.0,USD,,,,,2026-05-24
해상,Busan,유럽,Le Havre,2022,01,8500.0,16000.0,USD,,,,,2026-05-24
해상,Busan,유럽,Le Havre,2021,12,8300.0,15500.0,USD,,,,,2026-05-24
해상,Busan,유럽,Le Havre,2021,11,8300.0,15500.0,USD,,,,,2026-05-24
해상,Busan,유럽,Le Havre,2021,10,8300.0,15500.0,USD,,,,,2026-05-24
해상,Busan,유럽,Le Havre,2021,09,7800.0,14500.0,USD,,,,,2026-05-24
해상,Busan,유럽,Le Havre,2021,08,7100.0,13500.0,USD,,,,,2026-05-24
해상,Busan,유럽,Le Havre,2021,07,7000.0,13500.0,USD,,,,,2026-05-24
해상,Busan,유럽,Le Havre,2021,06,5800.0,11000.0,USD,,,,,2026-05-24
해상,Busan,유럽,Le Havre,2021,05,5100.0,9800.0,USD,,,,,2026-05-24
해상,Busan,유럽,Le Havre,2021,04,5200.0,9800.0,USD,,,,,2026-05-24
해상,Busan,유럽,Le Havre,2021,03,4100.0,8200.0,USD,,,,,2026-05-24
해상,Busan,유럽,Le Havre,2021,02,4200.0,8400.0,USD,,,,,2026-05-24
해상,Busan,유럽,Le Havre,2021,01,4200.0,7700.0,USD,,,,,2026-05-24
해상,Busan,유럽,Le Havre,2020,12,3100.0,6100.0,USD,,,,,2026-05-24
해상,Busan,유럽,Le Havre,2020,11,1550.0,2900.0,USD,,,,,2026-05-24
해상,Busan,유럽,Le Havre,2020,10,1275.0,2225.0,USD,,,,,2026-05-24
해상,Busan,유럽,Le Havre,2020,09,1075.0,2050.0,USD,,,,,2026-05-24
해상,Busan,유럽,Le Havre,2020,08,1200.0,2300.0,USD,,,,,2026-05-24
해상,Busan,유럽,Le Havre,2020,07,1100.0,2100.0,USD,,,,,2026-05-24
해상,Busan,유럽,Le Havre,2020,06,1100.0,2100.0,USD,,,,,2026-05-24
해상,Busan,유럽,Le Havre,2020,05,1200.0,2300.0,USD,,,,,2026-05-24
해상,Busan,유럽,Le Havre,2020,04,1100.0,2100.0,USD,,,,,2026-05-24
해상,Busan,유럽,Le Havre,2020,03,1200.0,2300.0,USD,,,,,2026-05-24
해상,Busan,유럽,Le Havre,2020,02,1300.0,2400.0,USD,,,,,2026-05-24
해상,Busan,유럽,Le Havre,2020,01,1300.0,2400.0,USD,,,,,2026-05-24
해상,Busan,유럽,Le Havre,2019,12,1100.0,2100.0,USD,,,,,2026-05-24
해상,Busan,유럽,Le Havre,2019,11,1000.0,1900.0,USD,,,,,2026-05-24
해상,Busan,유럽,Le Havre,2019,10,1100.0,2100.0,USD,,,,,2026-05-24
해상,Busan,유럽,Le Havre,2019,09,1300.0,2200.0,USD,,,,,2026-05-24
해상,Busan,유럽,Le Havre,2019,08,1400.0,2300.0,USD,,,,,2026-05-24
해상,Busan,유럽,Le Havre,2019,07,1150.0,2200.0,USD,,,,,2026-05-24
해상,Busan,유럽,Le Havre,2019,06,1200.0,2300.0,USD,,,,,2026-05-24
해상,Busan,유럽,Le Havre,2019,05,1100.0,2000.0,USD,,,,,2026-05-24
해상,Busan,유럽,Le Havre,2019,04,950.0,1800.0,USD,,,,,2026-05-24
해상,Busan,유럽,Le Havre,2019,03,1200.0,2300.0,USD,,,,,2026-05-24
해상,Busan,유럽,Le Havre,2019,02,1300.0,2500.0,USD,,,,,2026-05-24
해상,Busan,유럽,Le Havre,2019,01,1350.0,2500.0,USD,,,,,2026-05-24
해상,Busan,유럽,Le Havre,2018,12,1250.0,2400.0,USD,,,,,2026-05-24
해상,Busan,유럽,Le Havre,2018,11,1250.0,2400.0,USD,,,,,2026-05-24
해상,Busan,유럽,Le Havre,2018,10,1300.0,2500.0,USD,,,,,2026-05-24
해상,Busan,유럽,Le Havre,2018,09,1400.0,2600.0,USD,,,,,2026-05-24
해상,Busan,유럽,Le Havre,2018,08,1300.0,2500.0,USD,,,,,2026-05-24
해상,Busan,유럽,Le Havre,2018,07,1200.0,2300.0,USD,,,,,2026-05-24
해상,Busan,유럽,Le Havre,2018,06,1100.0,2000.0,USD,,,,,2026-05-24
해상,Busan,유럽,Le Havre,2018,05,1000.0,1900.0,USD,,,,,2026-05-24
해상,Busan,유럽,Le Havre,2018,04,900.0,1700.0,USD,,,,,2026-05-24
해상,Busan,유럽,Le Havre,2018,03,1000.0,1900.0,USD,,,,,2026-05-24
해상,Busan,유럽,Le Havre,2018,02,1100.0,2000.0,USD,,,,,2026-05-24
해상,Busan,유럽,Le Havre,2018,01,1100.0,2100.0,USD,,,,,2026-05-24
해상,Busan,유럽,Southampton,2026,05,1400.0,2200.0,USD,,,,,2026-05-24
해상,Busan,유럽,Southampton,2026,04,1800.0,2900.0,USD,,,,,2026-05-24
해상,Busan,유럽,Southampton,2026,03,2000.0,3800.0,USD,,,,,2026-05-24
해상,Busan,유럽,Southampton,2026,02,1400.0,2900.0,USD,,,,,2026-05-24
해상,Busan,유럽,Southampton,2026,01,1700.0,2900.0,USD,,,,,2026-05-24
해상,Busan,유럽,Southampton,2025,12,1600.0,2400.0,USD,,,,,2026-05-24
해상,Busan,유럽,Southampton,2025,11,1500.0,2100.0,USD,,,,,2026-05-24
해상,Busan,유럽,Southampton,2025,10,1200.0,1600.0,USD,,,,,2026-05-24
해상,Busan,유럽,Southampton,2025,09,1600.0,2600.0,USD,,,,,2026-05-24
해상,Busan,유럽,Southampton,2025,08,2000.0,3100.0,USD,,,,,2026-05-24
해상,Busan,유럽,Southampton,2025,07,2000.0,3300.0,USD,,,,,2026-05-24
해상,Busan,유럽,Southampton,2025,06,2380.0,3500.0,USD,,,,,2026-05-24
해상,Busan,유럽,Southampton,2025,05,1350.0,2200.0,USD,,,,,2026-05-24
해상,Busan,유럽,Southampton,2025,04,1300.0,2200.0,USD,,,,,2026-05-24
해상,Busan,유럽,Southampton,2025,03,2100.0,3500.0,USD,,,,,2026-05-24
해상,Busan,유럽,Southampton,2025,01,2600.0,4100.0,USD,,,,,2026-05-24
해상,Busan,유럽,Southampton,2024,12,3400.0,5800.0,USD,,,,,2026-05-24
해상,Busan,유럽,Southampton,2024,11,3300.0,5800.0,USD,,,,,2026-05-24
해상,Busan,유럽,Southampton,2024,10,2500.0,4800.0,USD,,,,,2026-05-24
해상,Busan,유럽,Southampton,2024,09,2900.0,5300.0,USD,,,,,2026-05-24
해상,Busan,유럽,Southampton,2024,08,4400.0,7900.0,USD,,,,,2026-05-24
해상,Busan,유럽,Southampton,2024,07,4600.0,8400.0,USD,,,,,2026-05-24
해상,Busan,유럽,Southampton,2024,06,4200.0,7600.0,USD,,,,,2026-05-24
해상,Busan,유럽,Southampton,2024,05,3000.0,5500.0,USD,,,,,2026-05-24
해상,Busan,유럽,Southampton,2024,04,1941.0,3702.0,USD,,,,,2026-05-24
해상,Busan,유럽,Southampton,2024,03,2000.0,4200.0,USD,,,,,2026-05-24
해상,Busan,유럽,Southampton,2024,02,2900.0,5100.0,USD,,,,,2026-05-24
해상,Busan,유럽,Southampton,2024,01,3300.0,6400.0,USD,,,,,2026-05-24
해상,Busan,유럽,Southampton,2023,12,1100.0,1900.0,USD,,,,,2026-05-24
해상,Busan,유럽,Southampton,2023,11,700.0,1300.0,USD,,,,,2026-05-24
해상,Busan,유럽,Southampton,2023,10,800.0,1400.0,USD,,,,,2026-05-24
해상,Busan,유럽,Southampton,2023,09,850.0,1500.0,USD,,,,,2026-05-24
해상,Busan,유럽,Southampton,2023,08,1200.0,2100.0,USD,,,,,2026-05-24
해상,Busan,유럽,Southampton,2023,07,820.0,1250.0,USD,,,,,2026-05-24
해상,Busan,유럽,Southampton,2023,06,900.0,1450.0,USD,,,,,2026-05-24
해상,Busan,유럽,Southampton,2023,05,950.0,1450.0,USD,,,,,2026-05-24
해상,Busan,유럽,Southampton,2023,04,920.0,1550.0,USD,,,,,2026-05-24
해상,Busan,유럽,Southampton,2023,03,900.0,1500.0,USD,,,,,2026-05-24
해상,Busan,유럽,Southampton,2023,02,1200.0,2000.0,USD,,,,,2026-05-24
해상,Busan,유럽,Southampton,2023,01,900.0,1700.0,USD,,,,,2026-05-24
해상,Busan,유럽,Southampton,2022,12,1500.0,2200.0,USD,,,,,2026-05-24
해상,Busan,유럽,Southampton,2022,11,1700.0,3400.0,USD,,,,,2026-05-24
해상,Busan,유럽,Southampton,2022,10,2800.0,5700.0,USD,,,,,2026-05-24
해상,Busan,유럽,Southampton,2022,09,4300.0,7810.0,USD,,,,,2026-05-24
해상,Busan,유럽,Southampton,2022,08,6000.0,10000.0,USD,,,,,2026-05-24
해상,Busan,유럽,Southampton,2022,07,7100.0,12500.0,USD,,,,,2026-05-24
해상,Busan,유럽,Southampton,2022,06,7500.0,14200.0,USD,,,,,2026-05-24
해상,Busan,유럽,Southampton,2022,05,7500.0,13500.0,USD,,,,,2026-05-24
해상,Busan,유럽,Southampton,2022,04,8500.0,16000.0,USD,,,,,2026-05-24
해상,Busan,유럽,Southampton,2022,03,9800.0,18000.0,USD,,,,,2026-05-24
해상,Busan,유럽,Southampton,2022,02,9800.0,18000.0,USD,,,,,2026-05-24
해상,Busan,유럽,Southampton,2022,01,9800.0,18000.0,USD,,,,,2026-05-24
해상,Busan,유럽,Southampton,2021,12,9500.0,18000.0,USD,,,,,2026-05-24
해상,Busan,유럽,Southampton,2021,11,9500.0,18000.0,USD,,,,,2026-05-24
해상,Busan,유럽,Southampton,2021,10,9500.0,18000.0,USD,,,,,2026-05-24
해상,Busan,유럽,Southampton,2021,09,9000.0,17000.0,USD,,,,,2026-05-24
해상,Busan,유럽,Southampton,2021,08,8500.0,15500.0,USD,,,,,2026-05-24
해상,Busan,유럽,Southampton,2021,07,8000.0,15500.0,USD,,,,,2026-05-24
해상,Busan,유럽,Southampton,2021,06,6800.0,13000.0,USD,,,,,2026-05-24
해상,Busan,유럽,Southampton,2021,05,6300.0,12500.0,USD,,,,,2026-05-24
해상,Busan,유럽,Southampton,2021,04,6100.0,11500.0,USD,,,,,2026-05-24
해상,Busan,유럽,Southampton,2021,03,5100.0,10000.0,USD,,,,,2026-05-24
해상,Busan,유럽,Southampton,2021,02,5400.0,10800.0,USD,,,,,2026-05-24
해상,Busan,유럽,Southampton,2021,01,5400.0,11000.0,USD,,,,,2026-05-24
해상,Busan,유럽,Southampton,2020,12,4900.0,8500.0,USD,,,,,2026-05-24
해상,Busan,유럽,Southampton,2020,11,1550.0,2900.0,USD,,,,,2026-05-24
해상,Busan,유럽,Southampton,2020,10,1275.0,2225.0,USD,,,,,2026-05-24
해상,Busan,유럽,Southampton,2020,09,1075.0,2050.0,USD,,,,,2026-05-24
해상,Busan,유럽,Southampton,2020,08,1200.0,2300.0,USD,,,,,2026-05-24
해상,Busan,유럽,Southampton,2020,07,1100.0,2100.0,USD,,,,,2026-05-24
해상,Busan,유럽,Southampton,2020,06,1100.0,2100.0,USD,,,,,2026-05-24
해상,Busan,유럽,Southampton,2020,05,1200.0,2300.0,USD,,,,,2026-05-24
해상,Busan,유럽,Southampton,2020,04,1100.0,2100.0,USD,,,,,2026-05-24
해상,Busan,유럽,Southampton,2020,03,1200.0,2300.0,USD,,,,,2026-05-24
해상,Busan,유럽,Southampton,2020,02,1300.0,2400.0,USD,,,,,2026-05-24
해상,Busan,유럽,Southampton,2020,01,1300.0,2400.0,USD,,,,,2026-05-24
해상,Busan,유럽,Southampton,2019,12,1100.0,2100.0,USD,,,,,2026-05-24
해상,Busan,유럽,Southampton,2019,11,1000.0,1900.0,USD,,,,,2026-05-24
해상,Busan,유럽,Southampton,2019,10,1200.0,2300.0,USD,,,,,2026-05-24
해상,Busan,유럽,Southampton,2019,09,1300.0,2200.0,USD,,,,,2026-05-24
해상,Busan,유럽,Southampton,2019,08,1400.0,2700.0,USD,,,,,2026-05-24
해상,Busan,유럽,Southampton,2019,07,1150.0,2200.0,USD,,,,,2026-05-24
해상,Busan,유럽,Southampton,2019,06,1200.0,2300.0,USD,,,,,2026-05-24
해상,Busan,유럽,Southampton,2019,05,1100.0,2000.0,USD,,,,,2026-05-24
해상,Busan,유럽,Southampton,2019,04,950.0,1800.0,USD,,,,,2026-05-24
해상,Busan,유럽,Southampton,2019,03,1200.0,2300.0,USD,,,,,2026-05-24
해상,Busan,유럽,Southampton,2019,02,1400.0,2700.0,USD,,,,,2026-05-24
해상,Busan,유럽,Southampton,2019,01,1350.0,2600.0,USD,,,,,2026-05-24
해상,Busan,유럽,Southampton,2018,12,1250.0,2400.0,USD,,,,,2026-05-24
해상,Busan,유럽,Southampton,2018,11,1250.0,2400.0,USD,,,,,2026-05-24
해상,Busan,유럽,Southampton,2018,10,1300.0,2500.0,USD,,,,,2026-05-24
해상,Busan,유럽,Southampton,2018,09,1400.0,2600.0,USD,,,,,2026-05-24
해상,Busan,유럽,Southampton,2018,08,1300.0,2500.0,USD,,,,,2026-05-24
해상,Busan,유럽,Southampton,2018,07,1200.0,2300.0,USD,,,,,2026-05-24
해상,Busan,유럽,Southampton,2018,06,1100.0,2000.0,USD,,,,,2026-05-24
해상,Busan,유럽,Southampton,2018,05,1000.0,1900.0,USD,,,,,2026-05-24
해상,Busan,유럽,Southampton,2018,04,900.0,1700.0,USD,,,,,2026-05-24
해상,Busan,유럽,Southampton,2018,03,1000.0,1900.0,USD,,,,,2026-05-24
해상,Busan,유럽,Southampton,2018,02,1100.0,2000.0,USD,,,,,2026-05-24
해상,Busan,유럽,Southampton,2018,01,1100.0,2100.0,USD,,,,,2026-05-24
해상,Busan,유럽,Gothenburg,2026,05,2400.0,3300.0,USD,,,,,2026-05-24
해상,Busan,유럽,Gothenburg,2026,04,2200.0,3300.0,USD,,,,,2026-05-24
해상,Busan,유럽,Gothenburg,2026,03,2100.0,3800.0,USD,,,,,2026-05-24
해상,Busan,유럽,Gothenburg,2026,02,1800.0,2900.0,USD,,,,,2026-05-24
해상,Busan,유럽,Gothenburg,2026,01,2100.0,3400.0,USD,,,,,2026-05-24
해상,Busan,유럽,Gothenburg,2025,12,1800.0,2900.0,USD,,,,,2026-05-24
해상,Busan,유럽,Gothenburg,2025,11,1900.0,3250.0,USD,,,,,2026-05-24
해상,Busan,유럽,Gothenburg,2025,10,1500.0,2300.0,USD,,,,,2026-05-24
해상,Busan,유럽,Gothenburg,2025,09,1900.0,2900.0,USD,,,,,2026-05-24
해상,Busan,유럽,Gothenburg,2025,08,2400.0,3500.0,USD,,,,,2026-05-24
해상,Busan,유럽,Gothenburg,2025,07,2900.0,4100.0,USD,,,,,2026-05-24
해상,Busan,유럽,Gothenburg,2025,06,2800.0,4000.0,USD,,,,,2026-05-24
해상,Busan,유럽,Gothenburg,2025,05,1700.0,2700.0,USD,,,,,2026-05-24
해상,Busan,유럽,Gothenburg,2025,04,1700.0,2700.0,USD,,,,,2026-05-24
해상,Busan,유럽,Gothenburg,2025,03,2400.0,4800.0,USD,,,,,2026-05-24
해상,Busan,유럽,Gothenburg,2025,01,2800.0,4500.0,USD,,,,,2026-05-24
해상,Busan,유럽,Gothenburg,2024,12,3800.0,6200.0,USD,,,,,2026-05-24
해상,Busan,유럽,Gothenburg,2024,11,3700.0,6200.0,USD,,,,,2026-05-24
해상,Busan,유럽,Gothenburg,2024,10,2700.0,5300.0,USD,,,,,2026-05-24
해상,Busan,유럽,Gothenburg,2024,09,3900.0,7000.0,USD,,,,,2026-05-24
해상,Busan,유럽,Gothenburg,2024,08,4700.0,8400.0,USD,,,,,2026-05-24
해상,Busan,유럽,Gothenburg,2024,07,4900.0,8900.0,USD,,,,,2026-05-24
해상,Busan,유럽,Gothenburg,2024,06,4500.0,8100.0,USD,,,,,2026-05-24
해상,Busan,유럽,Gothenburg,2024,05,3400.0,5100.0,USD,,,,,2026-05-24
해상,Busan,유럽,Gothenburg,2024,04,1941.0,3702.0,USD,,,,,2026-05-24
해상,Busan,유럽,Gothenburg,2024,03,2300.0,4400.0,USD,,,,,2026-05-24
해상,Busan,유럽,Gothenburg,2024,02,3200.0,5500.0,USD,,,,,2026-05-24
해상,Busan,유럽,Gothenburg,2024,01,4100.0,6900.0,USD,,,,,2026-05-24
해상,Busan,유럽,Gothenburg,2023,12,1300.0,2300.0,USD,,,,,2026-05-24
해상,Busan,유럽,Gothenburg,2023,11,1200.0,1900.0,USD,,,,,2026-05-24
해상,Busan,유럽,Gothenburg,2023,10,1100.0,1800.0,USD,,,,,2026-05-24
해상,Busan,유럽,Gothenburg,2023,09,1200.0,2000.0,USD,,,,,2026-05-24
해상,Busan,유럽,Gothenburg,2023,08,1600.0,2500.0,USD,,,,,2026-05-24
해상,Busan,유럽,Gothenburg,2023,07,1050.0,1500.0,USD,,,,,2026-05-24
해상,Busan,유럽,Gothenburg,2023,06,1300.0,1950.0,USD,,,,,2026-05-24
해상,Busan,유럽,Gothenburg,2023,05,1250.0,1650.0,USD,,,,,2026-05-24
해상,Busan,유럽,Gothenburg,2023,04,,,USD,,,,,2026-05-24
해상,Busan,유럽,Gothenburg,2023,03,1300.0,2000.0,USD,,,,,2026-05-24
해상,Busan,유럽,Gothenburg,2023,02,1400.0,2300.0,USD,,,,,2026-05-24
해상,Busan,유럽,Gothenburg,2023,01,1600.0,3200.0,USD,,,,,2026-05-24
해상,Busan,유럽,Gothenburg,2022,12,1700.0,3300.0,USD,,,,,2026-05-24
해상,Busan,유럽,Gothenburg,2022,11,2100.0,3800.0,USD,,,,,2026-05-24
해상,Busan,유럽,Gothenburg,2022,10,3500.0,6500.0,USD,,,,,2026-05-24
해상,Busan,유럽,Gothenburg,2022,09,4500.0,8300.0,USD,,,,,2026-05-24
해상,Busan,유럽,Gothenburg,2022,08,6300.0,10500.0,USD,,,,,2026-05-24
해상,Busan,유럽,Gothenburg,2022,07,7100.0,13000.0,USD,,,,,2026-05-24
해상,Busan,유럽,Gothenburg,2022,06,7500.0,14000.0,USD,,,,,2026-05-24
해상,Busan,유럽,Gothenburg,2022,05,7200.0,13500.0,USD,,,,,2026-05-24
해상,Busan,유럽,Gothenburg,2022,04,7800.0,15000.0,USD,,,,,2026-05-24
해상,Busan,유럽,Gothenburg,2022,03,9000.0,16500.0,USD,,,,,2026-05-24
해상,Busan,유럽,Gothenburg,2022,02,9000.0,16500.0,USD,,,,,2026-05-24
해상,Busan,유럽,Gothenburg,2022,01,9000.0,16500.0,USD,,,,,2026-05-24
해상,Busan,유럽,Gothenburg,2021,12,8700.0,16000.0,USD,,,,,2026-05-24
해상,Busan,유럽,Gothenburg,2021,11,8700.0,16000.0,USD,,,,,2026-05-24
해상,Busan,유럽,Gothenburg,2021,10,8700.0,16000.0,USD,,,,,2026-05-24
해상,Busan,유럽,Gothenburg,2021,09,8200.0,15000.0,USD,,,,,2026-05-24
해상,Busan,유럽,Gothenburg,2021,08,7500.0,14000.0,USD,,,,,2026-05-24
해상,Busan,유럽,Gothenburg,2021,07,7400.0,14000.0,USD,,,,,2026-05-24
해상,Busan,유럽,Gothenburg,2021,06,6400.0,12000.0,USD,,,,,2026-05-24
해상,Busan,유럽,Gothenburg,2021,05,5400.0,10640.0,USD,,,,,2026-05-24
해상,Busan,유럽,Gothenburg,2021,04,5700.0,9100.0,USD,,,,,2026-05-24
해상,Busan,유럽,Gothenburg,2021,03,4400.0,8800.0,USD,,,,,2026-05-24
해상,Busan,유럽,Gothenburg,2021,02,4500.0,9000.0,USD,,,,,2026-05-24
해상,Busan,유럽,Gothenburg,2021,01,4500.0,8400.0,USD,,,,,2026-05-24
해상,Busan,유럽,Gothenburg,2020,12,3400.0,6600.0,USD,,,,,2026-05-24
해상,Busan,유럽,Gothenburg,2020,11,1800.0,3400.0,USD,,,,,2026-05-24
해상,Busan,유럽,Gothenburg,2020,10,1675.0,2700.0,USD,,,,,2026-05-24
해상,Busan,유럽,Gothenburg,2020,09,1425.0,2700.0,USD,,,,,2026-05-24
해상,Busan,유럽,Gothenburg,2020,08,1500.0,2800.0,USD,,,,,2026-05-24
해상,Busan,유럽,Gothenburg,2020,07,1400.0,2600.0,USD,,,,,2026-05-24
해상,Busan,유럽,Gothenburg,2020,06,1500.0,2700.0,USD,,,,,2026-05-24
해상,Busan,유럽,Gothenburg,2020,05,1600.0,2800.0,USD,,,,,2026-05-24
해상,Busan,유럽,Gothenburg,2020,04,1400.0,2600.0,USD,,,,,2026-05-24
해상,Busan,유럽,Gothenburg,2020,03,1500.0,2700.0,USD,,,,,2026-05-24
해상,Busan,유럽,Gothenburg,2020,02,1600.0,2800.0,USD,,,,,2026-05-24
해상,Busan,유럽,Gothenburg,2020,01,1600.0,2800.0,USD,,,,,2026-05-24
해상,Busan,유럽,Gothenburg,2019,12,1500.0,2900.0,USD,,,,,2026-05-24
해상,Busan,유럽,Gothenburg,2019,11,1400.0,2700.0,USD,,,,,2026-05-24
해상,Busan,유럽,Gothenburg,2019,10,1600.0,3000.0,USD,,,,,2026-05-24
해상,Busan,유럽,Gothenburg,2019,09,1600.0,3200.0,USD,,,,,2026-05-24
해상,Busan,유럽,Gothenburg,2019,08,1700.0,3200.0,USD,,,,,2026-05-24
해상,Busan,유럽,Gothenburg,2019,07,1450.0,2600.0,USD,,,,,2026-05-24
해상,Busan,유럽,Gothenburg,2019,06,1500.0,2700.0,USD,,,,,2026-05-24
해상,Busan,유럽,Gothenburg,2019,05,1400.0,2600.0,USD,,,,,2026-05-24
해상,Busan,유럽,Gothenburg,2019,04,1250.0,2300.0,USD,,,,,2026-05-24
해상,Busan,유럽,Gothenburg,2019,03,1600.0,2600.0,USD,,,,,2026-05-24
해상,Busan,유럽,Gothenburg,2019,02,1700.0,2700.0,USD,,,,,2026-05-24
해상,Busan,유럽,Gothenburg,2019,01,1800.0,2800.0,USD,,,,,2026-05-24
해상,Busan,유럽,Gothenburg,2018,12,1600.0,2600.0,USD,,,,,2026-05-24
해상,Busan,유럽,Gothenburg,2018,11,1600.0,2600.0,USD,,,,,2026-05-24
해상,Busan,유럽,Gothenburg,2018,10,1700.0,2700.0,USD,,,,,2026-05-24
해상,Busan,유럽,Gothenburg,2018,09,1800.0,2900.0,USD,,,,,2026-05-24
해상,Busan,유럽,Gothenburg,2018,08,1700.0,2800.0,USD,,,,,2026-05-24
해상,Busan,유럽,Gothenburg,2018,07,1600.0,2600.0,USD,,,,,2026-05-24
해상,Busan,유럽,Gothenburg,2018,06,1400.0,2300.0,USD,,,,,2026-05-24
해상,Busan,유럽,Gothenburg,2018,05,1300.0,2200.0,USD,,,,,2026-05-24
해상,Busan,유럽,Gothenburg,2018,04,1200.0,2000.0,USD,,,,,2026-05-24
해상,Busan,유럽,Gothenburg,2018,03,1400.0,2600.0,USD,,,,,2026-05-24
해상,Busan,유럽,Gothenburg,2018,02,1400.0,2500.0,USD,,,,,2026-05-24
해상,Busan,유럽,Gothenburg,2018,01,1400.0,2700.0,USD,,,,,2026-05-24
해상,Busan,유럽,Helsinki,2026,05,2400.0,3500.0,USD,,,,,2026-05-24
해상,Busan,유럽,Helsinki,2026,04,2200.0,3300.0,USD,,,,,2026-05-24
해상,Busan,유럽,Helsinki,2026,03,2100.0,3800.0,USD,,,,,2026-05-24
해상,Busan,유럽,Helsinki,2026,02,1800.0,2900.0,USD,,,,,2026-05-24
해상,Busan,유럽,Helsinki,2026,01,2100.0,3400.0,USD,,,,,2026-05-24
해상,Busan,유럽,Helsinki,2025,12,1800.0,2900.0,USD,,,,,2026-05-24
해상,Busan,유럽,Helsinki,2025,11,2100.0,3400.0,USD,,,,,2026-05-24
해상,Busan,유럽,Helsinki,2025,10,1500.0,2300.0,USD,,,,,2026-05-24
해상,Busan,유럽,Helsinki,2025,09,1900.0,2900.0,USD,,,,,2026-05-24
해상,Busan,유럽,Helsinki,2025,08,2400.0,3500.0,USD,,,,,2026-05-24
해상,Busan,유럽,Helsinki,2025,07,2900.0,4100.0,USD,,,,,2026-05-24
해상,Busan,유럽,Helsinki,2025,06,2800.0,4000.0,USD,,,,,2026-05-24
해상,Busan,유럽,Helsinki,2025,05,1700.0,2700.0,USD,,,,,2026-05-24
해상,Busan,유럽,Helsinki,2025,04,1700.0,2700.0,USD,,,,,2026-05-24
해상,Busan,유럽,Helsinki,2025,03,2400.0,4800.0,USD,,,,,2026-05-24
해상,Busan,유럽,Helsinki,2025,01,2800.0,4500.0,USD,,,,,2026-05-24
해상,Busan,유럽,Helsinki,2024,12,3800.0,6200.0,USD,,,,,2026-05-24
해상,Busan,유럽,Helsinki,2024,11,3700.0,6200.0,USD,,,,,2026-05-24
해상,Busan,유럽,Helsinki,2024,10,2700.0,5300.0,USD,,,,,2026-05-24
해상,Busan,유럽,Helsinki,2024,09,3900.0,7000.0,USD,,,,,2026-05-24
해상,Busan,유럽,Helsinki,2024,08,4700.0,8400.0,USD,,,,,2026-05-24
해상,Busan,유럽,Helsinki,2024,07,4900.0,8900.0,USD,,,,,2026-05-24
해상,Busan,유럽,Helsinki,2024,06,4500.0,8100.0,USD,,,,,2026-05-24
해상,Busan,유럽,Helsinki,2024,05,3400.0,5100.0,USD,,,,,2026-05-24
해상,Busan,유럽,Helsinki,2024,04,1941.0,3702.0,USD,,,,,2026-05-24
해상,Busan,유럽,Helsinki,2024,03,2300.0,4400.0,USD,,,,,2026-05-24
해상,Busan,유럽,Helsinki,2024,02,3200.0,5500.0,USD,,,,,2026-05-24
해상,Busan,유럽,Helsinki,2024,01,4100.0,6900.0,USD,,,,,2026-05-24
해상,Busan,유럽,Helsinki,2023,12,1300.0,2300.0,USD,,,,,2026-05-24
해상,Busan,유럽,Helsinki,2023,11,1200.0,1900.0,USD,,,,,2026-05-24
해상,Busan,유럽,Helsinki,2023,10,1100.0,1800.0,USD,,,,,2026-05-24
해상,Busan,유럽,Helsinki,2023,09,1200.0,2000.0,USD,,,,,2026-05-24
해상,Busan,유럽,Helsinki,2023,08,1600.0,2500.0,USD,,,,,2026-05-24
해상,Busan,유럽,Helsinki,2023,07,1050.0,1500.0,USD,,,,,2026-05-24
해상,Busan,유럽,Helsinki,2023,06,1300.0,1950.0,USD,,,,,2026-05-24
해상,Busan,유럽,Helsinki,2023,05,1400.0,1700.0,USD,,,,,2026-05-24
해상,Busan,유럽,Helsinki,2023,04,,,USD,,,,,2026-05-24
해상,Busan,유럽,Helsinki,2023,03,1300.0,2000.0,USD,,,,,2026-05-24
해상,Busan,유럽,Helsinki,2023,02,1400.0,2300.0,USD,,,,,2026-05-24
해상,Busan,유럽,Helsinki,2023,01,1400.0,2150.0,USD,,,,,2026-05-24
해상,Busan,유럽,Helsinki,2022,12,1700.0,3300.0,USD,,,,,2026-05-24
해상,Busan,유럽,Helsinki,2022,11,2100.0,3800.0,USD,,,,,2026-05-24
해상,Busan,유럽,Helsinki,2022,10,3500.0,6500.0,USD,,,,,2026-05-24
해상,Busan,유럽,Helsinki,2022,09,4500.0,8300.0,USD,,,,,2026-05-24
해상,Busan,유럽,Helsinki,2022,08,6300.0,10500.0,USD,,,,,2026-05-24
해상,Busan,유럽,Helsinki,2022,07,7200.0,13000.0,USD,,,,,2026-05-24
해상,Busan,유럽,Helsinki,2022,06,7500.0,14000.0,USD,,,,,2026-05-24
해상,Busan,유럽,Helsinki,2022,05,7200.0,13500.0,USD,,,,,2026-05-24
해상,Busan,유럽,Helsinki,2022,04,7800.0,15000.0,USD,,,,,2026-05-24
해상,Busan,유럽,Helsinki,2022,03,9000.0,16500.0,USD,,,,,2026-05-24
해상,Busan,유럽,Helsinki,2022,02,9000.0,16500.0,USD,,,,,2026-05-24
해상,Busan,유럽,Helsinki,2022,01,9000.0,16500.0,USD,,,,,2026-05-24
해상,Busan,유럽,Helsinki,2021,12,8800.0,16000.0,USD,,,,,2026-05-24
해상,Busan,유럽,Helsinki,2021,11,8800.0,16000.0,USD,,,,,2026-05-24
해상,Busan,유럽,Helsinki,2021,10,8800.0,16000.0,USD,,,,,2026-05-24
해상,Busan,유럽,Helsinki,2021,09,8200.0,15000.0,USD,,,,,2026-05-24
해상,Busan,유럽,Helsinki,2021,08,7800.0,14000.0,USD,,,,,2026-05-24
해상,Busan,유럽,Helsinki,2021,07,7400.0,14000.0,USD,,,,,2026-05-24
해상,Busan,유럽,Helsinki,2021,06,6400.0,12000.0,USD,,,,,2026-05-24
해상,Busan,유럽,Helsinki,2021,05,5400.0,10640.0,USD,,,,,2026-05-24
해상,Busan,유럽,Helsinki,2021,04,5700.0,9100.0,USD,,,,,2026-05-24
해상,Busan,유럽,Helsinki,2021,03,4400.0,8800.0,USD,,,,,2026-05-24
해상,Busan,유럽,Helsinki,2021,02,4500.0,9000.0,USD,,,,,2026-05-24
해상,Busan,유럽,Helsinki,2021,01,4500.0,8400.0,USD,,,,,2026-05-24
해상,Busan,유럽,Helsinki,2020,12,3400.0,6600.0,USD,,,,,2026-05-24
해상,Busan,유럽,Helsinki,2020,11,1800.0,3400.0,USD,,,,,2026-05-24
해상,Busan,유럽,Helsinki,2020,10,1675.0,2775.0,USD,,,,,2026-05-24
해상,Busan,유럽,Helsinki,2020,09,1475.0,2800.0,USD,,,,,2026-05-24
해상,Busan,유럽,Helsinki,2020,08,1500.0,2800.0,USD,,,,,2026-05-24
해상,Busan,유럽,Helsinki,2020,07,1400.0,2600.0,USD,,,,,2026-05-24
해상,Busan,유럽,Helsinki,2020,06,1500.0,2700.0,USD,,,,,2026-05-24
해상,Busan,유럽,Helsinki,2020,05,1600.0,2800.0,USD,,,,,2026-05-24
해상,Busan,유럽,Helsinki,2020,04,1400.0,2600.0,USD,,,,,2026-05-24
해상,Busan,유럽,Helsinki,2020,03,1500.0,2700.0,USD,,,,,2026-05-24
해상,Busan,유럽,Helsinki,2020,02,1600.0,2800.0,USD,,,,,2026-05-24
해상,Busan,유럽,Helsinki,2020,01,1600.0,2800.0,USD,,,,,2026-05-24
해상,Busan,유럽,Helsinki,2019,12,1500.0,2900.0,USD,,,,,2026-05-24
해상,Busan,유럽,Helsinki,2019,11,1400.0,2700.0,USD,,,,,2026-05-24
해상,Busan,유럽,Helsinki,2019,10,1600.0,3000.0,USD,,,,,2026-05-24
해상,Busan,유럽,Helsinki,2019,09,1600.0,3200.0,USD,,,,,2026-05-24
해상,Busan,유럽,Helsinki,2019,08,1700.0,3200.0,USD,,,,,2026-05-24
해상,Busan,유럽,Helsinki,2019,07,1450.0,2600.0,USD,,,,,2026-05-24
해상,Busan,유럽,Helsinki,2019,06,1500.0,2700.0,USD,,,,,2026-05-24
해상,Busan,유럽,Helsinki,2019,05,1400.0,2600.0,USD,,,,,2026-05-24
해상,Busan,유럽,Helsinki,2019,04,1250.0,2300.0,USD,,,,,2026-05-24
해상,Busan,유럽,Helsinki,2019,03,1600.0,2600.0,USD,,,,,2026-05-24
해상,Busan,유럽,Helsinki,2019,02,1700.0,2700.0,USD,,,,,2026-05-24
해상,Busan,유럽,Helsinki,2019,01,1800.0,2800.0,USD,,,,,2026-05-24
해상,Busan,유럽,Helsinki,2018,12,1600.0,2600.0,USD,,,,,2026-05-24
해상,Busan,유럽,Helsinki,2018,11,1600.0,2600.0,USD,,,,,2026-05-24
해상,Busan,유럽,Helsinki,2018,10,1700.0,2700.0,USD,,,,,2026-05-24
해상,Busan,유럽,Helsinki,2018,09,1800.0,2900.0,USD,,,,,2026-05-24
해상,Busan,유럽,Helsinki,2018,08,1700.0,2800.0,USD,,,,,2026-05-24
해상,Busan,유럽,Helsinki,2018,07,1600.0,2600.0,USD,,,,,2026-05-24
해상,Busan,유럽,Helsinki,2018,06,1400.0,2300.0,USD,,,,,2026-05-24
해상,Busan,유럽,Helsinki,2018,05,1300.0,2200.0,USD,,,,,2026-05-24
해상,Busan,유럽,Helsinki,2018,04,1200.0,2000.0,USD,,,,,2026-05-24
해상,Busan,유럽,Helsinki,2018,03,1400.0,2600.0,USD,,,,,2026-05-24
해상,Busan,유럽,Helsinki,2018,02,1400.0,2500.0,USD,,,,,2026-05-24
해상,Busan,유럽,Helsinki,2018,01,1400.0,2700.0,USD,,,,,2026-05-24
해상,Busan,유럽,Genoa,2026,05,2300.0,3300.0,USD,,,,,2026-05-24
해상,Busan,유럽,Genoa,2026,04,2800.0,4000.0,USD,,,,,2026-05-24
해상,Busan,유럽,Genoa,2026,03,3000.0,4800.0,USD,,,,,2026-05-24
해상,Busan,유럽,Genoa,2026,02,2600.0,3600.0,USD,,,,,2026-05-24
해상,Busan,유럽,Genoa,2026,01,3000.0,4500.0,USD,,,,,2026-05-24
해상,Busan,유럽,Genoa,2025,12,2400.0,3300.0,USD,,,,,2026-05-24
해상,Busan,유럽,Genoa,2025,11,2250.0,2600.0,USD,,,,,2026-05-24
해상,Busan,유럽,Genoa,2025,10,1700.0,2100.0,USD,,,,,2026-05-24
해상,Busan,유럽,Genoa,2025,09,2100.0,2700.0,USD,,,,,2026-05-24
해상,Busan,유럽,Genoa,2025,08,2300.0,3100.0,USD,,,,,2026-05-24
해상,Busan,유럽,Genoa,2025,07,3100.0,4100.0,USD,,,,,2026-05-24
해상,Busan,유럽,Genoa,2025,06,3500.0,5000.0,USD,,,,,2026-05-24
해상,Busan,유럽,Genoa,2025,05,2200.0,3200.0,USD,,,,,2026-05-24
해상,Busan,유럽,Genoa,2025,04,2400.0,3300.0,USD,,,,,2026-05-24
해상,Busan,유럽,Genoa,2025,03,3000.0,4500.0,USD,,,,,2026-05-24
해상,Busan,유럽,Genoa,2025,01,3200.0,5000.0,USD,,,,,2026-05-24
해상,Busan,유럽,Genoa,2024,12,4800.0,5900.0,USD,,,,,2026-05-24
해상,Busan,유럽,Genoa,2024,11,4300.0,5900.0,USD,,,,,2026-05-24
해상,Busan,유럽,Genoa,2024,10,3300.0,4900.0,USD,,,,,2026-05-24
해상,Busan,유럽,Genoa,2024,09,3600.0,5000.0,USD,,,,,2026-05-24
해상,Busan,유럽,Genoa,2024,08,4800.0,6800.0,USD,,,,,2026-05-24
해상,Busan,유럽,Genoa,2024,07,4800.0,7300.0,USD,,,,,2026-05-24
해상,Busan,유럽,Genoa,2024,06,5300.0,7900.0,USD,,,,,2026-05-24
해상,Busan,유럽,Genoa,2024,05,3800.0,6800.0,USD,,,,,2026-05-24
해상,Busan,유럽,Genoa,2024,04,2862.0,4200.0,USD,,,,,2026-05-24
해상,Busan,유럽,Genoa,2024,03,3300.0,4600.0,USD,,,,,2026-05-24
해상,Busan,유럽,Genoa,2024,02,3900.0,5800.0,USD,,,,,2026-05-24
해상,Busan,유럽,Genoa,2024,01,5100.0,7200.0,USD,,,,,2026-05-24
해상,Busan,유럽,Genoa,2023,12,1900.0,2600.0,USD,,,,,2026-05-24
해상,Busan,유럽,Genoa,2023,11,1400.0,1800.0,USD,,,,,2026-05-24
해상,Busan,유럽,Genoa,2023,10,1100.0,2000.0,USD,,,,,2026-05-24
해상,Busan,유럽,Genoa,2023,09,1600.0,2100.0,USD,,,,,2026-05-24
해상,Busan,유럽,Genoa,2023,08,1800.0,2400.0,USD,,,,,2026-05-24
해상,Busan,유럽,Genoa,2023,07,1575.0,2050.0,USD,,,,,2026-05-24
해상,Busan,유럽,Genoa,2023,06,1700.0,2400.0,USD,,,,,2026-05-24
해상,Busan,유럽,Genoa,2023,05,1650.0,2250.0,USD,,,,,2026-05-24
해상,Busan,유럽,Genoa,2023,04,1780.0,2750.0,USD,,,,,2026-05-24
해상,Busan,유럽,Genoa,2023,03,1900.0,2900.0,USD,,,,,2026-05-24
해상,Busan,유럽,Genoa,2023,02,2000.0,3000.0,USD,,,,,2026-05-24
해상,Busan,유럽,Genoa,2023,01,2000.0,3000.0,USD,,,,,2026-05-24
해상,Busan,유럽,Genoa,2022,12,1900.0,2900.0,USD,,,,,2026-05-24
해상,Busan,유럽,Genoa,2022,11,1800.0,3500.0,USD,,,,,2026-05-24
해상,Busan,유럽,Genoa,2022,10,3100.0,5600.0,USD,,,,,2026-05-24
해상,Busan,유럽,Genoa,2022,09,4500.0,8500.0,USD,,,,,2026-05-24
해상,Busan,유럽,Genoa,2022,08,6500.0,11500.0,USD,,,,,2026-05-24
해상,Busan,유럽,Genoa,2022,07,7000.0,12500.0,USD,,,,,2026-05-24
해상,Busan,유럽,Genoa,2022,06,7500.0,13200.0,USD,,,,,2026-05-24
해상,Busan,유럽,Genoa,2022,05,7800.0,14000.0,USD,,,,,2026-05-24
해상,Busan,유럽,Genoa,2022,04,8500.0,15000.0,USD,,,,,2026-05-24
해상,Busan,유럽,Genoa,2022,03,9000.0,16000.0,USD,,,,,2026-05-24
해상,Busan,유럽,Genoa,2022,02,9000.0,16000.0,USD,,,,,2026-05-24
해상,Busan,유럽,Genoa,2022,01,9000.0,16000.0,USD,,,,,2026-05-24
해상,Busan,유럽,Genoa,2021,12,8700.0,14200.0,USD,,,,,2026-05-24
해상,Busan,유럽,Genoa,2021,11,8700.0,14200.0,USD,,,,,2026-05-24
해상,Busan,유럽,Genoa,2021,10,8700.0,14200.0,USD,,,,,2026-05-24
해상,Busan,유럽,Genoa,2021,09,8200.0,15000.0,USD,,,,,2026-05-24
해상,Busan,유럽,Genoa,2021,08,7000.0,13500.0,USD,,,,,2026-05-24
해상,Busan,유럽,Genoa,2021,07,7000.0,13500.0,USD,,,,,2026-05-24
해상,Busan,유럽,Genoa,2021,06,5800.0,11000.0,USD,,,,,2026-05-24
해상,Busan,유럽,Genoa,2021,05,5200.0,9600.0,USD,,,,,2026-05-24
해상,Busan,유럽,Genoa,2021,04,4500.0,8600.0,USD,,,,,2026-05-24
해상,Busan,유럽,Genoa,2021,03,4100.0,8200.0,USD,,,,,2026-05-24
해상,Busan,유럽,Genoa,2021,02,4300.0,8600.0,USD,,,,,2026-05-24
해상,Busan,유럽,Genoa,2021,01,4300.0,7800.0,USD,,,,,2026-05-24
해상,Busan,유럽,Genoa,2020,12,3200.0,6200.0,USD,,,,,2026-05-24
해상,Busan,유럽,Genoa,2020,11,1700.0,3200.0,USD,,,,,2026-05-24
해상,Busan,유럽,Genoa,2020,10,1300.0,2375.0,USD,,,,,2026-05-24
해상,Busan,유럽,Genoa,2020,09,1250.0,2400.0,USD,,,,,2026-05-24
해상,Busan,유럽,Genoa,2020,08,1200.0,2300.0,USD,,,,,2026-05-24
해상,Busan,유럽,Genoa,2020,07,1100.0,2100.0,USD,,,,,2026-05-24
해상,Busan,유럽,Genoa,2020,06,1200.0,2300.0,USD,,,,,2026-05-24
해상,Busan,유럽,Genoa,2020,05,1200.0,2300.0,USD,,,,,2026-05-24
해상,Busan,유럽,Genoa,2020,04,1100.0,2100.0,USD,,,,,2026-05-24
해상,Busan,유럽,Genoa,2020,03,1200.0,2300.0,USD,,,,,2026-05-24
해상,Busan,유럽,Genoa,2020,02,1350.0,2500.0,USD,,,,,2026-05-24
해상,Busan,유럽,Genoa,2020,01,1350.0,2500.0,USD,,,,,2026-05-24
해상,Busan,유럽,Genoa,2019,12,1150.0,2200.0,USD,,,,,2026-05-24
해상,Busan,유럽,Genoa,2019,11,1050.0,2000.0,USD,,,,,2026-05-24
해상,Busan,유럽,Genoa,2019,10,1150.0,2200.0,USD,,,,,2026-05-24
해상,Busan,유럽,Genoa,2019,09,1250.0,2400.0,USD,,,,,2026-05-24
해상,Busan,유럽,Genoa,2019,08,1500.0,2800.0,USD,,,,,2026-05-24
해상,Busan,유럽,Genoa,2019,07,1150.0,2200.0,USD,,,,,2026-05-24
해상,Busan,유럽,Genoa,2019,06,1200.0,2300.0,USD,,,,,2026-05-24
해상,Busan,유럽,Genoa,2019,05,1150.0,2100.0,USD,,,,,2026-05-24
해상,Busan,유럽,Genoa,2019,04,1000.0,1900.0,USD,,,,,2026-05-24
해상,Busan,유럽,Genoa,2019,03,1100.0,2100.0,USD,,,,,2026-05-24
해상,Busan,유럽,Genoa,2019,02,1300.0,2500.0,USD,,,,,2026-05-24
해상,Busan,유럽,Genoa,2019,01,1400.0,2600.0,USD,,,,,2026-05-24
해상,Busan,유럽,Genoa,2018,12,1250.0,2400.0,USD,,,,,2026-05-24
해상,Busan,유럽,Genoa,2018,11,1250.0,2400.0,USD,,,,,2026-05-24
해상,Busan,유럽,Genoa,2018,10,1300.0,2500.0,USD,,,,,2026-05-24
해상,Busan,유럽,Genoa,2018,09,1400.0,2600.0,USD,,,,,2026-05-24
해상,Busan,유럽,Genoa,2018,08,1300.0,2400.0,USD,,,,,2026-05-24
해상,Busan,유럽,Genoa,2018,07,1200.0,2200.0,USD,,,,,2026-05-24
해상,Busan,유럽,Genoa,2018,06,950.0,1800.0,USD,,,,,2026-05-24
해상,Busan,유럽,Genoa,2018,05,900.0,1700.0,USD,,,,,2026-05-24
해상,Busan,유럽,Genoa,2018,04,950.0,1800.0,USD,,,,,2026-05-24
해상,Busan,유럽,Genoa,2018,03,1000.0,1900.0,USD,,,,,2026-05-24
해상,Busan,유럽,Genoa,2018,02,1000.0,1900.0,USD,,,,,2026-05-24
해상,Busan,유럽,Genoa,2018,01,1100.0,2100.0,USD,,,,,2026-05-24
해상,Busan,유럽,Barcelona,2026,05,2300.0,3100.0,USD,,,,,2026-05-24
해상,Busan,유럽,Barcelona,2026,04,2800.0,4000.0,USD,,,,,2026-05-24
해상,Busan,유럽,Barcelona,2026,03,3000.0,4800.0,USD,,,,,2026-05-24
해상,Busan,유럽,Barcelona,2026,02,2600.0,3600.0,USD,,,,,2026-05-24
해상,Busan,유럽,Barcelona,2026,01,3000.0,4500.0,USD,,,,,2026-05-24
해상,Busan,유럽,Barcelona,2025,12,2400.0,3300.0,USD,,,,,2026-05-24
해상,Busan,유럽,Barcelona,2025,11,2250.0,2600.0,USD,,,,,2026-05-24
해상,Busan,유럽,Barcelona,2025,10,1700.0,2100.0,USD,,,,,2026-05-24
해상,Busan,유럽,Barcelona,2025,09,2100.0,2700.0,USD,,,,,2026-05-24
해상,Busan,유럽,Barcelona,2025,08,2300.0,3100.0,USD,,,,,2026-05-24
해상,Busan,유럽,Barcelona,2025,07,3100.0,4100.0,USD,,,,,2026-05-24
해상,Busan,유럽,Barcelona,2025,06,3500.0,5000.0,USD,,,,,2026-05-24
해상,Busan,유럽,Barcelona,2025,05,2200.0,3200.0,USD,,,,,2026-05-24
해상,Busan,유럽,Barcelona,2025,04,2400.0,3300.0,USD,,,,,2026-05-24
해상,Busan,유럽,Barcelona,2025,03,3000.0,4500.0,USD,,,,,2026-05-24
해상,Busan,유럽,Barcelona,2025,01,3200.0,5000.0,USD,,,,,2026-05-24
해상,Busan,유럽,Barcelona,2024,12,4800.0,5900.0,USD,,,,,2026-05-24
해상,Busan,유럽,Barcelona,2024,11,4300.0,5900.0,USD,,,,,2026-05-24
해상,Busan,유럽,Barcelona,2024,10,3300.0,4900.0,USD,,,,,2026-05-24
해상,Busan,유럽,Barcelona,2024,09,3600.0,5000.0,USD,,,,,2026-05-24
해상,Busan,유럽,Barcelona,2024,08,4800.0,6800.0,USD,,,,,2026-05-24
해상,Busan,유럽,Barcelona,2024,07,4800.0,7300.0,USD,,,,,2026-05-24
해상,Busan,유럽,Barcelona,2024,06,5300.0,7900.0,USD,,,,,2026-05-24
해상,Busan,유럽,Barcelona,2024,05,3800.0,6800.0,USD,,,,,2026-05-24
해상,Busan,유럽,Barcelona,2024,04,2862.0,4200.0,USD,,,,,2026-05-24
해상,Busan,유럽,Barcelona,2024,03,3300.0,4600.0,USD,,,,,2026-05-24
해상,Busan,유럽,Barcelona,2024,02,3900.0,5800.0,USD,,,,,2026-05-24
해상,Busan,유럽,Barcelona,2024,01,5100.0,7200.0,USD,,,,,2026-05-24
해상,Busan,유럽,Barcelona,2023,12,1900.0,2600.0,USD,,,,,2026-05-24
해상,Busan,유럽,Barcelona,2023,11,1400.0,1800.0,USD,,,,,2026-05-24
해상,Busan,유럽,Barcelona,2023,10,1500.0,2000.0,USD,,,,,2026-05-24
해상,Busan,유럽,Barcelona,2023,09,1600.0,2100.0,USD,,,,,2026-05-24
해상,Busan,유럽,Barcelona,2023,08,1800.0,2400.0,USD,,,,,2026-05-24
해상,Busan,유럽,Barcelona,2023,07,1575.0,2050.0,USD,,,,,2026-05-24
해상,Busan,유럽,Barcelona,2023,06,1700.0,2400.0,USD,,,,,2026-05-24
해상,Busan,유럽,Barcelona,2023,05,1650.0,2250.0,USD,,,,,2026-05-24
해상,Busan,유럽,Barcelona,2023,04,1780.0,2750.0,USD,,,,,2026-05-24
해상,Busan,유럽,Barcelona,2023,03,1900.0,2900.0,USD,,,,,2026-05-24
해상,Busan,유럽,Barcelona,2023,02,2000.0,3000.0,USD,,,,,2026-05-24
해상,Busan,유럽,Barcelona,2023,01,,,USD,,,,,2026-05-24
해상,Busan,유럽,Barcelona,2022,09,0.0,0.0,USD,,,,,2026-05-24
해상,Busan,유럽,FOS(Marseilles),2026,05,2350.0,3400.0,USD,,,,,2026-05-24
해상,Busan,유럽,FOS(Marseilles),2026,04,2800.0,4000.0,USD,,,,,2026-05-24
해상,Busan,유럽,FOS(Marseilles),2026,03,3000.0,4800.0,USD,,,,,2026-05-24
해상,Busan,유럽,FOS(Marseilles),2026,02,2600.0,3600.0,USD,,,,,2026-05-24
해상,Busan,유럽,FOS(Marseilles),2026,01,3000.0,4500.0,USD,,,,,2026-05-24
해상,Busan,유럽,FOS(Marseilles),2025,12,2400.0,3300.0,USD,,,,,2026-05-24
해상,Busan,유럽,FOS(Marseilles),2025,11,2250.0,3100.0,USD,,,,,2026-05-24
해상,Busan,유럽,FOS(Marseilles),2025,10,1700.0,2100.0,USD,,,,,2026-05-24
해상,Busan,유럽,FOS(Marseilles),2025,09,2100.0,2700.0,USD,,,,,2026-05-24
해상,Busan,유럽,FOS(Marseilles),2025,08,2300.0,3100.0,USD,,,,,2026-05-24
해상,Busan,유럽,FOS(Marseilles),2025,07,3100.0,4100.0,USD,,,,,2026-05-24
해상,Busan,유럽,FOS(Marseilles),2025,06,3500.0,5000.0,USD,,,,,2026-05-24
해상,Busan,유럽,FOS(Marseilles),2025,05,2600.0,3700.0,USD,,,,,2026-05-24
해상,Busan,유럽,FOS(Marseilles),2025,04,2400.0,3300.0,USD,,,,,2026-05-24
해상,Busan,유럽,FOS(Marseilles),2025,03,3000.0,4500.0,USD,,,,,2026-05-24
해상,Busan,유럽,FOS(Marseilles),2025,01,3200.0,5000.0,USD,,,,,2026-05-24
해상,Busan,유럽,FOS(Marseilles),2024,12,4800.0,5900.0,USD,,,,,2026-05-24
해상,Busan,유럽,FOS(Marseilles),2024,11,4300.0,5900.0,USD,,,,,2026-05-24
해상,Busan,유럽,FOS(Marseilles),2024,10,3300.0,4900.0,USD,,,,,2026-05-24
해상,Busan,유럽,FOS(Marseilles),2024,09,3600.0,5000.0,USD,,,,,2026-05-24
해상,Busan,유럽,FOS(Marseilles),2024,08,4800.0,6800.0,USD,,,,,2026-05-24
해상,Busan,유럽,FOS(Marseilles),2024,07,4800.0,7300.0,USD,,,,,2026-05-24
해상,Busan,유럽,FOS(Marseilles),2024,06,5300.0,7900.0,USD,,,,,2026-05-24
해상,Busan,유럽,FOS(Marseilles),2024,05,3800.0,6800.0,USD,,,,,2026-05-24
해상,Busan,유럽,FOS(Marseilles),2024,04,2862.0,4200.0,USD,,,,,2026-05-24
해상,Busan,유럽,FOS(Marseilles),2024,03,3300.0,4600.0,USD,,,,,2026-05-24
해상,Busan,유럽,FOS(Marseilles),2024,02,3900.0,5800.0,USD,,,,,2026-05-24
해상,Busan,유럽,FOS(Marseilles),2024,01,5100.0,7200.0,USD,,,,,2026-05-24
해상,Busan,유럽,FOS(Marseilles),2023,12,1900.0,2600.0,USD,,,,,2026-05-24
해상,Busan,유럽,FOS(Marseilles),2023,11,1400.0,1800.0,USD,,,,,2026-05-24
해상,Busan,유럽,FOS(Marseilles),2023,10,1500.0,2000.0,USD,,,,,2026-05-24
해상,Busan,유럽,FOS(Marseilles),2023,09,1600.0,2100.0,USD,,,,,2026-05-24
해상,Busan,유럽,FOS(Marseilles),2023,08,1800.0,2400.0,USD,,,,,2026-05-24
해상,Busan,유럽,FOS(Marseilles),2023,07,1575.0,2050.0,USD,,,,,2026-05-24
해상,Busan,유럽,FOS(Marseilles),2023,06,1700.0,2400.0,USD,,,,,2026-05-24
해상,Busan,유럽,FOS(Marseilles),2023,05,1650.0,2250.0,USD,,,,,2026-05-24
해상,Busan,유럽,FOS(Marseilles),2023,04,1650.0,2350.0,USD,,,,,2026-05-24
해상,Busan,유럽,FOS(Marseilles),2023,03,1900.0,2900.0,USD,,,,,2026-05-24
해상,Busan,유럽,FOS(Marseilles),2023,02,1000.0,1800.0,USD,,,,,2026-05-24
해상,Busan,유럽,FOS(Marseilles),2023,01,2000.0,3000.0,USD,,,,,2026-05-24
해상,Busan,유럽,FOS(Marseilles),2022,12,2000.0,3000.0,USD,,,,,2026-05-24
해상,Busan,유럽,FOS(Marseilles),2022,11,0.0,0.0,USD,,,,,2026-05-24
해상,Busan,유럽,FOS(Marseilles),2022,10,3100.0,5600.0,USD,,,,,2026-05-24
해상,Busan,유럽,FOS(Marseilles),2022,09,4500.0,8500.0,USD,,,,,2026-05-24
해상,Busan,유럽,FOS(Marseilles),2022,08,6500.0,11500.0,USD,,,,,2026-05-24
해상,Busan,유럽,FOS(Marseilles),2022,07,7000.0,12500.0,USD,,,,,2026-05-24
해상,Busan,유럽,FOS(Marseilles),2022,06,7500.0,13200.0,USD,,,,,2026-05-24
해상,Busan,유럽,FOS(Marseilles),2022,05,7800.0,14000.0,USD,,,,,2026-05-24
해상,Busan,유럽,FOS(Marseilles),2022,04,8500.0,15000.0,USD,,,,,2026-05-24
해상,Busan,유럽,FOS(Marseilles),2022,03,9500.0,16000.0,USD,,,,,2026-05-24
해상,Busan,유럽,FOS(Marseilles),2022,02,9500.0,16000.0,USD,,,,,2026-05-24
해상,Busan,유럽,FOS(Marseilles),2022,01,9500.0,16000.0,USD,,,,,2026-05-24
해상,Busan,유럽,FOS(Marseilles),2021,12,9200.0,14200.0,USD,,,,,2026-05-24
해상,Busan,유럽,FOS(Marseilles),2021,11,9200.0,14200.0,USD,,,,,2026-05-24
해상,Busan,유럽,FOS(Marseilles),2021,10,9200.0,14200.0,USD,,,,,2026-05-24
해상,Busan,유럽,FOS(Marseilles),2021,09,8200.0,15000.0,USD,,,,,2026-05-24
해상,Busan,유럽,FOS(Marseilles),2021,08,8000.0,13500.0,USD,,,,,2026-05-24
해상,Busan,유럽,FOS(Marseilles),2021,07,7200.0,13500.0,USD,,,,,2026-05-24
해상,Busan,유럽,FOS(Marseilles),2021,06,5800.0,11000.0,USD,,,,,2026-05-24
해상,Busan,유럽,FOS(Marseilles),2021,05,5200.0,9600.0,USD,,,,,2026-05-24
해상,Busan,유럽,FOS(Marseilles),2021,04,4500.0,8600.0,USD,,,,,2026-05-24
해상,Busan,유럽,FOS(Marseilles),2021,03,4100.0,8200.0,USD,,,,,2026-05-24
해상,Busan,유럽,FOS(Marseilles),2021,02,4300.0,8600.0,USD,,,,,2026-05-24
해상,Busan,유럽,FOS(Marseilles),2021,01,4300.0,7800.0,USD,,,,,2026-05-24
해상,Busan,유럽,FOS(Marseilles),2020,12,3200.0,6200.0,USD,,,,,2026-05-24
해상,Busan,유럽,FOS(Marseilles),2020,11,1700.0,3200.0,USD,,,,,2026-05-24
해상,Busan,유럽,FOS(Marseilles),2020,10,1300.0,2375.0,USD,,,,,2026-05-24
해상,Busan,유럽,FOS(Marseilles),2020,09,1250.0,2400.0,USD,,,,,2026-05-24
해상,Busan,유럽,FOS(Marseilles),2020,08,1200.0,2300.0,USD,,,,,2026-05-24
해상,Busan,유럽,FOS(Marseilles),2020,07,1100.0,2100.0,USD,,,,,2026-05-24
해상,Busan,유럽,FOS(Marseilles),2020,06,1200.0,2300.0,USD,,,,,2026-05-24
해상,Busan,유럽,FOS(Marseilles),2020,05,1200.0,2300.0,USD,,,,,2026-05-24
해상,Busan,유럽,FOS(Marseilles),2020,04,1100.0,2100.0,USD,,,,,2026-05-24
해상,Busan,유럽,FOS(Marseilles),2020,03,1200.0,2300.0,USD,,,,,2026-05-24
해상,Busan,유럽,FOS(Marseilles),2020,02,1350.0,2500.0,USD,,,,,2026-05-24
해상,Busan,유럽,FOS(Marseilles),2020,01,1350.0,2500.0,USD,,,,,2026-05-24
해상,Busan,유럽,FOS(Marseilles),2019,12,1200.0,2300.0,USD,,,,,2026-05-24
해상,Busan,유럽,FOS(Marseilles),2019,11,1100.0,2100.0,USD,,,,,2026-05-24
해상,Busan,유럽,FOS(Marseilles),2019,10,1150.0,2200.0,USD,,,,,2026-05-24
해상,Busan,유럽,FOS(Marseilles),2019,09,1250.0,2400.0,USD,,,,,2026-05-24
해상,Busan,유럽,FOS(Marseilles),2019,08,1500.0,2800.0,USD,,,,,2026-05-24
해상,Busan,유럽,FOS(Marseilles),2019,07,1150.0,2200.0,USD,,,,,2026-05-24
해상,Busan,유럽,FOS(Marseilles),2019,06,1200.0,2300.0,USD,,,,,2026-05-24
해상,Busan,유럽,FOS(Marseilles),2019,05,1150.0,2100.0,USD,,,,,2026-05-24
해상,Busan,유럽,FOS(Marseilles),2019,04,1000.0,1900.0,USD,,,,,2026-05-24
해상,Busan,유럽,FOS(Marseilles),2019,03,1100.0,2100.0,USD,,,,,2026-05-24
해상,Busan,유럽,FOS(Marseilles),2019,02,1300.0,2500.0,USD,,,,,2026-05-24
해상,Busan,유럽,FOS(Marseilles),2019,01,1400.0,2600.0,USD,,,,,2026-05-24
해상,Busan,유럽,FOS(Marseilles),2018,12,1250.0,2400.0,USD,,,,,2026-05-24
해상,Busan,유럽,FOS(Marseilles),2018,11,1250.0,2400.0,USD,,,,,2026-05-24
해상,Busan,유럽,FOS(Marseilles),2018,10,1300.0,2500.0,USD,,,,,2026-05-24
해상,Busan,유럽,FOS(Marseilles),2018,09,1400.0,2600.0,USD,,,,,2026-05-24
해상,Busan,유럽,FOS(Marseilles),2018,08,1300.0,2400.0,USD,,,,,2026-05-24
해상,Busan,유럽,FOS(Marseilles),2018,07,1200.0,2200.0,USD,,,,,2026-05-24
해상,Busan,유럽,FOS(Marseilles),2018,06,1050.0,1900.0,USD,,,,,2026-05-24
해상,Busan,유럽,FOS(Marseilles),2018,05,1000.0,1800.0,USD,,,,,2026-05-24
해상,Busan,유럽,FOS(Marseilles),2018,04,950.0,1800.0,USD,,,,,2026-05-24
해상,Busan,유럽,FOS(Marseilles),2018,03,1000.0,1900.0,USD,,,,,2026-05-24
해상,Busan,유럽,FOS(Marseilles),2018,02,1000.0,1900.0,USD,,,,,2026-05-24
해상,Busan,유럽,FOS(Marseilles),2018,01,1100.0,2100.0,USD,,,,,2026-05-24
해상,Busan,유럽,Koper,2026,05,2500.0,3500.0,USD,,,,,2026-05-24
해상,Busan,유럽,Koper,2026,04,2800.0,4000.0,USD,,,,,2026-05-24
해상,Busan,유럽,Koper,2026,03,3000.0,4800.0,USD,,,,,2026-05-24
해상,Busan,유럽,Koper,2026,02,2600.0,3600.0,USD,,,,,2026-05-24
해상,Busan,유럽,Koper,2026,01,3200.0,4500.0,USD,,,,,2026-05-24
해상,Busan,유럽,Koper,2025,12,2400.0,3300.0,USD,,,,,2026-05-24
해상,Busan,유럽,Koper,2025,11,2500.0,2900.0,USD,,,,,2026-05-24
해상,Busan,유럽,Koper,2025,10,1700.0,2100.0,USD,,,,,2026-05-24
해상,Busan,유럽,Koper,2025,09,2100.0,2700.0,USD,,,,,2026-05-24
해상,Busan,유럽,Koper,2025,08,2300.0,3100.0,USD,,,,,2026-05-24
해상,Busan,유럽,Koper,2025,07,3100.0,4100.0,USD,,,,,2026-05-24
해상,Busan,유럽,Koper,2025,06,3500.0,5000.0,USD,,,,,2026-05-24
해상,Busan,유럽,Koper,2025,05,2600.0,3700.0,USD,,,,,2026-05-24
해상,Busan,유럽,Koper,2025,04,2400.0,3300.0,USD,,,,,2026-05-24
해상,Busan,유럽,Koper,2025,03,3000.0,4500.0,USD,,,,,2026-05-24
해상,Busan,유럽,Koper,2025,01,3200.0,5000.0,USD,,,,,2026-05-24
해상,Busan,유럽,Koper,2024,12,4800.0,5900.0,USD,,,,,2026-05-24
해상,Busan,유럽,Koper,2024,11,4300.0,5900.0,USD,,,,,2026-05-24
해상,Busan,유럽,Koper,2024,10,3300.0,4900.0,USD,,,,,2026-05-24
해상,Busan,유럽,Koper,2024,09,3800.0,5000.0,USD,,,,,2026-05-24
해상,Busan,유럽,Koper,2024,08,4800.0,6800.0,USD,,,,,2026-05-24
해상,Busan,유럽,Koper,2024,07,4800.0,7300.0,USD,,,,,2026-05-24
해상,Busan,유럽,Koper,2024,06,5300.0,7900.0,USD,,,,,2026-05-24
해상,Busan,유럽,Koper,2024,05,3800.0,6800.0,USD,,,,,2026-05-24
해상,Busan,유럽,Koper,2024,04,2912.0,4200.0,USD,,,,,2026-05-24
해상,Busan,유럽,Koper,2024,03,3300.0,4600.0,USD,,,,,2026-05-24
해상,Busan,유럽,Koper,2024,02,3900.0,5800.0,USD,,,,,2026-05-24
해상,Busan,유럽,Koper,2024,01,5100.0,7200.0,USD,,,,,2026-05-24
해상,Busan,유럽,Koper,2023,12,1900.0,2600.0,USD,,,,,2026-05-24
해상,Busan,유럽,Koper,2023,11,1500.0,1900.0,USD,,,,,2026-05-24
해상,Busan,유럽,Koper,2023,10,1500.0,2000.0,USD,,,,,2026-05-24
해상,Busan,유럽,Koper,2023,09,1600.0,2100.0,USD,,,,,2026-05-24
해상,Busan,유럽,Koper,2023,08,1900.0,2600.0,USD,,,,,2026-05-24
해상,Busan,유럽,Koper,2023,07,2047.0,2150.0,USD,,,,,2026-05-24
해상,Busan,유럽,Koper,2023,06,1800.0,2600.0,USD,,,,,2026-05-24
해상,Busan,유럽,Koper,2023,05,1800.0,2400.0,USD,,,,,2026-05-24
해상,Busan,유럽,Koper,2023,04,1900.0,2600.0,USD,,,,,2026-05-24
해상,Busan,유럽,Koper,2023,03,1900.0,2900.0,USD,,,,,2026-05-24
해상,Busan,유럽,Koper,2023,02,2200.0,2900.0,USD,,,,,2026-05-24
해상,Busan,유럽,Koper,2023,01,2200.0,3000.0,USD,,,,,2026-05-24
해상,Busan,유럽,Koper,2022,12,2200.0,3400.0,USD,,,,,2026-05-24
해상,Busan,유럽,Koper,2022,11,0.0,0.0,USD,,,,,2026-05-24
해상,Busan,유럽,Koper,2022,10,3100.0,5700.0,USD,,,,,2026-05-24
해상,Busan,유럽,Koper,2022,09,6000.0,9200.0,USD,,,,,2026-05-24
해상,Busan,유럽,Koper,2022,08,7500.0,12000.0,USD,,,,,2026-05-24
해상,Busan,유럽,Koper,2022,07,8000.0,13000.0,USD,,,,,2026-05-24
해상,Busan,유럽,Koper,2022,06,8600.0,14200.0,USD,,,,,2026-05-24
해상,Busan,유럽,Koper,2022,05,8900.0,16500.0,USD,,,,,2026-05-24
해상,Busan,유럽,Koper,2022,04,8700.0,16000.0,USD,,,,,2026-05-24
해상,Busan,유럽,Koper,2022,03,9000.0,16000.0,USD,,,,,2026-05-24
해상,Busan,유럽,Koper,2022,02,9000.0,16000.0,USD,,,,,2026-05-24
해상,Busan,유럽,Koper,2022,01,9000.0,16000.0,USD,,,,,2026-05-24
해상,Busan,유럽,Koper,2021,12,8900.0,15700.0,USD,,,,,2026-05-24
해상,Busan,유럽,Koper,2021,11,8900.0,15700.0,USD,,,,,2026-05-24
해상,Busan,유럽,Koper,2021,10,8900.0,15700.0,USD,,,,,2026-05-24
해상,Busan,유럽,Koper,2021,09,8600.0,16000.0,USD,,,,,2026-05-24
해상,Busan,유럽,Koper,2021,08,7400.0,13500.0,USD,,,,,2026-05-24
해상,Busan,유럽,Koper,2021,07,7000.0,13500.0,USD,,,,,2026-05-24
해상,Busan,유럽,Koper,2021,06,5800.0,11000.0,USD,,,,,2026-05-24
해상,Busan,유럽,Koper,2021,05,5200.0,9600.0,USD,,,,,2026-05-24
해상,Busan,유럽,Koper,2021,04,4900.0,8600.0,USD,,,,,2026-05-24
해상,Busan,유럽,Koper,2021,03,4100.0,8200.0,USD,,,,,2026-05-24
해상,Busan,유럽,Koper,2021,02,4400.0,8800.0,USD,,,,,2026-05-24
해상,Busan,유럽,Koper,2021,01,4400.0,7900.0,USD,,,,,2026-05-24
해상,Busan,유럽,Koper,2020,12,3200.0,6200.0,USD,,,,,2026-05-24
해상,Busan,유럽,Koper,2020,11,1700.0,3200.0,USD,,,,,2026-05-24
해상,Busan,유럽,Koper,2020,10,1375.0,2475.0,USD,,,,,2026-05-24
해상,Busan,유럽,Koper,2020,09,1300.0,2400.0,USD,,,,,2026-05-24
해상,Busan,유럽,Koper,2020,08,1200.0,2300.0,USD,,,,,2026-05-24
해상,Busan,유럽,Koper,2020,07,1100.0,2100.0,USD,,,,,2026-05-24
해상,Busan,유럽,Koper,2020,06,1200.0,2300.0,USD,,,,,2026-05-24
해상,Busan,유럽,Koper,2020,05,1200.0,2300.0,USD,,,,,2026-05-24
해상,Busan,유럽,Koper,2020,04,1100.0,2100.0,USD,,,,,2026-05-24
해상,Busan,유럽,Koper,2020,03,1200.0,2300.0,USD,,,,,2026-05-24
해상,Busan,유럽,Koper,2020,02,1350.0,2500.0,USD,,,,,2026-05-24
해상,Busan,유럽,Koper,2020,01,1350.0,2500.0,USD,,,,,2026-05-24
해상,Busan,유럽,Koper,2019,12,1100.0,2100.0,USD,,,,,2026-05-24
해상,Busan,유럽,Koper,2019,11,1000.0,1900.0,USD,,,,,2026-05-24
해상,Busan,유럽,Koper,2019,10,1150.0,2200.0,USD,,,,,2026-05-24
해상,Busan,유럽,Koper,2019,09,1250.0,2400.0,USD,,,,,2026-05-24
해상,Busan,유럽,Koper,2019,08,1500.0,2800.0,USD,,,,,2026-05-24
해상,Busan,유럽,Koper,2019,07,1150.0,2200.0,USD,,,,,2026-05-24
해상,Busan,유럽,Koper,2019,06,1200.0,2300.0,USD,,,,,2026-05-24
해상,Busan,유럽,Koper,2019,05,1150.0,2100.0,USD,,,,,2026-05-24
해상,Busan,유럽,Koper,2019,04,1000.0,1900.0,USD,,,,,2026-05-24
해상,Busan,유럽,Koper,2019,03,1100.0,2100.0,USD,,,,,2026-05-24
해상,Busan,유럽,Koper,2019,02,1300.0,2500.0,USD,,,,,2026-05-24
해상,Busan,유럽,Koper,2019,01,1350.0,2600.0,USD,,,,,2026-05-24
해상,Busan,유럽,Koper,2018,12,1250.0,2400.0,USD,,,,,2026-05-24
해상,Busan,유럽,Koper,2018,11,1250.0,2400.0,USD,,,,,2026-05-24
해상,Busan,유럽,Koper,2018,10,1300.0,2500.0,USD,,,,,2026-05-24
해상,Busan,유럽,Koper,2018,09,1500.0,2600.0,USD,,,,,2026-05-24
해상,Busan,유럽,Koper,2018,08,1400.0,2500.0,USD,,,,,2026-05-24
해상,Busan,유럽,Koper,2018,07,1400.0,2400.0,USD,,,,,2026-05-24
해상,Busan,유럽,Koper,2018,06,1100.0,2000.0,USD,,,,,2026-05-24
해상,Busan,유럽,Koper,2018,05,1000.0,1900.0,USD,,,,,2026-05-24
해상,Busan,유럽,Koper,2018,04,1000.0,1800.0,USD,,,,,2026-05-24
해상,Busan,유럽,Koper,2018,03,1000.0,1900.0,USD,,,,,2026-05-24
해상,Busan,유럽,Koper,2018,02,1000.0,1900.0,USD,,,,,2026-05-24
해상,Busan,유럽,Koper,2018,01,1100.0,2100.0,USD,,,,,2026-05-24
해상,Busan,유럽,Istanbul,2026,05,2350.0,3400.0,USD,,,,,2026-05-24
해상,Busan,유럽,Istanbul,2026,04,2700.0,3900.0,USD,,,,,2026-05-24
해상,Busan,유럽,Istanbul,2026,03,3500.0,5000.0,USD,,,,,2026-05-24
해상,Busan,유럽,Istanbul,2026,02,2500.0,3300.0,USD,,,,,2026-05-24
해상,Busan,유럽,Istanbul,2026,01,3200.0,4900.0,USD,,,,,2026-05-24
해상,Busan,유럽,Istanbul,2025,12,2500.0,3400.0,USD,,,,,2026-05-24
해상,Busan,유럽,Istanbul,2025,11,2200.0,2900.0,USD,,,,,2026-05-24
해상,Busan,유럽,Istanbul,2025,10,1750.0,2150.0,USD,,,,,2026-05-24
해상,Busan,유럽,Istanbul,2025,09,2300.0,2800.0,USD,,,,,2026-05-24
해상,Busan,유럽,Istanbul,2025,08,2300.0,2900.0,USD,,,,,2026-05-24
해상,Busan,유럽,Istanbul,2025,07,2900.0,3900.0,USD,,,,,2026-05-24
해상,Busan,유럽,Istanbul,2025,06,3400.0,5000.0,USD,,,,,2026-05-24
해상,Busan,유럽,Istanbul,2025,05,2400.0,3400.0,USD,,,,,2026-05-24
해상,Busan,유럽,Istanbul,2025,04,2400.0,3200.0,USD,,,,,2026-05-24
해상,Busan,유럽,Istanbul,2025,03,3000.0,4500.0,USD,,,,,2026-05-24
해상,Busan,유럽,Istanbul,2025,01,3700.0,5000.0,USD,,,,,2026-05-24
해상,Busan,유럽,Istanbul,2024,12,4700.0,5400.0,USD,,,,,2026-05-24
해상,Busan,유럽,Istanbul,2024,11,4500.0,5200.0,USD,,,,,2026-05-24
해상,Busan,유럽,Istanbul,2024,10,3100.0,5400.0,USD,,,,,2026-05-24
해상,Busan,유럽,Istanbul,2024,09,4100.0,5100.0,USD,,,,,2026-05-24
해상,Busan,유럽,Istanbul,2024,08,5100.0,6800.0,USD,,,,,2026-05-24
해상,Busan,유럽,Istanbul,2024,07,5100.0,7400.0,USD,,,,,2026-05-24
해상,Busan,유럽,Istanbul,2024,06,5200.0,7900.0,USD,,,,,2026-05-24
해상,Busan,유럽,Istanbul,2024,05,4500.0,7800.0,USD,,,,,2026-05-24
해상,Busan,유럽,Istanbul,2024,04,3600.0,4500.0,USD,,,,,2026-05-24
해상,Busan,유럽,Istanbul,2024,03,3400.0,4800.0,USD,,,,,2026-05-24
해상,Busan,유럽,Istanbul,2024,02,4400.0,5900.0,USD,,,,,2026-05-24
해상,Busan,유럽,Istanbul,2024,01,6200.0,7500.0,USD,,,,,2026-05-24
해상,Busan,유럽,Istanbul,2023,12,2600.0,3000.0,USD,,,,,2026-05-24
해상,Busan,유럽,Istanbul,2023,11,1600.0,2000.0,USD,,,,,2026-05-24
해상,Busan,유럽,Istanbul,2023,10,1600.0,2000.0,USD,,,,,2026-05-24
해상,Busan,유럽,Istanbul,2023,09,1800.0,2200.0,USD,,,,,2026-05-24
해상,Busan,유럽,Istanbul,2023,08,1950.0,2600.0,USD,,,,,2026-05-24
해상,Busan,유럽,Istanbul,2023,07,2200.0,2450.0,USD,,,,,2026-05-24
해상,Busan,유럽,Istanbul,2023,06,2400.0,2700.0,USD,,,,,2026-05-24
해상,Busan,유럽,Istanbul,2023,05,2300.0,2650.0,USD,,,,,2026-05-24
해상,Busan,유럽,Istanbul,2023,04,2350.0,2800.0,USD,,,,,2026-05-24
해상,Busan,유럽,Istanbul,2023,03,2200.0,2900.0,USD,,,,,2026-05-24
해상,Busan,유럽,Istanbul,2023,02,2400.0,3000.0,USD,,,,,2026-05-24
해상,Busan,유럽,Istanbul,2023,01,2500.0,3000.0,USD,,,,,2026-05-24
해상,Busan,유럽,Istanbul,2022,12,2500.0,3050.0,USD,,,,,2026-05-24
해상,Busan,유럽,Istanbul,2022,11,1800.0,3500.0,USD,,,,,2026-05-24
해상,Busan,유럽,Istanbul,2022,10,3500.0,5800.0,USD,,,,,2026-05-24
해상,Busan,유럽,Istanbul,2022,09,4300.0,7100.0,USD,,,,,2026-05-24
해상,Busan,유럽,Istanbul,2022,08,7000.0,11500.0,USD,,,,,2026-05-24
해상,Busan,유럽,Istanbul,2022,07,8000.0,13000.0,USD,,,,,2026-05-24
해상,Busan,유럽,Istanbul,2022,06,8300.0,13200.0,USD,,,,,2026-05-24
해상,Busan,유럽,Istanbul,2022,05,8300.0,14500.0,USD,,,,,2026-05-24
해상,Busan,유럽,Istanbul,2022,04,8700.0,16000.0,USD,,,,,2026-05-24
해상,Busan,유럽,Istanbul,2022,03,9200.0,16500.0,USD,,,,,2026-05-24
해상,Busan,유럽,Istanbul,2022,02,9200.0,16500.0,USD,,,,,2026-05-24
해상,Busan,유럽,Istanbul,2022,01,9200.0,16500.0,USD,,,,,2026-05-24
해상,Busan,유럽,Istanbul,2021,12,8900.0,15500.0,USD,,,,,2026-05-24
해상,Busan,유럽,Istanbul,2021,11,8900.0,15500.0,USD,,,,,2026-05-24
해상,Busan,유럽,Istanbul,2021,10,8900.0,15500.0,USD,,,,,2026-05-24
해상,Busan,유럽,Istanbul,2021,09,8600.0,16000.0,USD,,,,,2026-05-24
해상,Busan,유럽,Istanbul,2021,08,7800.0,14900.0,USD,,,,,2026-05-24
해상,Busan,유럽,Istanbul,2021,07,7800.0,14900.0,USD,,,,,2026-05-24
해상,Busan,유럽,Istanbul,2021,06,6600.0,12700.0,USD,,,,,2026-05-24
해상,Busan,유럽,Istanbul,2021,05,5500.0,9800.0,USD,,,,,2026-05-24
해상,Busan,유럽,Istanbul,2021,04,5500.0,9800.0,USD,,,,,2026-05-24
해상,Busan,유럽,Istanbul,2021,03,4400.0,8600.0,USD,,,,,2026-05-24
해상,Busan,유럽,Istanbul,2021,02,4400.0,8800.0,USD,,,,,2026-05-24
해상,Busan,유럽,Istanbul,2021,01,4400.0,7900.0,USD,,,,,2026-05-24
해상,Busan,유럽,Istanbul,2020,12,3500.0,6800.0,USD,,,,,2026-05-24
해상,Busan,유럽,Istanbul,2020,11,1900.0,3500.0,USD,,,,,2026-05-24
해상,Busan,유럽,Istanbul,2020,10,1600.0,2550.0,USD,,,,,2026-05-24
해상,Busan,유럽,Istanbul,2020,09,1400.0,2450.0,USD,,,,,2026-05-24
해상,Busan,유럽,Istanbul,2020,08,1500.0,2800.0,USD,,,,,2026-05-24
해상,Busan,유럽,Istanbul,2020,07,1300.0,2500.0,USD,,,,,2026-05-24
해상,Busan,유럽,Istanbul,2020,06,1500.0,2800.0,USD,,,,,2026-05-24
해상,Busan,유럽,Istanbul,2020,05,1500.0,2800.0,USD,,,,,2026-05-24
해상,Busan,유럽,Istanbul,2020,04,1300.0,2500.0,USD,,,,,2026-05-24
해상,Busan,유럽,Istanbul,2020,03,1500.0,2700.0,USD,,,,,2026-05-24
해상,Busan,유럽,Istanbul,2020,02,1450.0,3100.0,USD,,,,,2026-05-24
해상,Busan,유럽,Istanbul,2020,01,1450.0,2700.0,USD,,,,,2026-05-24
해상,Busan,유럽,Istanbul,2019,12,1400.0,2700.0,USD,,,,,2026-05-24
해상,Busan,유럽,Istanbul,2019,11,1300.0,2500.0,USD,,,,,2026-05-24
해상,Busan,유럽,Istanbul,2019,10,1400.0,2600.0,USD,,,,,2026-05-24
해상,Busan,유럽,Istanbul,2019,09,1600.0,2900.0,USD,,,,,2026-05-24
해상,Busan,유럽,Istanbul,2019,08,1750.0,3300.0,USD,,,,,2026-05-24
해상,Busan,유럽,Istanbul,2019,07,1350.0,2600.0,USD,,,,,2026-05-24
해상,Busan,유럽,Istanbul,2019,06,1400.0,2700.0,USD,,,,,2026-05-24
해상,Busan,유럽,Istanbul,2019,05,1300.0,2500.0,USD,,,,,2026-05-24
해상,Busan,유럽,Istanbul,2019,04,1150.0,2300.0,USD,,,,,2026-05-24
해상,Busan,유럽,Istanbul,2019,03,1300.0,2500.0,USD,,,,,2026-05-24
해상,Busan,유럽,Istanbul,2019,02,1400.0,2700.0,USD,,,,,2026-05-24
해상,Busan,유럽,Istanbul,2019,01,1350.0,2700.0,USD,,,,,2026-05-24
해상,Busan,유럽,Istanbul,2018,12,1350.0,2600.0,USD,,,,,2026-05-24
해상,Busan,유럽,Istanbul,2018,11,1350.0,2600.0,USD,,,,,2026-05-24
해상,Busan,유럽,Istanbul,2018,10,1300.0,2500.0,USD,,,,,2026-05-24
해상,Busan,유럽,Istanbul,2018,09,1500.0,2800.0,USD,,,,,2026-05-24
해상,Busan,유럽,Istanbul,2018,08,1500.0,2800.0,USD,,,,,2026-05-24
해상,Busan,유럽,Istanbul,2018,07,1600.0,2900.0,USD,,,,,2026-05-24
해상,Busan,유럽,Istanbul,2018,06,1400.0,2500.0,USD,,,,,2026-05-24
해상,Busan,유럽,Istanbul,2018,05,1200.0,2200.0,USD,,,,,2026-05-24
해상,Busan,유럽,Istanbul,2018,04,1200.0,2200.0,USD,,,,,2026-05-24
해상,Busan,유럽,Istanbul,2018,03,1300.0,2500.0,USD,,,,,2026-05-24
해상,Busan,유럽,Istanbul,2018,02,1400.0,2700.0,USD,,,,,2026-05-24
해상,Busan,유럽,Istanbul,2018,01,1400.0,2700.0,USD,,,,,2026-05-24
해상,Busan,유럽,Izmir,2026,05,2600.0,3500.0,USD,,,,,2026-05-24
해상,Busan,유럽,Izmir,2026,04,2700.0,3900.0,USD,,,,,2026-05-24
해상,Busan,유럽,Izmir,2026,03,3500.0,5000.0,USD,,,,,2026-05-24
해상,Busan,유럽,Izmir,2026,02,2500.0,3300.0,USD,,,,,2026-05-24
해상,Busan,유럽,Izmir,2026,01,3200.0,4900.0,USD,,,,,2026-05-24
해상,Busan,유럽,Izmir,2025,12,2500.0,3400.0,USD,,,,,2026-05-24
해상,Busan,유럽,Izmir,2025,11,2200.0,2900.0,USD,,,,,2026-05-24
해상,Busan,유럽,Izmir,2025,10,1750.0,2150.0,USD,,,,,2026-05-24
해상,Busan,유럽,Izmir,2025,09,2300.0,2800.0,USD,,,,,2026-05-24
해상,Busan,유럽,Izmir,2025,08,2300.0,2900.0,USD,,,,,2026-05-24
해상,Busan,유럽,Izmir,2025,07,2900.0,3900.0,USD,,,,,2026-05-24
해상,Busan,유럽,Izmir,2025,06,3400.0,5000.0,USD,,,,,2026-05-24
해상,Busan,유럽,Izmir,2025,05,2400.0,3400.0,USD,,,,,2026-05-24
해상,Busan,유럽,Izmir,2025,04,2400.0,3200.0,USD,,,,,2026-05-24
해상,Busan,유럽,Izmir,2025,03,3000.0,4500.0,USD,,,,,2026-05-24
해상,Busan,유럽,Izmir,2025,01,3700.0,5000.0,USD,,,,,2026-05-24
해상,Busan,유럽,Izmir,2024,12,4700.0,5400.0,USD,,,,,2026-05-24
해상,Busan,유럽,Izmir,2024,11,4500.0,5200.0,USD,,,,,2026-05-24
해상,Busan,유럽,Izmir,2024,10,3100.0,5400.0,USD,,,,,2026-05-24
해상,Busan,유럽,Izmir,2024,09,4150.0,5300.0,USD,,,,,2026-05-24
해상,Busan,유럽,Izmir,2024,08,5100.0,6800.0,USD,,,,,2026-05-24
해상,Busan,유럽,Izmir,2024,07,5100.0,7400.0,USD,,,,,2026-05-24
해상,Busan,유럽,Izmir,2024,06,5200.0,7900.0,USD,,,,,2026-05-24
해상,Busan,유럽,Izmir,2024,05,4500.0,7800.0,USD,,,,,2026-05-24
해상,Busan,유럽,Izmir,2024,04,3600.0,4500.0,USD,,,,,2026-05-24
해상,Busan,유럽,Izmir,2024,03,3400.0,4800.0,USD,,,,,2026-05-24
해상,Busan,유럽,Izmir,2024,02,4400.0,5900.0,USD,,,,,2026-05-24
해상,Busan,유럽,Izmir,2024,01,6300.0,7500.0,USD,,,,,2026-05-24
해상,Busan,유럽,Izmir,2023,12,2600.0,3000.0,USD,,,,,2026-05-24
해상,Busan,유럽,Izmir,2023,11,1600.0,2000.0,USD,,,,,2026-05-24
해상,Busan,유럽,Izmir,2023,10,1600.0,2000.0,USD,,,,,2026-05-24
해상,Busan,유럽,Izmir,2023,09,1800.0,2200.0,USD,,,,,2026-05-24
해상,Busan,유럽,Izmir,2023,08,1950.0,2600.0,USD,,,,,2026-05-24
해상,Busan,유럽,Izmir,2023,07,2200.0,2450.0,USD,,,,,2026-05-24
해상,Busan,유럽,Izmir,2023,06,2400.0,2700.0,USD,,,,,2026-05-24
해상,Busan,유럽,Izmir,2023,05,2300.0,2650.0,USD,,,,,2026-05-24
해상,Busan,유럽,Izmir,2023,04,2350.0,2800.0,USD,,,,,2026-05-24
해상,Busan,유럽,Izmir,2023,03,2200.0,2900.0,USD,,,,,2026-05-24
해상,Busan,유럽,Izmir,2023,02,2400.0,3000.0,USD,,,,,2026-05-24
해상,Busan,유럽,Izmir,2023,01,2600.0,3250.0,USD,,,,,2026-05-24
해상,Busan,유럽,Izmir,2022,12,2600.0,3300.0,USD,,,,,2026-05-24
해상,Busan,유럽,Izmir,2022,11,1800.0,3500.0,USD,,,,,2026-05-24
해상,Busan,유럽,Izmir,2022,10,3500.0,5800.0,USD,,,,,2026-05-24
해상,Busan,유럽,Izmir,2022,09,4600.0,7300.0,USD,,,,,2026-05-24
해상,Busan,유럽,Izmir,2022,08,7000.0,11500.0,USD,,,,,2026-05-24
해상,Busan,유럽,Izmir,2022,07,8000.0,13000.0,USD,,,,,2026-05-24
해상,Busan,유럽,Izmir,2022,06,8300.0,13200.0,USD,,,,,2026-05-24
해상,Busan,유럽,Izmir,2022,05,8300.0,14500.0,USD,,,,,2026-05-24
해상,Busan,유럽,Izmir,2022,04,8700.0,16000.0,USD,,,,,2026-05-24
해상,Busan,유럽,Izmir,2022,03,9200.0,16500.0,USD,,,,,2026-05-24
해상,Busan,유럽,Izmir,2022,02,9200.0,16500.0,USD,,,,,2026-05-24
해상,Busan,유럽,Izmir,2022,01,9200.0,16500.0,USD,,,,,2026-05-24
해상,Busan,유럽,Izmir,2021,12,8900.0,15500.0,USD,,,,,2026-05-24
해상,Busan,유럽,Izmir,2021,11,8900.0,15500.0,USD,,,,,2026-05-24
해상,Busan,유럽,Izmir,2021,10,8900.0,15500.0,USD,,,,,2026-05-24
해상,Busan,유럽,Izmir,2021,09,8600.0,16000.0,USD,,,,,2026-05-24
해상,Busan,유럽,Izmir,2021,08,7800.0,14900.0,USD,,,,,2026-05-24
해상,Busan,유럽,Izmir,2021,07,7800.0,14900.0,USD,,,,,2026-05-24
해상,Busan,유럽,Izmir,2021,06,6600.0,12700.0,USD,,,,,2026-05-24
해상,Busan,유럽,Izmir,2021,05,5500.0,9800.0,USD,,,,,2026-05-24
해상,Busan,유럽,Izmir,2021,04,5500.0,9800.0,USD,,,,,2026-05-24
해상,Busan,유럽,Izmir,2021,03,4400.0,8600.0,USD,,,,,2026-05-24
해상,Busan,유럽,Izmir,2021,02,4400.0,8800.0,USD,,,,,2026-05-24
해상,Busan,유럽,Izmir,2021,01,4400.0,7900.0,USD,,,,,2026-05-24
해상,Busan,유럽,Izmir,2020,12,3500.0,6800.0,USD,,,,,2026-05-24
해상,Busan,유럽,Izmir,2020,11,1900.0,3500.0,USD,,,,,2026-05-24
해상,Busan,유럽,Izmir,2020,10,1600.0,2550.0,USD,,,,,2026-05-24
해상,Busan,유럽,Izmir,2020,09,1475.0,2550.0,USD,,,,,2026-05-24
해상,Busan,유럽,Izmir,2020,08,1500.0,2800.0,USD,,,,,2026-05-24
해상,Busan,유럽,Izmir,2020,07,1300.0,2500.0,USD,,,,,2026-05-24
해상,Busan,유럽,Izmir,2020,06,1500.0,2800.0,USD,,,,,2026-05-24
해상,Busan,유럽,Izmir,2020,05,1500.0,2800.0,USD,,,,,2026-05-24
해상,Busan,유럽,Izmir,2020,04,1300.0,2500.0,USD,,,,,2026-05-24
해상,Busan,유럽,Izmir,2020,03,1500.0,2700.0,USD,,,,,2026-05-24
해상,Busan,유럽,Izmir,2020,02,1450.0,3100.0,USD,,,,,2026-05-24
해상,Busan,유럽,Izmir,2020,01,1450.0,2700.0,USD,,,,,2026-05-24
해상,Busan,유럽,Izmir,2019,12,1400.0,2700.0,USD,,,,,2026-05-24
해상,Busan,유럽,Izmir,2019,11,1300.0,2500.0,USD,,,,,2026-05-24
해상,Busan,유럽,Izmir,2019,10,1400.0,2600.0,USD,,,,,2026-05-24
해상,Busan,유럽,Izmir,2019,09,1600.0,2900.0,USD,,,,,2026-05-24
해상,Busan,유럽,Izmir,2019,08,1750.0,3300.0,USD,,,,,2026-05-24
해상,Busan,유럽,Izmir,2019,07,1350.0,2600.0,USD,,,,,2026-05-24
해상,Busan,유럽,Izmir,2019,06,1400.0,2700.0,USD,,,,,2026-05-24
해상,Busan,유럽,Izmir,2019,05,1350.0,2600.0,USD,,,,,2026-05-24
해상,Busan,유럽,Izmir,2019,04,1150.0,2300.0,USD,,,,,2026-05-24
해상,Busan,유럽,Izmir,2019,03,1300.0,2500.0,USD,,,,,2026-05-24
해상,Busan,유럽,Izmir,2019,02,1450.0,2800.0,USD,,,,,2026-05-24
해상,Busan,유럽,Izmir,2019,01,1350.0,2700.0,USD,,,,,2026-05-24
해상,Busan,유럽,Izmir,2018,12,1350.0,2600.0,USD,,,,,2026-05-24
해상,Busan,유럽,Izmir,2018,11,1350.0,2600.0,USD,,,,,2026-05-24
해상,Busan,유럽,Izmir,2018,10,1350.0,2600.0,USD,,,,,2026-05-24
해상,Busan,유럽,Izmir,2018,09,1550.0,2850.0,USD,,,,,2026-05-24
해상,Busan,유럽,Izmir,2018,08,1600.0,2900.0,USD,,,,,2026-05-24
해상,Busan,유럽,Izmir,2018,07,1600.0,2900.0,USD,,,,,2026-05-24
해상,Busan,유럽,Izmir,2018,06,1400.0,2500.0,USD,,,,,2026-05-24
해상,Busan,유럽,Izmir,2018,05,1200.0,2200.0,USD,,,,,2026-05-24
해상,Busan,유럽,Izmir,2018,04,1300.0,2400.0,USD,,,,,2026-05-24
해상,Busan,유럽,Izmir,2018,03,1300.0,2500.0,USD,,,,,2026-05-24
해상,Busan,유럽,Izmir,2018,02,1400.0,2700.0,USD,,,,,2026-05-24
해상,Busan,유럽,Izmir,2018,01,1400.0,2700.0,USD,,,,,2026-05-24
해상,Busan,유럽,Izmit,2026,05,2600.0,3500.0,USD,,,,,2026-05-24
해상,Busan,유럽,Izmit,2026,04,2700.0,3900.0,USD,,,,,2026-05-24
해상,Busan,유럽,Izmit,2026,03,3500.0,5000.0,USD,,,,,2026-05-24
해상,Busan,유럽,Izmit,2026,02,2500.0,3300.0,USD,,,,,2026-05-24
해상,Busan,유럽,Izmit,2026,01,3200.0,4900.0,USD,,,,,2026-05-24
해상,Busan,유럽,Izmit,2025,12,2500.0,3400.0,USD,,,,,2026-05-24
해상,Busan,유럽,Izmit,2025,11,2200.0,3000.0,USD,,,,,2026-05-24
해상,Busan,유럽,Izmit,2025,10,1750.0,2150.0,USD,,,,,2026-05-24
해상,Busan,유럽,Izmit,2025,09,2300.0,2800.0,USD,,,,,2026-05-24
해상,Busan,유럽,Izmit,2025,08,2300.0,2900.0,USD,,,,,2026-05-24
해상,Busan,유럽,Izmit,2025,07,2900.0,3900.0,USD,,,,,2026-05-24
해상,Busan,유럽,Izmit,2025,06,3400.0,5000.0,USD,,,,,2026-05-24
해상,Busan,유럽,Izmit,2025,05,2400.0,3400.0,USD,,,,,2026-05-24
해상,Busan,유럽,Izmit,2025,04,2400.0,3200.0,USD,,,,,2026-05-24
해상,Busan,유럽,Izmit,2025,03,3000.0,4500.0,USD,,,,,2026-05-24
해상,Busan,유럽,Izmit,2025,01,3700.0,5000.0,USD,,,,,2026-05-24
해상,Busan,유럽,Izmit,2024,12,4700.0,5400.0,USD,,,,,2026-05-24
해상,Busan,유럽,Izmit,2024,11,4500.0,5200.0,USD,,,,,2026-05-24
해상,Busan,유럽,Izmit,2024,10,3100.0,5400.0,USD,,,,,2026-05-24
해상,Busan,유럽,Izmit,2024,09,4200.0,5900.0,USD,,,,,2026-05-24
해상,Busan,유럽,Izmit,2024,08,5100.0,6800.0,USD,,,,,2026-05-24
해상,Busan,유럽,Izmit,2024,07,5100.0,7400.0,USD,,,,,2026-05-24
해상,Busan,유럽,Izmit,2024,06,5200.0,7900.0,USD,,,,,2026-05-24
해상,Busan,유럽,Izmit,2024,05,4500.0,7800.0,USD,,,,,2026-05-24
해상,Busan,유럽,Izmit,2024,04,3600.0,4500.0,USD,,,,,2026-05-24
해상,Busan,유럽,Izmit,2024,03,3400.0,4800.0,USD,,,,,2026-05-24
해상,Busan,유럽,Izmit,2024,02,4400.0,5900.0,USD,,,,,2026-05-24
해상,Busan,유럽,Izmit,2024,01,6200.0,7500.0,USD,,,,,2026-05-24
해상,Busan,유럽,Izmit,2023,12,2600.0,3000.0,USD,,,,,2026-05-24
해상,Busan,유럽,Izmit,2023,11,1600.0,2000.0,USD,,,,,2026-05-24
해상,Busan,유럽,Izmit,2023,10,1600.0,2000.0,USD,,,,,2026-05-24
해상,Busan,유럽,Izmit,2023,09,1800.0,2200.0,USD,,,,,2026-05-24
해상,Busan,유럽,Izmit,2023,08,1950.0,2600.0,USD,,,,,2026-05-24
해상,Busan,유럽,Izmit,2023,07,2200.0,2450.0,USD,,,,,2026-05-24
해상,Busan,유럽,Izmit,2023,06,2400.0,2700.0,USD,,,,,2026-05-24
해상,Busan,유럽,Izmit,2023,05,2300.0,2650.0,USD,,,,,2026-05-24
해상,Busan,유럽,Izmit,2023,04,2350.0,2800.0,USD,,,,,2026-05-24
해상,Busan,유럽,Izmit,2023,03,2200.0,2900.0,USD,,,,,2026-05-24
해상,Busan,유럽,Izmit,2023,02,2400.0,3000.0,USD,,,,,2026-05-24
해상,Busan,유럽,Izmit,2023,01,,,USD,,,,,2026-05-24
해상,Busan,유럽,Izmit,2022,09,0.0,0.0,USD,,,,,2026-05-24
해상,Busan,아시아,Penang,2026,05,550.0,1000.0,USD,,,,,2026-05-24
해상,Busan,아시아,Penang,2026,04,650.0,1100.0,USD,,,,,2026-05-24
해상,Busan,아시아,Penang,2026,03,500.0,900.0,USD,,,,,2026-05-24
해상,Busan,아시아,Penang,2026,02,500.0,800.0,USD,,,,,2026-05-24
해상,Busan,아시아,Penang,2026,01,500.0,850.0,USD,,,,,2026-05-24
해상,Busan,아시아,Penang,2025,12,500.0,850.0,USD,,,,,2026-05-24
해상,Busan,아시아,Penang,2025,11,500.0,900.0,USD,,,,,2026-05-24
해상,Busan,아시아,Penang,2025,10,500.0,900.0,USD,,,,,2026-05-24
해상,Busan,아시아,Penang,2025,09,500.0,900.0,USD,,,,,2026-05-24
해상,Busan,아시아,Penang,2025,08,500.0,950.0,USD,,,,,2026-05-24
해상,Busan,아시아,Penang,2025,07,650.0,1000.0,USD,,,,,2026-05-24
해상,Busan,아시아,Penang,2025,06,500.0,1000.0,USD,,,,,2026-05-24
해상,Busan,아시아,Penang,2025,05,500.0,1000.0,USD,,,,,2026-05-24
해상,Busan,아시아,Penang,2025,04,650.0,1100.0,USD,,,,,2026-05-24
해상,Busan,아시아,Penang,2025,03,550.0,1100.0,USD,,,,,2026-05-24
해상,Busan,아시아,Penang,2025,01,850.0,1350.0,USD,,,,,2026-05-24
해상,Busan,아시아,Penang,2024,12,850.0,1350.0,USD,,,,,2026-05-24
해상,Busan,아시아,Penang,2024,11,800.0,1350.0,USD,,,,,2026-05-24
해상,Busan,아시아,Penang,2024,10,550.0,900.0,USD,,,,,2026-05-24
해상,Busan,아시아,Penang,2024,09,800.0,1500.0,USD,,,,,2026-05-24
해상,Busan,아시아,Penang,2024,08,650.0,1100.0,USD,,,,,2026-05-24
해상,Busan,아시아,Penang,2024,07,1100.0,1900.0,USD,,,,,2026-05-24
해상,Busan,아시아,Penang,2024,06,700.0,1100.0,USD,,,,,2026-05-24
해상,Busan,아시아,Penang,2024,05,200.0,200.0,USD,,,,,2026-05-24
해상,Busan,아시아,Penang,2024,04,200.0,250.0,USD,,,,,2026-05-24
해상,Busan,아시아,Penang,2024,03,175.0,250.0,USD,,,,,2026-05-24
해상,Busan,아시아,Penang,2024,02,350.0,550.0,USD,,,,,2026-05-24
해상,Busan,아시아,Penang,2024,01,120.0,240.0,USD,,,,,2026-05-24
해상,Busan,아시아,Penang,2023,12,100.0,200.0,USD,,,,,2026-05-24
해상,Busan,아시아,Penang,2023,11,100.0,200.0,USD,,,,,2026-05-24
해상,Busan,아시아,Penang,2023,10,50.0,100.0,USD,,,,,2026-05-24
해상,Busan,아시아,Penang,2023,09,80.0,160.0,USD,,,,,2026-05-24
해상,Busan,아시아,Penang,2023,08,395.0,600.0,USD,,,,,2026-05-24
해상,Busan,아시아,Penang,2023,07,400.0,600.0,USD,,,,,2026-05-24
해상,Busan,아시아,Penang,2023,06,350.0,600.0,USD,,,,,2026-05-24
해상,Busan,아시아,Penang,2023,05,350.0,550.0,USD,,,,,2026-05-24
해상,Busan,아시아,Penang,2023,04,500.0,800.0,USD,,,,,2026-05-24
해상,Busan,아시아,Penang,2023,03,550.0,1000.0,USD,,,,,2026-05-24
해상,Busan,아시아,Penang,2023,02,750.0,1200.0,USD,,,,,2026-05-24
해상,Busan,아시아,Penang,2023,01,1200.0,1500.0,USD,,,,,2026-05-24
해상,Busan,아시아,Penang,2022,12,900.0,1000.0,USD,,,,,2026-05-24
해상,Busan,아시아,Penang,2022,11,1300.0,1700.0,USD,,,,,2026-05-24
해상,Busan,아시아,Penang,2022,10,1500.0,2500.0,USD,,,,,2026-05-24
해상,Busan,아시아,Penang,2022,09,1500.0,2500.0,USD,,,,,2026-05-24
해상,Busan,아시아,Penang,2022,08,1500.0,2500.0,USD,,,,,2026-05-24
해상,Busan,아시아,Penang,2022,07,1500.0,2500.0,USD,,,,,2026-05-24
해상,Busan,아시아,Penang,2022,06,1500.0,2500.0,USD,,,,,2026-05-24
해상,Busan,아시아,Penang,2022,05,1500.0,2500.0,USD,,,,,2026-05-24
해상,Busan,아시아,Penang,2022,04,1500.0,2500.0,USD,,,,,2026-05-24
해상,Busan,아시아,Penang,2022,03,1400.0,2500.0,USD,,,,,2026-05-24
해상,Busan,아시아,Penang,2022,02,1400.0,2500.0,USD,,,,,2026-05-24
해상,Busan,아시아,Penang,2022,01,1200.0,1700.0,USD,,,,,2026-05-24
해상,Busan,아시아,Penang,2021,12,1200.0,1700.0,USD,,,,,2026-05-24
해상,Busan,아시아,Penang,2021,11,1100.0,1700.0,USD,,,,,2026-05-24
해상,Busan,아시아,Penang,2021,10,1100.0,1700.0,USD,,,,,2026-05-24
해상,Busan,아시아,Penang,2021,09,800.0,1600.0,USD,,,,,2026-05-24
해상,Busan,아시아,Penang,2021,08,800.0,1600.0,USD,,,,,2026-05-24
해상,Busan,아시아,Penang,2021,07,850.0,1600.0,USD,,,,,2026-05-24
해상,Busan,아시아,Penang,2021,06,850.0,1600.0,USD,,,,,2026-05-24
해상,Busan,아시아,Penang,2021,05,950.0,1600.0,USD,,,,,2026-05-24
해상,Busan,아시아,Penang,2021,04,950.0,1600.0,USD,,,,,2026-05-24
해상,Busan,아시아,Penang,2021,03,950.0,1500.0,USD,,,,,2026-05-24
해상,Busan,아시아,Penang,2021,02,950.0,1500.0,USD,,,,,2026-05-24
해상,Busan,아시아,Penang,2021,01,950.0,1500.0,USD,,,,,2026-05-24
해상,Busan,아시아,Penang,2020,12,1050.0,1800.0,USD,,,,,2026-05-24
해상,Busan,아시아,Penang,2020,11,400.0,800.0,USD,,,,,2026-05-24
해상,Busan,아시아,Penang,2020,10,250.0,500.0,USD,,,,,2026-05-24
해상,Busan,아시아,Penang,2020,09,237.0,475.0,USD,,,,,2026-05-24
해상,Busan,아시아,Penang,2020,08,250.0,500.0,USD,,,,,2026-05-24
해상,Busan,아시아,Penang,2020,07,250.0,500.0,USD,,,,,2026-05-24
해상,Busan,아시아,Penang,2020,06,280.0,560.0,USD,,,,,2026-05-24
해상,Busan,아시아,Penang,2020,05,280.0,560.0,USD,,,,,2026-05-24
해상,Busan,아시아,Penang,2020,04,300.0,600.0,USD,,,,,2026-05-24
해상,Busan,아시아,Penang,2020,03,300.0,600.0,USD,,,,,2026-05-24
해상,Busan,아시아,Penang,2020,02,300.0,600.0,USD,,,,,2026-05-24
해상,Busan,아시아,Penang,2020,01,300.0,600.0,USD,,,,,2026-05-24
해상,Busan,아시아,Penang,2019,12,400.0,600.0,USD,,,,,2026-05-24
해상,Busan,아시아,Penang,2019,11,400.0,800.0,USD,,,,,2026-05-24
해상,Busan,아시아,Penang,2019,10,300.0,600.0,USD,,,,,2026-05-24
해상,Busan,아시아,Penang,2019,09,330.0,660.0,USD,,,,,2026-05-24
해상,Busan,아시아,Penang,2019,08,330.0,660.0,USD,,,,,2026-05-24
해상,Busan,아시아,Penang,2019,07,330.0,660.0,USD,,,,,2026-05-24
해상,Busan,아시아,Penang,2019,06,330.0,660.0,USD,,,,,2026-05-24
해상,Busan,아시아,Penang,2019,05,330.0,660.0,USD,,,,,2026-05-24
해상,Busan,아시아,Penang,2019,04,330.0,660.0,USD,,,,,2026-05-24
해상,Busan,아시아,Penang,2019,03,330.0,660.0,USD,,,,,2026-05-24
해상,Busan,아시아,Penang,2019,02,330.0,660.0,USD,,,,,2026-05-24
해상,Busan,아시아,Penang,2019,01,330.0,660.0,USD,,,,,2026-05-24
해상,Busan,아시아,Penang,2018,12,330.0,660.0,USD,,,,,2026-05-24
해상,Busan,아시아,Penang,2018,11,330.0,660.0,USD,,,,,2026-05-24
해상,Busan,아시아,Penang,2018,10,330.0,660.0,USD,,,,,2026-05-24
해상,Busan,아시아,Penang,2018,09,330.0,660.0,USD,,,,,2026-05-24
해상,Busan,아시아,Penang,2018,08,330.0,660.0,USD,,,,,2026-05-24
해상,Busan,아시아,Penang,2018,07,330.0,660.0,USD,,,,,2026-05-24
해상,Busan,아시아,Penang,2018,06,280.0,560.0,USD,,,,,2026-05-24
해상,Busan,아시아,Penang,2018,05,280.0,560.0,USD,,,,,2026-05-24
해상,Busan,아시아,Penang,2018,04,280.0,560.0,USD,,,,,2026-05-24
해상,Busan,아시아,Penang,2018,03,280.0,560.0,USD,,,,,2026-05-24
해상,Busan,아시아,Penang,2018,02,250.0,450.0,USD,,,,,2026-05-24
해상,Busan,아시아,Penang,2018,01,250.0,450.0,USD,,,,,2026-05-24
해상,Busan,아시아,Port Kelang,2026,05,550.0,900.0,USD,,,,,2026-05-24
해상,Busan,아시아,Port Kelang,2026,04,650.0,1100.0,USD,,,,,2026-05-24
해상,Busan,아시아,Port Kelang,2026,03,500.0,800.0,USD,,,,,2026-05-24
해상,Busan,아시아,Port Kelang,2026,02,450.0,800.0,USD,,,,,2026-05-24
해상,Busan,아시아,Port Kelang,2026,01,500.0,850.0,USD,,,,,2026-05-24
해상,Busan,아시아,Port Kelang,2025,12,500.0,850.0,USD,,,,,2026-05-24
해상,Busan,아시아,Port Kelang,2025,11,500.0,800.0,USD,,,,,2026-05-24
해상,Busan,아시아,Port Kelang,2025,10,500.0,800.0,USD,,,,,2026-05-24
해상,Busan,아시아,Port Kelang,2025,09,500.0,900.0,USD,,,,,2026-05-24
해상,Busan,아시아,Port Kelang,2025,08,500.0,900.0,USD,,,,,2026-05-24
해상,Busan,아시아,Port Kelang,2025,07,600.0,1000.0,USD,,,,,2026-05-24
해상,Busan,아시아,Port Kelang,2025,06,500.0,950.0,USD,,,,,2026-05-24
해상,Busan,아시아,Port Kelang,2025,05,500.0,950.0,USD,,,,,2026-05-24
해상,Busan,아시아,Port Kelang,2025,04,650.0,1100.0,USD,,,,,2026-05-24
해상,Busan,아시아,Port Kelang,2025,03,550.0,1100.0,USD,,,,,2026-05-24
해상,Busan,아시아,Port Kelang,2025,01,750.0,1250.0,USD,,,,,2026-05-24
해상,Busan,아시아,Port Kelang,2024,12,750.0,1250.0,USD,,,,,2026-05-24
해상,Busan,아시아,Port Kelang,2024,11,750.0,1200.0,USD,,,,,2026-05-24
해상,Busan,아시아,Port Kelang,2024,10,550.0,900.0,USD,,,,,2026-05-24
해상,Busan,아시아,Port Kelang,2024,09,900.0,1600.0,USD,,,,,2026-05-24
해상,Busan,아시아,Port Kelang,2024,08,650.0,1100.0,USD,,,,,2026-05-24
해상,Busan,아시아,Port Kelang,2024,07,1300.0,1900.0,USD,,,,,2026-05-24
해상,Busan,아시아,Port Kelang,2024,06,800.0,1200.0,USD,,,,,2026-05-24
해상,Busan,아시아,Port Kelang,2024,05,300.0,400.0,USD,,,,,2026-05-24
해상,Busan,아시아,Port Kelang,2024,04,250.0,350.0,USD,,,,,2026-05-24
해상,Busan,아시아,Port Kelang,2024,03,200.0,250.0,USD,,,,,2026-05-24
해상,Busan,아시아,Port Kelang,2024,02,350.0,550.0,USD,,,,,2026-05-24
해상,Busan,아시아,Port Kelang,2024,01,120.0,220.0,USD,,,,,2026-05-24
해상,Busan,아시아,Port Kelang,2023,12,100.0,200.0,USD,,,,,2026-05-24
해상,Busan,아시아,Port Kelang,2023,11,100.0,200.0,USD,,,,,2026-05-24
해상,Busan,아시아,Port Kelang,2023,10,50.0,100.0,USD,,,,,2026-05-24
해상,Busan,아시아,Port Kelang,2023,09,80.0,160.0,USD,,,,,2026-05-24
해상,Busan,아시아,Port Kelang,2023,08,130.0,600.0,USD,,,,,2026-05-24
해상,Busan,아시아,Port Kelang,2023,07,400.0,600.0,USD,,,,,2026-05-24
해상,Busan,아시아,Port Kelang,2023,06,350.0,550.0,USD,,,,,2026-05-24
해상,Busan,아시아,Port Kelang,2023,05,350.0,550.0,USD,,,,,2026-05-24
해상,Busan,아시아,Port Kelang,2023,04,400.0,700.0,USD,,,,,2026-05-24
해상,Busan,아시아,Port Kelang,2023,03,350.0,600.0,USD,,,,,2026-05-24
해상,Busan,아시아,Port Kelang,2023,02,700.0,1200.0,USD,,,,,2026-05-24
해상,Busan,아시아,Port Kelang,2023,01,900.0,1350.0,USD,,,,,2026-05-24
해상,Busan,아시아,Port Kelang,2022,12,900.0,1500.0,USD,,,,,2026-05-24
해상,Busan,아시아,Port Kelang,2022,11,1100.0,1750.0,USD,,,,,2026-05-24
해상,Busan,아시아,Port Kelang,2022,10,1300.0,2200.0,USD,,,,,2026-05-24
해상,Busan,아시아,Port Kelang,2022,09,1300.0,2200.0,USD,,,,,2026-05-24
해상,Busan,아시아,Port Kelang,2022,08,1400.0,2500.0,USD,,,,,2026-05-24
해상,Busan,아시아,Port Kelang,2022,07,1400.0,2300.0,USD,,,,,2026-05-24
해상,Busan,아시아,Port Kelang,2022,06,1400.0,2300.0,USD,,,,,2026-05-24
해상,Busan,아시아,Port Kelang,2022,05,1500.0,2400.0,USD,,,,,2026-05-24
해상,Busan,아시아,Port Kelang,2022,04,1500.0,2400.0,USD,,,,,2026-05-24
해상,Busan,아시아,Port Kelang,2022,03,1500.0,2100.0,USD,,,,,2026-05-24
해상,Busan,아시아,Port Kelang,2022,02,1500.0,2100.0,USD,,,,,2026-05-24
해상,Busan,아시아,Port Kelang,2022,01,1300.0,1700.0,USD,,,,,2026-05-24
해상,Busan,아시아,Port Kelang,2021,12,1300.0,1700.0,USD,,,,,2026-05-24
해상,Busan,아시아,Port Kelang,2021,11,1300.0,1700.0,USD,,,,,2026-05-24
해상,Busan,아시아,Port Kelang,2021,10,1300.0,1700.0,USD,,,,,2026-05-24
해상,Busan,아시아,Port Kelang,2021,09,1150.0,1600.0,USD,,,,,2026-05-24
해상,Busan,아시아,Port Kelang,2021,08,900.0,1600.0,USD,,,,,2026-05-24
해상,Busan,아시아,Port Kelang,2021,07,950.0,1500.0,USD,,,,,2026-05-24
해상,Busan,아시아,Port Kelang,2021,06,950.0,1500.0,USD,,,,,2026-05-24
해상,Busan,아시아,Port Kelang,2021,05,1000.0,1600.0,USD,,,,,2026-05-24
해상,Busan,아시아,Port Kelang,2021,04,1000.0,1600.0,USD,,,,,2026-05-24
해상,Busan,아시아,Port Kelang,2021,03,900.0,1300.0,USD,,,,,2026-05-24
해상,Busan,아시아,Port Kelang,2021,02,900.0,1300.0,USD,,,,,2026-05-24
해상,Busan,아시아,Port Kelang,2021,01,900.0,1300.0,USD,,,,,2026-05-24
해상,Busan,아시아,Port Kelang,2020,12,1050.0,1800.0,USD,,,,,2026-05-24
해상,Busan,아시아,Port Kelang,2020,11,400.0,800.0,USD,,,,,2026-05-24
해상,Busan,아시아,Port Kelang,2020,10,250.0,500.0,USD,,,,,2026-05-24
해상,Busan,아시아,Port Kelang,2020,09,232.0,452.0,USD,,,,,2026-05-24
해상,Busan,아시아,Port Kelang,2020,08,250.0,500.0,USD,,,,,2026-05-24
해상,Busan,아시아,Port Kelang,2020,07,250.0,500.0,USD,,,,,2026-05-24
해상,Busan,아시아,Port Kelang,2020,06,280.0,560.0,USD,,,,,2026-05-24
해상,Busan,아시아,Port Kelang,2020,05,280.0,560.0,USD,,,,,2026-05-24
해상,Busan,아시아,Port Kelang,2020,04,300.0,600.0,USD,,,,,2026-05-24
해상,Busan,아시아,Port Kelang,2020,03,280.0,560.0,USD,,,,,2026-05-24
해상,Busan,아시아,Port Kelang,2020,02,280.0,560.0,USD,,,,,2026-05-24
해상,Busan,아시아,Port Kelang,2020,01,280.0,560.0,USD,,,,,2026-05-24
해상,Busan,아시아,Port Kelang,2019,12,280.0,560.0,USD,,,,,2026-05-24
해상,Busan,아시아,Port Kelang,2019,11,370.0,640.0,USD,,,,,2026-05-24
해상,Busan,아시아,Port Kelang,2019,10,280.0,500.0,USD,,,,,2026-05-24
해상,Busan,아시아,Port Kelang,2019,09,280.0,560.0,USD,,,,,2026-05-24
해상,Busan,아시아,Port Kelang,2019,08,280.0,560.0,USD,,,,,2026-05-24
해상,Busan,아시아,Port Kelang,2019,07,280.0,560.0,USD,,,,,2026-05-24
해상,Busan,아시아,Port Kelang,2019,06,280.0,560.0,USD,,,,,2026-05-24
해상,Busan,아시아,Port Kelang,2019,05,280.0,560.0,USD,,,,,2026-05-24
해상,Busan,아시아,Port Kelang,2019,04,280.0,560.0,USD,,,,,2026-05-24
해상,Busan,아시아,Port Kelang,2019,03,280.0,560.0,USD,,,,,2026-05-24
해상,Busan,아시아,Port Kelang,2019,02,280.0,560.0,USD,,,,,2026-05-24
해상,Busan,아시아,Port Kelang,2019,01,280.0,560.0,USD,,,,,2026-05-24
해상,Busan,아시아,Port Kelang,2018,12,280.0,560.0,USD,,,,,2026-05-24
해상,Busan,아시아,Port Kelang,2018,11,280.0,560.0,USD,,,,,2026-05-24
해상,Busan,아시아,Port Kelang,2018,10,280.0,560.0,USD,,,,,2026-05-24
해상,Busan,아시아,Port Kelang,2018,09,280.0,560.0,USD,,,,,2026-05-24
해상,Busan,아시아,Port Kelang,2018,08,280.0,560.0,USD,,,,,2026-05-24
해상,Busan,아시아,Port Kelang,2018,07,280.0,560.0,USD,,,,,2026-05-24
해상,Busan,아시아,Port Kelang,2018,06,230.0,460.0,USD,,,,,2026-05-24
해상,Busan,아시아,Port Kelang,2018,05,230.0,460.0,USD,,,,,2026-05-24
해상,Busan,아시아,Port Kelang,2018,04,230.0,460.0,USD,,,,,2026-05-24
해상,Busan,아시아,Port Kelang,2018,03,230.0,460.0,USD,,,,,2026-05-24
해상,Busan,아시아,Port Kelang,2018,02,200.0,400.0,USD,,,,,2026-05-24
해상,Busan,아시아,Port Kelang,2018,01,200.0,400.0,USD,,,,,2026-05-24
해상,Busan,아시아,Semarang,2026,05,650.0,1200.0,USD,,,,,2026-05-24
해상,Busan,아시아,Semarang,2026,04,800.0,1550.0,USD,,,,,2026-05-24
해상,Busan,아시아,Semarang,2026,03,500.0,900.0,USD,,,,,2026-05-24
해상,Busan,아시아,Semarang,2026,02,600.0,900.0,USD,,,,,2026-05-24
해상,Busan,아시아,Semarang,2026,01,600.0,1000.0,USD,,,,,2026-05-24
해상,Busan,아시아,Semarang,2025,12,600.0,1000.0,USD,,,,,2026-05-24
해상,Busan,아시아,Semarang,2025,11,650.0,1200.0,USD,,,,,2026-05-24
해상,Busan,아시아,Semarang,2025,10,650.0,1200.0,USD,,,,,2026-05-24
해상,Busan,아시아,Semarang,2025,09,600.0,1000.0,USD,,,,,2026-05-24
해상,Busan,아시아,Semarang,2025,08,650.0,1200.0,USD,,,,,2026-05-24
해상,Busan,아시아,Semarang,2025,07,800.0,1400.0,USD,,,,,2026-05-24
해상,Busan,아시아,Semarang,2025,06,700.0,1200.0,USD,,,,,2026-05-24
해상,Busan,아시아,Semarang,2025,05,700.0,1300.0,USD,,,,,2026-05-24
해상,Busan,아시아,Semarang,2025,04,850.0,1500.0,USD,,,,,2026-05-24
해상,Busan,아시아,Semarang,2025,03,700.0,1300.0,USD,,,,,2026-05-24
해상,Busan,아시아,Semarang,2025,01,1100.0,1500.0,USD,,,,,2026-05-24
해상,Busan,아시아,Semarang,2024,12,1100.0,1500.0,USD,,,,,2026-05-24
해상,Busan,아시아,Semarang,2024,11,900.0,1600.0,USD,,,,,2026-05-24
해상,Busan,아시아,Semarang,2024,10,850.0,1400.0,USD,,,,,2026-05-24
해상,Busan,아시아,Semarang,2024,09,1400.0,2100.0,USD,,,,,2026-05-24
해상,Busan,아시아,Semarang,2024,08,750.0,1400.0,USD,,,,,2026-05-24
해상,Busan,아시아,Semarang,2024,07,1500.0,2400.0,USD,,,,,2026-05-24
해상,Busan,아시아,Semarang,2024,06,1300.0,1900.0,USD,,,,,2026-05-24
해상,Busan,아시아,Semarang,2024,05,250.0,450.0,USD,,,,,2026-05-24
해상,Busan,아시아,Semarang,2024,04,900.0,1400.0,USD,,,,,2026-05-24
해상,Busan,아시아,Semarang,2024,03,1100.0,1900.0,USD,,,,,2026-05-24
해상,Busan,아시아,Semarang,2024,02,1100.0,1900.0,USD,,,,,2026-05-24
해상,Busan,아시아,Semarang,2024,01,980.0,1700.0,USD,,,,,2026-05-24
해상,Busan,아시아,Semarang,2023,12,950.0,1400.0,USD,,,,,2026-05-24
해상,Busan,아시아,Semarang,2023,11,950.0,1400.0,USD,,,,,2026-05-24
해상,Busan,아시아,Semarang,2023,10,750.0,1300.0,USD,,,,,2026-05-24
해상,Busan,아시아,Semarang,2023,09,900.0,1500.0,USD,,,,,2026-05-24
해상,Busan,아시아,Semarang,2023,08,1000.0,1650.0,USD,,,,,2026-05-24
해상,Busan,아시아,Semarang,2023,07,1150.0,1650.0,USD,,,,,2026-05-24
해상,Busan,아시아,Semarang,2023,06,645.0,1140.0,USD,,,,,2026-05-24
해상,Busan,아시아,Semarang,2023,05,600.0,1150.0,USD,,,,,2026-05-24
해상,Busan,아시아,Semarang,2023,04,1100.0,2000.0,USD,,,,,2026-05-24
해상,Busan,아시아,Semarang,2023,03,1000.0,2000.0,USD,,,,,2026-05-24
해상,Busan,아시아,Semarang,2023,02,1200.0,1914.0,USD,,,,,2026-05-24
해상,Busan,아시아,Semarang,2023,01,1450.0,2550.0,USD,,,,,2026-05-24
해상,Busan,아시아,Semarang,2022,12,1500.0,1000.0,USD,,,,,2026-05-24
해상,Busan,아시아,Semarang,2022,11,1450.0,2650.0,USD,,,,,2026-05-24
해상,Busan,아시아,Semarang,2022,10,1800.0,3000.0,USD,,,,,2026-05-24
해상,Busan,아시아,Semarang,2022,09,1800.0,3000.0,USD,,,,,2026-05-24
해상,Busan,아시아,Semarang,2022,08,2000.0,3200.0,USD,,,,,2026-05-24
해상,Busan,아시아,Semarang,2022,07,2000.0,3200.0,USD,,,,,2026-05-24
해상,Busan,아시아,Semarang,2022,06,3200.0,3200.0,USD,,,,,2026-05-24
해상,Busan,아시아,Semarang,2022,05,1850.0,3000.0,USD,,,,,2026-05-24
해상,Busan,아시아,Semarang,2022,04,1850.0,3000.0,USD,,,,,2026-05-24
해상,Busan,아시아,Semarang,2022,03,1780.0,2950.0,USD,,,,,2026-05-24
해상,Busan,아시아,Semarang,2022,02,1500.0,2100.0,USD,,,,,2026-05-24
해상,Busan,아시아,Semarang,2022,01,1100.0,1600.0,USD,,,,,2026-05-24
해상,Busan,아시아,Semarang,2021,12,1100.0,1600.0,USD,,,,,2026-05-24
해상,Busan,아시아,Semarang,2021,11,1100.0,1900.0,USD,,,,,2026-05-24
해상,Busan,아시아,Semarang,2021,10,1100.0,1900.0,USD,,,,,2026-05-24
해상,Busan,아시아,Semarang,2021,09,1050.0,1820.0,USD,,,,,2026-05-24
해상,Busan,아시아,Semarang,2021,08,990.0,1850.0,USD,,,,,2026-05-24
해상,Busan,아시아,Semarang,2021,07,910.0,1730.0,USD,,,,,2026-05-24
해상,Busan,아시아,Semarang,2021,06,910.0,1730.0,USD,,,,,2026-05-24
해상,Busan,아시아,Semarang,2021,05,1000.0,1600.0,USD,,,,,2026-05-24
해상,Busan,아시아,Semarang,2021,04,1000.0,1600.0,USD,,,,,2026-05-24
해상,Busan,아시아,Semarang,2021,03,950.0,1700.0,USD,,,,,2026-05-24
해상,Busan,아시아,Semarang,2021,02,950.0,1700.0,USD,,,,,2026-05-24
해상,Busan,아시아,Semarang,2021,01,950.0,1700.0,USD,,,,,2026-05-24
해상,Busan,아시아,Semarang,2020,12,0.0,0.0,USD,,,,,2026-05-24
해상,Busan,아시아,Semarang,2020,11,1000.0,1600.0,USD,,,,,2026-05-24
해상,Busan,아시아,Semarang,2020,10,500.0,1000.0,USD,,,,,2026-05-24
해상,Busan,아시아,Semarang,2020,09,533.0,1066.0,USD,,,,,2026-05-24
해상,Busan,아시아,Semarang,2020,08,500.0,1000.0,USD,,,,,2026-05-24
해상,Busan,아시아,Semarang,2020,07,500.0,1000.0,USD,,,,,2026-05-24
해상,Busan,아시아,Semarang,2020,06,600.0,1200.0,USD,,,,,2026-05-24
해상,Busan,아시아,Semarang,2020,05,600.0,1200.0,USD,,,,,2026-05-24
해상,Busan,아시아,Semarang,2020,04,800.0,1600.0,USD,,,,,2026-05-24
해상,Busan,아시아,Semarang,2020,03,800.0,1600.0,USD,,,,,2026-05-24
해상,Busan,아시아,Semarang,2020,02,800.0,1600.0,USD,,,,,2026-05-24
해상,Busan,아시아,Semarang,2020,01,800.0,1600.0,USD,,,,,2026-05-24
해상,Busan,아시아,Semarang,2019,12,800.0,1600.0,USD,,,,,2026-05-24
해상,Busan,아시아,Semarang,2019,11,900.0,1790.0,USD,,,,,2026-05-24
해상,Busan,아시아,Semarang,2019,10,800.0,1600.0,USD,,,,,2026-05-24
해상,Busan,아시아,Semarang,2019,09,830.0,1660.0,USD,,,,,2026-05-24
해상,Busan,아시아,Semarang,2019,08,830.0,1660.0,USD,,,,,2026-05-24
해상,Busan,아시아,Semarang,2019,07,830.0,1660.0,USD,,,,,2026-05-24
해상,Busan,아시아,Semarang,2019,06,830.0,1660.0,USD,,,,,2026-05-24
해상,Busan,아시아,Semarang,2019,05,830.0,1660.0,USD,,,,,2026-05-24
해상,Busan,아시아,Semarang,2019,04,830.0,1660.0,USD,,,,,2026-05-24
해상,Busan,아시아,Semarang,2019,03,830.0,1660.0,USD,,,,,2026-05-24
해상,Busan,아시아,Semarang,2019,02,830.0,1660.0,USD,,,,,2026-05-24
해상,Busan,아시아,Semarang,2019,01,830.0,1660.0,USD,,,,,2026-05-24
해상,Busan,아시아,Semarang,2018,12,830.0,1660.0,USD,,,,,2026-05-24
해상,Busan,아시아,Semarang,2018,11,830.0,1660.0,USD,,,,,2026-05-24
해상,Busan,아시아,Semarang,2018,10,830.0,1660.0,USD,,,,,2026-05-24
해상,Busan,아시아,Semarang,2018,09,830.0,1660.0,USD,,,,,2026-05-24
해상,Busan,아시아,Semarang,2018,08,830.0,1660.0,USD,,,,,2026-05-24
해상,Busan,아시아,Semarang,2018,07,830.0,1660.0,USD,,,,,2026-05-24
해상,Busan,아시아,Semarang,2018,06,780.0,1560.0,USD,,,,,2026-05-24
해상,Busan,아시아,Semarang,2018,05,780.0,1560.0,USD,,,,,2026-05-24
해상,Busan,아시아,Semarang,2018,04,780.0,1560.0,USD,,,,,2026-05-24
해상,Busan,아시아,Semarang,2018,03,780.0,1560.0,USD,,,,,2026-05-24
해상,Busan,아시아,Semarang,2018,02,750.0,1500.0,USD,,,,,2026-05-24
해상,Busan,아시아,Semarang,2018,01,750.0,1500.0,USD,,,,,2026-05-24
해상,Busan,아시아,Sihanouk Ville,2026,05,700.0,1250.0,USD,,,,,2026-05-24
해상,Busan,아시아,Sihanouk Ville,2026,04,800.0,1500.0,USD,,,,,2026-05-24
해상,Busan,아시아,Sihanouk Ville,2026,03,1200.0,2200.0,USD,,,,,2026-05-24
해상,Busan,아시아,Sihanouk Ville,2026,02,650.0,1200.0,USD,,,,,2026-05-24
해상,Busan,아시아,Sihanouk Ville,2026,01,700.0,1200.0,USD,,,,,2026-05-24
해상,Busan,아시아,Sihanouk Ville,2025,12,700.0,1200.0,USD,,,,,2026-05-24
해상,Busan,아시아,Sihanouk Ville,2025,11,650.0,1200.0,USD,,,,,2026-05-24
해상,Busan,아시아,Sihanouk Ville,2025,10,750.0,1350.0,USD,,,,,2026-05-24
해상,Busan,아시아,Sihanouk Ville,2025,09,650.0,1200.0,USD,,,,,2026-05-24
해상,Busan,아시아,Sihanouk Ville,2025,08,1150.0,1900.0,USD,,,,,2026-05-24
해상,Busan,아시아,Sihanouk Ville,2025,07,1500.0,2400.0,USD,,,,,2026-05-24
해상,Busan,아시아,Sihanouk Ville,2025,06,800.0,1350.0,USD,,,,,2026-05-24
해상,Busan,아시아,Sihanouk Ville,2025,05,1500.0,2400.0,USD,,,,,2026-05-24
해상,Busan,아시아,Sihanouk Ville,2025,04,1500.0,2400.0,USD,,,,,2026-05-24
해상,Busan,아시아,Sihanouk Ville,2025,03,800.0,1300.0,USD,,,,,2026-05-24
해상,Busan,아시아,Sihanouk Ville,2025,01,850.0,1300.0,USD,,,,,2026-05-24
해상,Busan,아시아,Sihanouk Ville,2024,12,850.0,1300.0,USD,,,,,2026-05-24
해상,Busan,아시아,Sihanouk Ville,2024,11,900.0,1550.0,USD,,,,,2026-05-24
해상,Busan,아시아,Sihanouk Ville,2024,10,800.0,1300.0,USD,,,,,2026-05-24
해상,Busan,아시아,Sihanouk Ville,2024,09,1700.0,2650.0,USD,,,,,2026-05-24
해상,Busan,아시아,Sihanouk Ville,2024,08,800.0,1300.0,USD,,,,,2026-05-24
해상,Busan,아시아,Sihanouk Ville,2024,07,1350.0,2200.0,USD,,,,,2026-05-24
해상,Busan,아시아,Sihanouk Ville,2024,06,1100.0,1900.0,USD,,,,,2026-05-24
해상,Busan,아시아,Sihanouk Ville,2024,05,1000.0,1600.0,USD,,,,,2026-05-24
해상,Busan,아시아,Sihanouk Ville,2024,04,1000.0,1600.0,USD,,,,,2026-05-24
해상,Busan,아시아,Sihanouk Ville,2024,03,1100.0,1850.0,USD,,,,,2026-05-24
해상,Busan,아시아,Sihanouk Ville,2024,02,950.0,1800.0,USD,,,,,2026-05-24
해상,Busan,아시아,Sihanouk Ville,2024,01,1200.0,1800.0,USD,,,,,2026-05-24
해상,Busan,아시아,Sihanouk Ville,2023,12,1100.0,1750.0,USD,,,,,2026-05-24
해상,Busan,아시아,Sihanouk Ville,2023,11,1050.0,1700.0,USD,,,,,2026-05-24
해상,Busan,아시아,Sihanouk Ville,2023,10,1000.0,1600.0,USD,,,,,2026-05-24
해상,Busan,아시아,Sihanouk Ville,2023,09,1000.0,1600.0,USD,,,,,2026-05-24
해상,Busan,아시아,Sihanouk Ville,2023,08,1000.0,1500.0,USD,,,,,2026-05-24
해상,Busan,아시아,Sihanouk Ville,2023,07,850.0,1500.0,USD,,,,,2026-05-24
해상,Busan,아시아,Sihanouk Ville,2023,06,850.0,1540.0,USD,,,,,2026-05-24
해상,Busan,아시아,Sihanouk Ville,2023,05,700.0,1350.0,USD,,,,,2026-05-24
해상,Busan,아시아,Sihanouk Ville,2023,04,820.0,1540.0,USD,,,,,2026-05-24
해상,Busan,아시아,Sihanouk Ville,2023,03,1000.0,2000.0,USD,,,,,2026-05-24
해상,Busan,아시아,Sihanouk Ville,2023,02,1200.0,2100.0,USD,,,,,2026-05-24
해상,Busan,아시아,Sihanouk Ville,2023,01,1350.0,2150.0,USD,,,,,2026-05-24
해상,Busan,아시아,Sihanouk Ville,2022,12,1050.0,2050.0,USD,,,,,2026-05-24
해상,Busan,아시아,Sihanouk Ville,2022,11,1500.0,1800.0,USD,,,,,2026-05-24
해상,Busan,아시아,Sihanouk Ville,2022,10,1500.0,2500.0,USD,,,,,2026-05-24
해상,Busan,아시아,Sihanouk Ville,2022,09,1500.0,2500.0,USD,,,,,2026-05-24
해상,Busan,아시아,Sihanouk Ville,2022,08,1500.0,2500.0,USD,,,,,2026-05-24
해상,Busan,아시아,Sihanouk Ville,2022,07,1500.0,2500.0,USD,,,,,2026-05-24
해상,Busan,아시아,Sihanouk Ville,2022,06,1900.0,2700.0,USD,,,,,2026-05-24
해상,Busan,아시아,Sihanouk Ville,2022,05,1200.0,2100.0,USD,,,,,2026-05-24
해상,Busan,아시아,Sihanouk Ville,2022,04,1200.0,2100.0,USD,,,,,2026-05-24
해상,Busan,아시아,Sihanouk Ville,2022,03,1100.0,2000.0,USD,,,,,2026-05-24
해상,Busan,아시아,Sihanouk Ville,2022,02,1100.0,2000.0,USD,,,,,2026-05-24
해상,Busan,아시아,Sihanouk Ville,2022,01,1000.0,1000.0,USD,,,,,2026-05-24
해상,Busan,아시아,Sihanouk Ville,2021,12,1000.0,1000.0,USD,,,,,2026-05-24
해상,Busan,아시아,Sihanouk Ville,2021,11,1000.0,1450.0,USD,,,,,2026-05-24
해상,Busan,아시아,Sihanouk Ville,2021,10,1000.0,1450.0,USD,,,,,2026-05-24
해상,Busan,아시아,Sihanouk Ville,2021,09,1000.0,1300.0,USD,,,,,2026-05-24
해상,Busan,아시아,Sihanouk Ville,2021,08,1000.0,1300.0,USD,,,,,2026-05-24
해상,Busan,아시아,Sihanouk Ville,2021,07,1000.0,1300.0,USD,,,,,2026-05-24
해상,Busan,아시아,Sihanouk Ville,2021,06,1000.0,1300.0,USD,,,,,2026-05-24
해상,Busan,아시아,Sihanouk Ville,2021,05,1800.0,2900.0,USD,,,,,2026-05-24
해상,Busan,아시아,Sihanouk Ville,2021,04,1800.0,2900.0,USD,,,,,2026-05-24
해상,Busan,아시아,Sihanouk Ville,2021,03,2200.0,3200.0,USD,,,,,2026-05-24
해상,Busan,아시아,Sihanouk Ville,2021,02,2200.0,3200.0,USD,,,,,2026-05-24
해상,Busan,아시아,Sihanouk Ville,2021,01,2200.0,3200.0,USD,,,,,2026-05-24
해상,Busan,아시아,Sihanouk Ville,2020,12,0.0,0.0,USD,,,,,2026-05-24
해상,Busan,아시아,Sihanouk Ville,2020,11,900.0,1200.0,USD,,,,,2026-05-24
해상,Busan,아시아,Sihanouk Ville,2020,10,500.0,1000.0,USD,,,,,2026-05-24
해상,Busan,아시아,Sihanouk Ville,2020,09,516.0,950.0,USD,,,,,2026-05-24
해상,Busan,아시아,Sihanouk Ville,2020,08,600.0,1200.0,USD,,,,,2026-05-24
해상,Busan,아시아,Sihanouk Ville,2020,07,600.0,1200.0,USD,,,,,2026-05-24
해상,Busan,아시아,Sihanouk Ville,2020,06,700.0,1200.0,USD,,,,,2026-05-24
해상,Busan,아시아,Sihanouk Ville,2020,05,700.0,1200.0,USD,,,,,2026-05-24
해상,Busan,아시아,Sihanouk Ville,2020,04,700.0,1200.0,USD,,,,,2026-05-24
해상,Busan,아시아,Sihanouk Ville,2020,03,700.0,1100.0,USD,,,,,2026-05-24
해상,Busan,아시아,Sihanouk Ville,2020,02,700.0,1100.0,USD,,,,,2026-05-24
해상,Busan,아시아,Sihanouk Ville,2020,01,700.0,1100.0,USD,,,,,2026-05-24
해상,Busan,아시아,Sihanouk Ville,2019,12,700.0,1100.0,USD,,,,,2026-05-24
해상,Busan,아시아,Sihanouk Ville,2019,11,1050.0,1200.0,USD,,,,,2026-05-24
해상,Busan,아시아,Sihanouk Ville,2019,10,700.0,1060.0,USD,,,,,2026-05-24
해상,Busan,아시아,Sihanouk Ville,2019,09,680.0,1060.0,USD,,,,,2026-05-24
해상,Busan,아시아,Sihanouk Ville,2019,08,680.0,1060.0,USD,,,,,2026-05-24
해상,Busan,아시아,Sihanouk Ville,2019,07,680.0,1060.0,USD,,,,,2026-05-24
해상,Busan,아시아,Sihanouk Ville,2019,06,680.0,1060.0,USD,,,,,2026-05-24
해상,Busan,아시아,Sihanouk Ville,2019,05,680.0,1060.0,USD,,,,,2026-05-24
해상,Busan,아시아,Sihanouk Ville,2019,04,680.0,1060.0,USD,,,,,2026-05-24
해상,Busan,아시아,Sihanouk Ville,2019,03,680.0,1060.0,USD,,,,,2026-05-24
해상,Busan,아시아,Sihanouk Ville,2019,02,680.0,1060.0,USD,,,,,2026-05-24
해상,Busan,아시아,Sihanouk Ville,2019,01,680.0,1060.0,USD,,,,,2026-05-24
해상,Busan,아시아,Sihanouk Ville,2018,12,680.0,1060.0,USD,,,,,2026-05-24
해상,Busan,아시아,Sihanouk Ville,2018,11,680.0,1060.0,USD,,,,,2026-05-24
해상,Busan,아시아,Sihanouk Ville,2018,10,680.0,1060.0,USD,,,,,2026-05-24
해상,Busan,아시아,Sihanouk Ville,2018,08,680.0,1060.0,USD,,,,,2026-05-24
해상,Busan,아시아,Sihanouk Ville,2018,07,680.0,1060.0,USD,,,,,2026-05-24
해상,Busan,아시아,Sihanouk Ville,2018,06,630.0,960.0,USD,,,,,2026-05-24
해상,Busan,아시아,Sihanouk Ville,2018,05,630.0,960.0,USD,,,,,2026-05-24
해상,Busan,아시아,Sihanouk Ville,2018,04,630.0,960.0,USD,,,,,2026-05-24
해상,Busan,아시아,Sihanouk Ville,2018,03,630.0,960.0,USD,,,,,2026-05-24
해상,Busan,아시아,Sihanouk Ville,2018,02,600.0,900.0,USD,,,,,2026-05-24
해상,Busan,아시아,Sihanouk Ville,2018,01,600.0,900.0,USD,,,,,2026-05-24
해상,Busan,아시아,Sihanouk Ville,2017,12,600.0,900.0,USD,,,,,2026-05-24
해상,Busan,아시아,Singapore,2026,05,600.0,1000.0,USD,,,,,2026-05-24
해상,Busan,아시아,Singapore,2026,04,650.0,1150.0,USD,,,,,2026-05-24
해상,Busan,아시아,Singapore,2026,03,550.0,850.0,USD,,,,,2026-05-24
해상,Busan,아시아,Singapore,2026,02,550.0,900.0,USD,,,,,2026-05-24
해상,Busan,아시아,Singapore,2026,01,500.0,1000.0,USD,,,,,2026-05-24
해상,Busan,아시아,Singapore,2025,12,550.0,850.0,USD,,,,,2026-05-24
해상,Busan,아시아,Singapore,2025,11,550.0,850.0,USD,,,,,2026-05-24
해상,Busan,아시아,Singapore,2025,10,550.0,850.0,USD,,,,,2026-05-24
해상,Busan,아시아,Singapore,2025,09,500.0,900.0,USD,,,,,2026-05-24
해상,Busan,아시아,Singapore,2025,08,550.0,900.0,USD,,,,,2026-05-24
해상,Busan,아시아,Singapore,2025,07,750.0,1300.0,USD,,,,,2026-05-24
해상,Busan,아시아,Singapore,2025,06,550.0,1000.0,USD,,,,,2026-05-24
해상,Busan,아시아,Singapore,2025,05,550.0,900.0,USD,,,,,2026-05-24
해상,Busan,아시아,Singapore,2025,04,800.0,1300.0,USD,,,,,2026-05-24
해상,Busan,아시아,Singapore,2025,03,600.0,1000.0,USD,,,,,2026-05-24
해상,Busan,아시아,Singapore,2025,01,850.0,1500.0,USD,,,,,2026-05-24
해상,Busan,아시아,Singapore,2024,12,850.0,1500.0,USD,,,,,2026-05-24
해상,Busan,아시아,Singapore,2024,11,800.0,1500.0,USD,,,,,2026-05-24
해상,Busan,아시아,Singapore,2024,10,500.0,900.0,USD,,,,,2026-05-24
해상,Busan,아시아,Singapore,2024,09,800.0,1200.0,USD,,,,,2026-05-24
해상,Busan,아시아,Singapore,2024,08,600.0,1100.0,USD,,,,,2026-05-24
해상,Busan,아시아,Singapore,2024,07,1200.0,1900.0,USD,,,,,2026-05-24
해상,Busan,아시아,Singapore,2024,06,600.0,1000.0,USD,,,,,2026-05-24
해상,Busan,아시아,Singapore,2024,05,300.0,500.0,USD,,,,,2026-05-24
해상,Busan,아시아,Singapore,2024,04,200.0,400.0,USD,,,,,2026-05-24
해상,Busan,아시아,Singapore,2024,03,200.0,250.0,USD,,,,,2026-05-24
해상,Busan,아시아,Singapore,2024,02,300.0,450.0,USD,,,,,2026-05-24
해상,Busan,아시아,Singapore,2024,01,150.0,250.0,USD,,,,,2026-05-24
해상,Busan,아시아,Singapore,2023,12,100.0,200.0,USD,,,,,2026-05-24
해상,Busan,아시아,Singapore,2023,11,100.0,200.0,USD,,,,,2026-05-24
해상,Busan,아시아,Singapore,2023,10,100.0,200.0,USD,,,,,2026-05-24
해상,Busan,아시아,Singapore,2023,09,100.0,200.0,USD,,,,,2026-05-24
해상,Busan,아시아,Singapore,2023,08,170.0,450.0,USD,,,,,2026-05-24
해상,Busan,아시아,Singapore,2023,07,250.0,450.0,USD,,,,,2026-05-24
해상,Busan,아시아,Singapore,2023,06,250.0,450.0,USD,,,,,2026-05-24
해상,Busan,아시아,Singapore,2023,05,350.0,650.0,USD,,,,,2026-05-24
해상,Busan,아시아,Singapore,2023,04,450.0,750.0,USD,,,,,2026-05-24
해상,Busan,아시아,Singapore,2023,03,450.0,800.0,USD,,,,,2026-05-24
해상,Busan,아시아,Singapore,2023,02,700.0,1200.0,USD,,,,,2026-05-24
해상,Busan,아시아,Singapore,2023,01,1200.0,1680.0,USD,,,,,2026-05-24
해상,Busan,아시아,Singapore,2022,12,900.0,2050.0,USD,,,,,2026-05-24
해상,Busan,아시아,Singapore,2022,11,1100.0,1550.0,USD,,,,,2026-05-24
해상,Busan,아시아,Singapore,2022,10,1200.0,1800.0,USD,,,,,2026-05-24
해상,Busan,아시아,Singapore,2022,09,1200.0,1800.0,USD,,,,,2026-05-24
해상,Busan,아시아,Singapore,2022,08,1300.0,2000.0,USD,,,,,2026-05-24
해상,Busan,아시아,Singapore,2022,07,1400.0,2000.0,USD,,,,,2026-05-24
해상,Busan,아시아,Singapore,2022,06,1400.0,2000.0,USD,,,,,2026-05-24
해상,Busan,아시아,Singapore,2022,05,1400.0,2000.0,USD,,,,,2026-05-24
해상,Busan,아시아,Singapore,2022,04,1400.0,2000.0,USD,,,,,2026-05-24
해상,Busan,아시아,Singapore,2022,03,1400.0,2100.0,USD,,,,,2026-05-24
해상,Busan,아시아,Singapore,2022,02,1400.0,2100.0,USD,,,,,2026-05-24
해상,Busan,아시아,Singapore,2022,01,950.0,1500.0,USD,,,,,2026-05-24
해상,Busan,아시아,Singapore,2021,12,950.0,1500.0,USD,,,,,2026-05-24
해상,Busan,아시아,Singapore,2021,11,850.0,1400.0,USD,,,,,2026-05-24
해상,Busan,아시아,Singapore,2021,10,850.0,1400.0,USD,,,,,2026-05-24
해상,Busan,아시아,Singapore,2021,09,700.0,1300.0,USD,,,,,2026-05-24
해상,Busan,아시아,Singapore,2021,08,750.0,1350.0,USD,,,,,2026-05-24
해상,Busan,아시아,Singapore,2021,07,790.0,1230.0,USD,,,,,2026-05-24
해상,Busan,아시아,Singapore,2021,06,790.0,1230.0,USD,,,,,2026-05-24
해상,Busan,아시아,Singapore,2021,05,850.0,1400.0,USD,,,,,2026-05-24
해상,Busan,아시아,Singapore,2021,04,850.0,1400.0,USD,,,,,2026-05-24
해상,Busan,아시아,Singapore,2021,03,800.0,1300.0,USD,,,,,2026-05-24
해상,Busan,아시아,Singapore,2021,02,800.0,1300.0,USD,,,,,2026-05-24
해상,Busan,아시아,Singapore,2021,01,800.0,1300.0,USD,,,,,2026-05-24
해상,Busan,아시아,Singapore,2020,12,950.0,1600.0,USD,,,,,2026-05-24
해상,Busan,아시아,Singapore,2020,11,350.0,600.0,USD,,,,,2026-05-24
해상,Busan,아시아,Singapore,2020,10,190.0,380.0,USD,,,,,2026-05-24
해상,Busan,아시아,Singapore,2020,09,190.0,367.0,USD,,,,,2026-05-24
해상,Busan,아시아,Singapore,2020,08,180.0,360.0,USD,,,,,2026-05-24
해상,Busan,아시아,Singapore,2020,07,200.0,400.0,USD,,,,,2026-05-24
해상,Busan,아시아,Singapore,2020,06,220.0,440.0,USD,,,,,2026-05-24
해상,Busan,아시아,Singapore,2020,05,220.0,440.0,USD,,,,,2026-05-24
해상,Busan,아시아,Singapore,2020,04,200.0,400.0,USD,,,,,2026-05-24
해상,Busan,아시아,Singapore,2020,03,200.0,400.0,USD,,,,,2026-05-24
해상,Busan,아시아,Singapore,2020,02,200.0,400.0,USD,,,,,2026-05-24
해상,Busan,아시아,Singapore,2020,01,200.0,390.0,USD,,,,,2026-05-24
해상,Busan,아시아,Singapore,2019,12,200.0,390.0,USD,,,,,2026-05-24
해상,Busan,아시아,Singapore,2019,11,370.0,620.0,USD,,,,,2026-05-24
해상,Busan,아시아,Singapore,2019,10,200.0,390.0,USD,,,,,2026-05-24
해상,Busan,아시아,Singapore,2019,09,280.0,560.0,USD,,,,,2026-05-24
해상,Busan,아시아,Singapore,2019,08,280.0,560.0,USD,,,,,2026-05-24
해상,Busan,아시아,Singapore,2019,07,280.0,560.0,USD,,,,,2026-05-24
해상,Busan,아시아,Singapore,2019,06,280.0,560.0,USD,,,,,2026-05-24
해상,Busan,아시아,Singapore,2019,05,280.0,560.0,USD,,,,,2026-05-24
해상,Busan,아시아,Singapore,2019,04,280.0,560.0,USD,,,,,2026-05-24
해상,Busan,아시아,Singapore,2019,03,280.0,560.0,USD,,,,,2026-05-24
해상,Busan,아시아,Singapore,2019,02,280.0,560.0,USD,,,,,2026-05-24
해상,Busan,아시아,Singapore,2019,01,280.0,560.0,USD,,,,,2026-05-24
해상,Busan,아시아,Singapore,2018,12,280.0,560.0,USD,,,,,2026-05-24
해상,Busan,아시아,Singapore,2018,11,280.0,560.0,USD,,,,,2026-05-24
해상,Busan,아시아,Singapore,2018,10,280.0,560.0,USD,,,,,2026-05-24
해상,Busan,아시아,Singapore,2018,08,280.0,560.0,USD,,,,,2026-05-24
해상,Busan,아시아,Singapore,2018,07,280.0,560.0,USD,,,,,2026-05-24
해상,Busan,아시아,Singapore,2018,06,230.0,460.0,USD,,,,,2026-05-24
해상,Busan,아시아,Singapore,2018,05,230.0,460.0,USD,,,,,2026-05-24
해상,Busan,아시아,Singapore,2018,04,230.0,460.0,USD,,,,,2026-05-24
해상,Busan,아시아,Singapore,2018,03,230.0,460.0,USD,,,,,2026-05-24
해상,Busan,아시아,Singapore,2018,02,200.0,400.0,USD,,,,,2026-05-24
해상,Busan,아시아,Singapore,2018,01,200.0,400.0,USD,,,,,2026-05-24
해상,Busan,아시아,Singapore,2017,12,200.0,400.0,USD,,,,,2026-05-24
해상,Busan,아시아,Surabaya,2026,05,550.0,900.0,USD,,,,,2026-05-24
해상,Busan,아시아,Surabaya,2026,04,650.0,1100.0,USD,,,,,2026-05-24
해상,Busan,아시아,Surabaya,2026,03,500.0,750.0,USD,,,,,2026-05-24
해상,Busan,아시아,Surabaya,2026,02,450.0,750.0,USD,,,,,2026-05-24
해상,Busan,아시아,Surabaya,2026,01,500.0,850.0,USD,,,,,2026-05-24
해상,Busan,아시아,Surabaya,2025,12,550.0,850.0,USD,,,,,2026-05-24
해상,Busan,아시아,Surabaya,2025,11,500.0,850.0,USD,,,,,2026-05-24
해상,Busan,아시아,Surabaya,2025,10,500.0,850.0,USD,,,,,2026-05-24
해상,Busan,아시아,Surabaya,2025,09,450.0,700.0,USD,,,,,2026-05-24
해상,Busan,아시아,Surabaya,2025,08,550.0,1050.0,USD,,,,,2026-05-24
해상,Busan,아시아,Surabaya,2025,07,700.0,1400.0,USD,,,,,2026-05-24
해상,Busan,아시아,Surabaya,2025,06,700.0,1200.0,USD,,,,,2026-05-24
해상,Busan,아시아,Surabaya,2025,05,700.0,1200.0,USD,,,,,2026-05-24
해상,Busan,아시아,Surabaya,2025,04,750.0,1300.0,USD,,,,,2026-05-24
해상,Busan,아시아,Surabaya,2025,03,700.0,1400.0,USD,,,,,2026-05-24
해상,Busan,아시아,Surabaya,2025,01,900.0,1500.0,USD,,,,,2026-05-24
해상,Busan,아시아,Surabaya,2024,12,900.0,1500.0,USD,,,,,2026-05-24
해상,Busan,아시아,Surabaya,2024,11,750.0,1450.0,USD,,,,,2026-05-24
해상,Busan,아시아,Surabaya,2024,10,650.0,1200.0,USD,,,,,2026-05-24
해상,Busan,아시아,Surabaya,2024,09,1100.0,1700.0,USD,,,,,2026-05-24
해상,Busan,아시아,Surabaya,2024,08,1000.0,1900.0,USD,,,,,2026-05-24
해상,Busan,아시아,Surabaya,2024,07,1300.0,2000.0,USD,,,,,2026-05-24
해상,Busan,아시아,Surabaya,2024,06,600.0,1000.0,USD,,,,,2026-05-24
해상,Busan,아시아,Surabaya,2024,05,311.0,500.0,USD,,,,,2026-05-24
해상,Busan,아시아,Surabaya,2024,04,350.0,600.0,USD,,,,,2026-05-24
해상,Busan,아시아,Surabaya,2024,03,350.0,600.0,USD,,,,,2026-05-24
해상,Busan,아시아,Surabaya,2024,02,300.0,600.0,USD,,,,,2026-05-24
해상,Busan,아시아,Surabaya,2024,01,300.0,600.0,USD,,,,,2026-05-24
해상,Busan,아시아,Surabaya,2023,12,200.0,300.0,USD,,,,,2026-05-24
해상,Busan,아시아,Surabaya,2023,11,200.0,350.0,USD,,,,,2026-05-24
해상,Busan,아시아,Surabaya,2023,10,150.0,250.0,USD,,,,,2026-05-24
해상,Busan,아시아,Surabaya,2023,09,140.0,280.0,USD,,,,,2026-05-24
해상,Busan,아시아,Surabaya,2023,08,500.0,800.0,USD,,,,,2026-05-24
해상,Busan,아시아,Surabaya,2023,07,500.0,800.0,USD,,,,,2026-05-24
해상,Busan,아시아,Surabaya,2023,06,500.0,800.0,USD,,,,,2026-05-24
해상,Busan,아시아,Surabaya,2023,05,450.0,700.0,USD,,,,,2026-05-24
해상,Busan,아시아,Surabaya,2023,04,750.0,1200.0,USD,,,,,2026-05-24
해상,Busan,아시아,Surabaya,2023,03,850.0,1380.0,USD,,,,,2026-05-24
해상,Busan,아시아,Surabaya,2023,02,850.0,1500.0,USD,,,,,2026-05-24
해상,Busan,아시아,Surabaya,2023,01,1200.0,1880.0,USD,,,,,2026-05-24
해상,Busan,아시아,Surabaya,2022,12,1100.0,2500.0,USD,,,,,2026-05-24
해상,Busan,아시아,Surabaya,2022,11,1200.0,1800.0,USD,,,,,2026-05-24
해상,Busan,아시아,Surabaya,2022,10,1400.0,2100.0,USD,,,,,2026-05-24
해상,Busan,아시아,Surabaya,2022,09,1400.0,2100.0,USD,,,,,2026-05-24
해상,Busan,아시아,Surabaya,2022,08,1400.0,2100.0,USD,,,,,2026-05-24
해상,Busan,아시아,Surabaya,2022,07,1400.0,2000.0,USD,,,,,2026-05-24
해상,Busan,아시아,Surabaya,2022,06,1400.0,2000.0,USD,,,,,2026-05-24
해상,Busan,아시아,Surabaya,2022,05,1400.0,2000.0,USD,,,,,2026-05-24
해상,Busan,아시아,Surabaya,2022,04,1400.0,2000.0,USD,,,,,2026-05-24
해상,Busan,아시아,Surabaya,2022,03,1500.0,2200.0,USD,,,,,2026-05-24
해상,Busan,아시아,Surabaya,2022,02,1500.0,2100.0,USD,,,,,2026-05-24
해상,Busan,아시아,Surabaya,2022,01,1000.0,1600.0,USD,,,,,2026-05-24
해상,Busan,아시아,Surabaya,2021,12,1000.0,1600.0,USD,,,,,2026-05-24
해상,Busan,아시아,Surabaya,2021,11,900.0,1600.0,USD,,,,,2026-05-24
해상,Busan,아시아,Surabaya,2021,10,900.0,1600.0,USD,,,,,2026-05-24
해상,Busan,아시아,Surabaya,2021,09,800.0,1300.0,USD,,,,,2026-05-24
해상,Busan,아시아,Surabaya,2021,08,780.0,1350.0,USD,,,,,2026-05-24
해상,Busan,아시아,Surabaya,2021,07,850.0,1600.0,USD,,,,,2026-05-24
해상,Busan,아시아,Surabaya,2021,06,850.0,1600.0,USD,,,,,2026-05-24
해상,Busan,아시아,Surabaya,2021,05,950.0,1600.0,USD,,,,,2026-05-24
해상,Busan,아시아,Surabaya,2021,04,950.0,1600.0,USD,,,,,2026-05-24
해상,Busan,아시아,Surabaya,2021,03,900.0,1500.0,USD,,,,,2026-05-24
해상,Busan,아시아,Surabaya,2021,02,900.0,1500.0,USD,,,,,2026-05-24
해상,Busan,아시아,Surabaya,2021,01,900.0,1500.0,USD,,,,,2026-05-24
해상,Busan,아시아,Surabaya,2020,12,700.0,1300.0,USD,,,,,2026-05-24
해상,Busan,아시아,Surabaya,2020,11,450.0,800.0,USD,,,,,2026-05-24
해상,Busan,아시아,Surabaya,2020,10,425.0,675.0,USD,,,,,2026-05-24
해상,Busan,아시아,Surabaya,2020,09,392.0,672.0,USD,,,,,2026-05-24
해상,Busan,아시아,Surabaya,2020,08,320.0,640.0,USD,,,,,2026-05-24
해상,Busan,아시아,Surabaya,2020,07,320.0,640.0,USD,,,,,2026-05-24
해상,Busan,아시아,Surabaya,2020,06,350.0,650.0,USD,,,,,2026-05-24
해상,Busan,아시아,Surabaya,2020,05,350.0,650.0,USD,,,,,2026-05-24
해상,Busan,아시아,Surabaya,2020,04,340.0,650.0,USD,,,,,2026-05-24
해상,Busan,아시아,Surabaya,2020,03,340.0,650.0,USD,,,,,2026-05-24
해상,Busan,아시아,Surabaya,2020,02,340.0,650.0,USD,,,,,2026-05-24
해상,Busan,아시아,Surabaya,2020,01,340.0,650.0,USD,,,,,2026-05-24
해상,Busan,아시아,Surabaya,2019,12,340.0,600.0,USD,,,,,2026-05-24
해상,Busan,아시아,Surabaya,2019,11,520.0,940.0,USD,,,,,2026-05-24
해상,Busan,아시아,Surabaya,2019,10,340.0,600.0,USD,,,,,2026-05-24
해상,Busan,아시아,Surabaya,2019,09,480.0,860.0,USD,,,,,2026-05-24
해상,Busan,아시아,Surabaya,2019,08,480.0,860.0,USD,,,,,2026-05-24
해상,Busan,아시아,Surabaya,2019,07,480.0,860.0,USD,,,,,2026-05-24
해상,Busan,아시아,Surabaya,2019,06,480.0,860.0,USD,,,,,2026-05-24
해상,Busan,아시아,Surabaya,2019,05,480.0,860.0,USD,,,,,2026-05-24
해상,Busan,아시아,Surabaya,2019,04,480.0,860.0,USD,,,,,2026-05-24
해상,Busan,아시아,Surabaya,2019,03,480.0,860.0,USD,,,,,2026-05-24
해상,Busan,아시아,Surabaya,2019,02,480.0,860.0,USD,,,,,2026-05-24
해상,Busan,아시아,Surabaya,2019,01,480.0,860.0,USD,,,,,2026-05-24
해상,Busan,아시아,Surabaya,2018,12,480.0,860.0,USD,,,,,2026-05-24
해상,Busan,아시아,Surabaya,2018,11,480.0,860.0,USD,,,,,2026-05-24
해상,Busan,아시아,Surabaya,2018,10,480.0,860.0,USD,,,,,2026-05-24
해상,Busan,아시아,Surabaya,2018,09,480.0,860.0,USD,,,,,2026-05-24
해상,Busan,아시아,Surabaya,2018,08,480.0,860.0,USD,,,,,2026-05-24
해상,Busan,아시아,Surabaya,2018,07,480.0,860.0,USD,,,,,2026-05-24
해상,Busan,아시아,Surabaya,2018,06,430.0,760.0,USD,,,,,2026-05-24
해상,Busan,아시아,Surabaya,2018,05,430.0,760.0,USD,,,,,2026-05-24
해상,Busan,아시아,Surabaya,2018,04,430.0,760.0,USD,,,,,2026-05-24
해상,Busan,아시아,Surabaya,2018,03,430.0,760.0,USD,,,,,2026-05-24
해상,Busan,아시아,Surabaya,2018,02,400.0,700.0,USD,,,,,2026-05-24
해상,Busan,아시아,Surabaya,2018,01,400.0,700.0,USD,,,,,2026-05-24
해상,Busan,아시아,Bangkok,2026,05,500.0,900.0,USD,,,,,2026-05-24
해상,Busan,아시아,Bangkok,2026,04,700.0,1150.0,USD,,,,,2026-05-24
해상,Busan,아시아,Bangkok,2026,03,450.0,800.0,USD,,,,,2026-05-24
해상,Busan,아시아,Bangkok,2026,02,450.0,850.0,USD,,,,,2026-05-24
해상,Busan,아시아,Bangkok,2026,01,400.0,700.0,USD,,,,,2026-05-24
해상,Busan,아시아,Bangkok,2025,12,400.0,700.0,USD,,,,,2026-05-24
해상,Busan,아시아,Bangkok,2025,11,450.0,800.0,USD,,,,,2026-05-24
해상,Busan,아시아,Bangkok,2025,10,400.0,650.0,USD,,,,,2026-05-24
해상,Busan,아시아,Bangkok,2025,09,350.0,650.0,USD,,,,,2026-05-24
해상,Busan,아시아,Bangkok,2025,08,400.0,800.0,USD,,,,,2026-05-24
해상,Busan,아시아,Bangkok,2025,07,500.0,1000.0,USD,,,,,2026-05-24
해상,Busan,아시아,Bangkok,2025,06,500.0,900.0,USD,,,,,2026-05-24
해상,Busan,아시아,Bangkok,2025,05,500.0,900.0,USD,,,,,2026-05-24
해상,Busan,아시아,Bangkok,2025,04,600.0,1000.0,USD,,,,,2026-05-24
해상,Busan,아시아,Bangkok,2025,03,450.0,850.0,USD,,,,,2026-05-24
해상,Busan,아시아,Bangkok,2025,01,600.0,1000.0,USD,,,,,2026-05-24
해상,Busan,아시아,Bangkok,2024,12,600.0,1000.0,USD,,,,,2026-05-24
해상,Busan,아시아,Bangkok,2024,11,500.0,1000.0,USD,,,,,2026-05-24
해상,Busan,아시아,Bangkok,2024,10,450.0,850.0,USD,,,,,2026-05-24
해상,Busan,아시아,Bangkok,2024,09,600.0,1100.0,USD,,,,,2026-05-24
해상,Busan,아시아,Bangkok,2024,08,600.0,1100.0,USD,,,,,2026-05-24
해상,Busan,아시아,Bangkok,2024,07,600.0,1100.0,USD,,,,,2026-05-24
해상,Busan,아시아,Bangkok,2024,06,500.0,900.0,USD,,,,,2026-05-24
해상,Busan,아시아,Bangkok,2024,05,300.0,500.0,USD,,,,,2026-05-24
해상,Busan,아시아,Bangkok,2024,04,200.0,300.0,USD,,,,,2026-05-24
해상,Busan,아시아,Bangkok,2024,03,150.0,250.0,USD,,,,,2026-05-24
해상,Busan,아시아,Bangkok,2024,02,150.0,250.0,USD,,,,,2026-05-24
해상,Busan,아시아,Bangkok,2024,01,80.0,150.0,USD,,,,,2026-05-24
해상,Busan,아시아,Bangkok,2023,12,80.0,110.0,USD,,,,,2026-05-24
해상,Busan,아시아,Bangkok,2023,11,80.0,110.0,USD,,,,,2026-05-24
해상,Busan,아시아,Bangkok,2023,10,30.0,60.0,USD,,,,,2026-05-24
해상,Busan,아시아,Bangkok,2023,09,80.0,160.0,USD,,,,,2026-05-24
해상,Busan,아시아,Bangkok,2023,08,100.0,150.0,USD,,,,,2026-05-24
해상,Busan,아시아,Bangkok,2023,07,100.0,150.0,USD,,,,,2026-05-24
해상,Busan,아시아,Bangkok,2023,06,100.0,200.0,USD,,,,,2026-05-24
해상,Busan,아시아,Bangkok,2023,05,100.0,150.0,USD,,,,,2026-05-24
해상,Busan,아시아,Bangkok,2023,04,250.0,350.0,USD,,,,,2026-05-24
해상,Busan,아시아,Bangkok,2023,03,400.0,600.0,USD,,,,,2026-05-24
해상,Busan,아시아,Bangkok,2023,02,500.0,800.0,USD,,,,,2026-05-24
해상,Busan,아시아,Bangkok,2023,01,650.0,1200.0,USD,,,,,2026-05-24
해상,Busan,아시아,Bangkok,2022,12,700.0,900.0,USD,,,,,2026-05-24
해상,Busan,아시아,Bangkok,2022,11,800.0,1100.0,USD,,,,,2026-05-24
해상,Busan,아시아,Bangkok,2022,10,800.0,1400.0,USD,,,,,2026-05-24
해상,Busan,아시아,Bangkok,2022,09,800.0,1400.0,USD,,,,,2026-05-24
해상,Busan,아시아,Bangkok,2022,08,900.0,1400.0,USD,,,,,2026-05-24
해상,Busan,아시아,Bangkok,2022,07,900.0,1300.0,USD,,,,,2026-05-24
해상,Busan,아시아,Bangkok,2022,06,900.0,1400.0,USD,,,,,2026-05-24
해상,Busan,아시아,Bangkok,2022,05,950.0,1500.0,USD,,,,,2026-05-24
해상,Busan,아시아,Bangkok,2022,04,950.0,1500.0,USD,,,,,2026-05-24
해상,Busan,아시아,Bangkok,2022,03,900.0,1400.0,USD,,,,,2026-05-24
해상,Busan,아시아,Bangkok,2022,02,900.0,1400.0,USD,,,,,2026-05-24
해상,Busan,아시아,Bangkok,2022,01,800.0,1300.0,USD,,,,,2026-05-24
해상,Busan,아시아,Bangkok,2021,12,800.0,1300.0,USD,,,,,2026-05-24
해상,Busan,아시아,Bangkok,2021,11,800.0,1300.0,USD,,,,,2026-05-24
해상,Busan,아시아,Bangkok,2021,10,800.0,1300.0,USD,,,,,2026-05-24
해상,Busan,아시아,Bangkok,2021,09,700.0,1200.0,USD,,,,,2026-05-24
해상,Busan,아시아,Bangkok,2021,08,700.0,1100.0,USD,,,,,2026-05-24
해상,Busan,아시아,Bangkok,2021,07,700.0,1300.0,USD,,,,,2026-05-24
해상,Busan,아시아,Bangkok,2021,06,700.0,1300.0,USD,,,,,2026-05-24
해상,Busan,아시아,Bangkok,2021,05,900.0,1500.0,USD,,,,,2026-05-24
해상,Busan,아시아,Bangkok,2021,04,900.0,1500.0,USD,,,,,2026-05-24
해상,Busan,아시아,Bangkok,2021,03,750.0,1200.0,USD,,,,,2026-05-24
해상,Busan,아시아,Bangkok,2021,02,750.0,1200.0,USD,,,,,2026-05-24
해상,Busan,아시아,Bangkok,2021,01,800.0,1400.0,USD,,,,,2026-05-24
해상,Busan,아시아,Bangkok,2020,12,950.0,1700.0,USD,,,,,2026-05-24
해상,Busan,아시아,Bangkok,2020,11,350.0,600.0,USD,,,,,2026-05-24
해상,Busan,아시아,Bangkok,2020,10,200.0,400.0,USD,,,,,2026-05-24
해상,Busan,아시아,Bangkok,2020,09,182.0,365.0,USD,,,,,2026-05-24
해상,Busan,아시아,Bangkok,2020,08,200.0,400.0,USD,,,,,2026-05-24
해상,Busan,아시아,Bangkok,2020,07,230.0,460.0,USD,,,,,2026-05-24
해상,Busan,아시아,Bangkok,2020,06,280.0,560.0,USD,,,,,2026-05-24
해상,Busan,아시아,Bangkok,2020,05,280.0,560.0,USD,,,,,2026-05-24
해상,Busan,아시아,Bangkok,2020,04,280.0,560.0,USD,,,,,2026-05-24
해상,Busan,아시아,Bangkok,2020,03,280.0,560.0,USD,,,,,2026-05-24
해상,Busan,아시아,Bangkok,2020,02,280.0,560.0,USD,,,,,2026-05-24
해상,Busan,아시아,Bangkok,2020,01,280.0,560.0,USD,,,,,2026-05-24
해상,Busan,아시아,Bangkok,2019,12,300.0,600.0,USD,,,,,2026-05-24
해상,Busan,아시아,Bangkok,2019,11,370.0,740.0,USD,,,,,2026-05-24
해상,Busan,아시아,Bangkok,2019,10,200.0,300.0,USD,,,,,2026-05-24
해상,Busan,아시아,Bangkok,2019,09,330.0,660.0,USD,,,,,2026-05-24
해상,Busan,아시아,Bangkok,2019,08,330.0,660.0,USD,,,,,2026-05-24
해상,Busan,아시아,Bangkok,2019,07,330.0,660.0,USD,,,,,2026-05-24
해상,Busan,아시아,Bangkok,2019,06,330.0,660.0,USD,,,,,2026-05-24
해상,Busan,아시아,Bangkok,2019,05,330.0,660.0,USD,,,,,2026-05-24
해상,Busan,아시아,Bangkok,2019,04,330.0,660.0,USD,,,,,2026-05-24
해상,Busan,아시아,Bangkok,2019,03,330.0,660.0,USD,,,,,2026-05-24
해상,Busan,아시아,Bangkok,2019,02,330.0,660.0,USD,,,,,2026-05-24
해상,Busan,아시아,Bangkok,2019,01,330.0,660.0,USD,,,,,2026-05-24
해상,Busan,아시아,Bangkok,2018,12,330.0,660.0,USD,,,,,2026-05-24
해상,Busan,아시아,Bangkok,2018,11,330.0,660.0,USD,,,,,2026-05-24
해상,Busan,아시아,Bangkok,2018,10,330.0,660.0,USD,,,,,2026-05-24
해상,Busan,아시아,Bangkok,2018,09,330.0,660.0,USD,,,,,2026-05-24
해상,Busan,아시아,Bangkok,2018,08,330.0,660.0,USD,,,,,2026-05-24
해상,Busan,아시아,Bangkok,2018,07,330.0,660.0,USD,,,,,2026-05-24
해상,Busan,아시아,Bangkok,2018,06,280.0,560.0,USD,,,,,2026-05-24
해상,Busan,아시아,Bangkok,2018,05,280.0,560.0,USD,,,,,2026-05-24
해상,Busan,아시아,Bangkok,2018,04,330.0,630.0,USD,,,,,2026-05-24
해상,Busan,아시아,Bangkok,2018,03,430.0,760.0,USD,,,,,2026-05-24
해상,Busan,아시아,Bangkok,2018,02,400.0,650.0,USD,,,,,2026-05-24
해상,Busan,아시아,Bangkok,2018,01,400.0,650.0,USD,,,,,2026-05-24
해상,Busan,아시아,Cebu,2026,05,570.0,1120.0,USD,,,,,2026-05-24
해상,Busan,아시아,Cebu,2026,04,850.0,1200.0,USD,,,,,2026-05-24
해상,Busan,아시아,Cebu,2026,03,600.0,1150.0,USD,,,,,2026-05-24
해상,Busan,아시아,Cebu,2026,02,650.0,1150.0,USD,,,,,2026-05-24
해상,Busan,아시아,Cebu,2026,01,500.0,950.0,USD,,,,,2026-05-24
해상,Busan,아시아,Cebu,2025,12,500.0,950.0,USD,,,,,2026-05-24
해상,Busan,아시아,Cebu,2025,11,550.0,950.0,USD,,,,,2026-05-24
해상,Busan,아시아,Cebu,2025,10,450.0,850.0,USD,,,,,2026-05-24
해상,Busan,아시아,Cebu,2025,09,350.0,700.0,USD,,,,,2026-05-24
해상,Busan,아시아,Cebu,2025,08,500.0,1000.0,USD,,,,,2026-05-24
해상,Busan,아시아,Cebu,2025,07,600.0,1200.0,USD,,,,,2026-05-24
해상,Busan,아시아,Cebu,2025,06,600.0,1000.0,USD,,,,,2026-05-24
해상,Busan,아시아,Cebu,2025,05,550.0,1100.0,USD,,,,,2026-05-24
해상,Busan,아시아,Cebu,2025,04,550.0,1100.0,USD,,,,,2026-05-24
해상,Busan,아시아,Cebu,2025,03,450.0,800.0,USD,,,,,2026-05-24
해상,Busan,아시아,Cebu,2025,01,450.0,800.0,USD,,,,,2026-05-24
해상,Busan,아시아,Cebu,2024,12,450.0,800.0,USD,,,,,2026-05-24
해상,Busan,아시아,Cebu,2024,11,460.0,920.0,USD,,,,,2026-05-24
해상,Busan,아시아,Cebu,2024,10,600.0,1000.0,USD,,,,,2026-05-24
해상,Busan,아시아,Cebu,2024,09,650.0,1200.0,USD,,,,,2026-05-24
해상,Busan,아시아,Cebu,2024,08,400.0,700.0,USD,,,,,2026-05-24
해상,Busan,아시아,Cebu,2024,07,658.0,1200.0,USD,,,,,2026-05-24
해상,Busan,아시아,Cebu,2024,06,600.0,1100.0,USD,,,,,2026-05-24
해상,Busan,아시아,Cebu,2024,05,600.0,1000.0,USD,,,,,2026-05-24
해상,Busan,아시아,Cebu,2024,04,500.0,900.0,USD,,,,,2026-05-24
해상,Busan,아시아,Cebu,2024,03,600.0,1100.0,USD,,,,,2026-05-24
해상,Busan,아시아,Cebu,2024,02,550.0,1100.0,USD,,,,,2026-05-24
해상,Busan,아시아,Cebu,2024,01,600.0,1100.0,USD,,,,,2026-05-24
해상,Busan,아시아,Cebu,2023,12,550.0,900.0,USD,,,,,2026-05-24
해상,Busan,아시아,Cebu,2023,11,550.0,850.0,USD,,,,,2026-05-24
해상,Busan,아시아,Cebu,2023,10,400.0,800.0,USD,,,,,2026-05-24
해상,Busan,아시아,Cebu,2023,09,500.0,800.0,USD,,,,,2026-05-24
해상,Busan,아시아,Cebu,2023,08,900.0,1700.0,USD,,,,,2026-05-24
해상,Busan,아시아,Cebu,2023,07,900.0,1700.0,USD,,,,,2026-05-24
해상,Busan,아시아,Cebu,2023,06,950.0,1700.0,USD,,,,,2026-05-24
해상,Busan,아시아,Cebu,2023,05,900.0,1600.0,USD,,,,,2026-05-24
해상,Busan,아시아,Cebu,2023,04,1050.0,1800.0,USD,,,,,2026-05-24
해상,Busan,아시아,Cebu,2023,03,1000.0,2000.0,USD,,,,,2026-05-24
해상,Busan,아시아,Cebu,2023,02,1062.0,1874.0,USD,,,,,2026-05-24
해상,Busan,아시아,Cebu,2023,01,1450.0,2700.0,USD,,,,,2026-05-24
해상,Busan,아시아,Cebu,2022,12,1150.0,1900.0,USD,,,,,2026-05-24
해상,Busan,아시아,Cebu,2022,11,1400.0,2200.0,USD,,,,,2026-05-24
해상,Busan,아시아,Cebu,2022,10,1400.0,2400.0,USD,,,,,2026-05-24
해상,Busan,아시아,Cebu,2022,09,1400.0,2400.0,USD,,,,,2026-05-24
해상,Busan,아시아,Cebu,2022,08,1400.0,2400.0,USD,,,,,2026-05-24
해상,Busan,아시아,Cebu,2022,07,1400.0,2400.0,USD,,,,,2026-05-24
해상,Busan,아시아,Cebu,2022,06,1400.0,2000.0,USD,,,,,2026-05-24
해상,Busan,아시아,Cebu,2022,05,1400.0,2000.0,USD,,,,,2026-05-24
해상,Busan,아시아,Cebu,2022,04,1400.0,2000.0,USD,,,,,2026-05-24
해상,Busan,아시아,Cebu,2022,03,1400.0,2600.0,USD,,,,,2026-05-24
해상,Busan,아시아,Cebu,2022,02,1300.0,2100.0,USD,,,,,2026-05-24
해상,Busan,아시아,Cebu,2022,01,1000.0,1500.0,USD,,,,,2026-05-24
해상,Busan,아시아,Cebu,2021,12,1000.0,1500.0,USD,,,,,2026-05-24
해상,Busan,아시아,Cebu,2021,11,900.0,1500.0,USD,,,,,2026-05-24
해상,Busan,아시아,Cebu,2021,10,900.0,1500.0,USD,,,,,2026-05-24
해상,Busan,아시아,Cebu,2021,09,800.0,1400.0,USD,,,,,2026-05-24
해상,Busan,아시아,Cebu,2021,08,800.0,1420.0,USD,,,,,2026-05-24
해상,Busan,아시아,Cebu,2021,07,890.0,1460.0,USD,,,,,2026-05-24
해상,Busan,아시아,Cebu,2021,06,890.0,1460.0,USD,,,,,2026-05-24
해상,Busan,아시아,Cebu,2021,05,1050.0,1550.0,USD,,,,,2026-05-24
해상,Busan,아시아,Cebu,2021,04,1050.0,1550.0,USD,,,,,2026-05-24
해상,Busan,아시아,Cebu,2021,03,900.0,1500.0,USD,,,,,2026-05-24
해상,Busan,아시아,Cebu,2021,02,900.0,1500.0,USD,,,,,2026-05-24
해상,Busan,아시아,Cebu,2021,01,900.0,1500.0,USD,,,,,2026-05-24
해상,Busan,아시아,Cebu,2020,12,0.0,0.0,USD,,,,,2026-05-24
해상,Busan,아시아,Cebu,2020,11,500.0,900.0,USD,,,,,2026-05-24
해상,Busan,아시아,Cebu,2020,10,500.0,900.0,USD,,,,,2026-05-24
해상,Busan,아시아,Cebu,2020,09,533.0,933.0,USD,,,,,2026-05-24
해상,Busan,아시아,Cebu,2020,08,500.0,900.0,USD,,,,,2026-05-24
해상,Busan,아시아,Cebu,2020,07,500.0,900.0,USD,,,,,2026-05-24
해상,Busan,아시아,Cebu,2020,06,500.0,900.0,USD,,,,,2026-05-24
해상,Busan,아시아,Cebu,2020,05,500.0,900.0,USD,,,,,2026-05-24
해상,Busan,아시아,Cebu,2020,04,500.0,850.0,USD,,,,,2026-05-24
해상,Busan,아시아,Cebu,2020,03,500.0,850.0,USD,,,,,2026-05-24
해상,Busan,아시아,Cebu,2020,02,500.0,850.0,USD,,,,,2026-05-24
해상,Busan,아시아,Cebu,2020,01,500.0,850.0,USD,,,,,2026-05-24
해상,Busan,아시아,Cebu,2019,12,500.0,850.0,USD,,,,,2026-05-24
해상,Busan,아시아,Cebu,2019,11,570.0,990.0,USD,,,,,2026-05-24
해상,Busan,아시아,Cebu,2019,10,500.0,850.0,USD,,,,,2026-05-24
해상,Busan,아시아,Cebu,2019,09,500.0,850.0,USD,,,,,2026-05-24
해상,Busan,아시아,Cebu,2019,08,500.0,850.0,USD,,,,,2026-05-24
해상,Busan,아시아,Cebu,2019,07,500.0,850.0,USD,,,,,2026-05-24
해상,Busan,아시아,Cebu,2019,06,500.0,850.0,USD,,,,,2026-05-24
해상,Busan,아시아,Cebu,2019,05,500.0,850.0,USD,,,,,2026-05-24
해상,Busan,아시아,Cebu,2019,04,500.0,850.0,USD,,,,,2026-05-24
해상,Busan,아시아,Cebu,2019,03,500.0,850.0,USD,,,,,2026-05-24
해상,Busan,아시아,Cebu,2019,02,500.0,850.0,USD,,,,,2026-05-24
해상,Busan,아시아,Cebu,2019,01,500.0,850.0,USD,,,,,2026-05-24
해상,Busan,아시아,Cebu,2018,12,500.0,850.0,USD,,,,,2026-05-24
해상,Busan,아시아,Cebu,2018,11,500.0,850.0,USD,,,,,2026-05-24
해상,Busan,아시아,Cebu,2018,10,500.0,850.0,USD,,,,,2026-05-24
해상,Busan,아시아,Cebu,2018,08,500.0,850.0,USD,,,,,2026-05-24
해상,Busan,아시아,Cebu,2018,07,500.0,850.0,USD,,,,,2026-05-24
해상,Busan,아시아,Cebu,2018,06,450.0,750.0,USD,,,,,2026-05-24
해상,Busan,아시아,Cebu,2018,05,450.0,750.0,USD,,,,,2026-05-24
해상,Busan,아시아,Cebu,2018,04,450.0,750.0,USD,,,,,2026-05-24
해상,Busan,아시아,Cebu,2018,03,450.0,750.0,USD,,,,,2026-05-24
해상,Busan,아시아,Cebu,2018,02,350.0,550.0,USD,,,,,2026-05-24
해상,Busan,아시아,Cebu,2018,01,350.0,550.0,USD,,,,,2026-05-24
해상,Busan,아시아,Cebu,2017,12,350.0,550.0,USD,,,,,2026-05-24
해상,Busan,아시아,Haiphong,2026,05,250.0,500.0,USD,,,,,2026-05-24
해상,Busan,아시아,Haiphong,2026,04,400.0,600.0,USD,,,,,2026-05-24
해상,Busan,아시아,Haiphong,2026,03,250.0,450.0,USD,,,,,2026-05-24
해상,Busan,아시아,Haiphong,2026,02,200.0,400.0,USD,,,,,2026-05-24
해상,Busan,아시아,Haiphong,2026,01,250.0,500.0,USD,,,,,2026-05-24
해상,Busan,아시아,Haiphong,2025,12,250.0,500.0,USD,,,,,2026-05-24
해상,Busan,아시아,Haiphong,2025,11,250.0,450.0,USD,,,,,2026-05-24
해상,Busan,아시아,Haiphong,2025,10,250.0,450.0,USD,,,,,2026-05-24
해상,Busan,아시아,Haiphong,2025,09,200.0,400.0,USD,,,,,2026-05-24
해상,Busan,아시아,Haiphong,2025,08,300.0,550.0,USD,,,,,2026-05-24
해상,Busan,아시아,Haiphong,2025,07,400.0,800.0,USD,,,,,2026-05-24
해상,Busan,아시아,Haiphong,2025,06,400.0,750.0,USD,,,,,2026-05-24
해상,Busan,아시아,Haiphong,2025,05,400.0,750.0,USD,,,,,2026-05-24
해상,Busan,아시아,Haiphong,2025,04,500.0,900.0,USD,,,,,2026-05-24
해상,Busan,아시아,Haiphong,2025,03,400.0,700.0,USD,,,,,2026-05-24
해상,Busan,아시아,Haiphong,2025,01,550.0,950.0,USD,,,,,2026-05-24
해상,Busan,아시아,Haiphong,2024,12,550.0,950.0,USD,,,,,2026-05-24
해상,Busan,아시아,Haiphong,2024,11,550.0,900.0,USD,,,,,2026-05-24
해상,Busan,아시아,Haiphong,2024,10,400.0,600.0,USD,,,,,2026-05-24
해상,Busan,아시아,Haiphong,2024,09,500.0,900.0,USD,,,,,2026-05-24
해상,Busan,아시아,Haiphong,2024,08,600.0,950.0,USD,,,,,2026-05-24
해상,Busan,아시아,Haiphong,2024,07,600.0,1100.0,USD,,,,,2026-05-24
해상,Busan,아시아,Haiphong,2024,06,500.0,850.0,USD,,,,,2026-05-24
해상,Busan,아시아,Haiphong,2024,05,300.0,600.0,USD,,,,,2026-05-24
해상,Busan,아시아,Haiphong,2024,04,200.0,300.0,USD,,,,,2026-05-24
해상,Busan,아시아,Haiphong,2024,03,150.0,250.0,USD,,,,,2026-05-24
해상,Busan,아시아,Haiphong,2024,02,130.0,210.0,USD,,,,,2026-05-24
해상,Busan,아시아,Haiphong,2024,01,100.0,200.0,USD,,,,,2026-05-24
해상,Busan,아시아,Haiphong,2023,12,50.0,100.0,USD,,,,,2026-05-24
해상,Busan,아시아,Haiphong,2023,11,50.0,100.0,USD,,,,,2026-05-24
해상,Busan,아시아,Haiphong,2023,10,30.0,60.0,USD,,,,,2026-05-24
해상,Busan,아시아,Haiphong,2023,09,30.0,60.0,USD,,,,,2026-05-24
해상,Busan,아시아,Haiphong,2023,08,50.0,150.0,USD,,,,,2026-05-24
해상,Busan,아시아,Haiphong,2023,07,80.0,150.0,USD,,,,,2026-05-24
해상,Busan,아시아,Haiphong,2023,06,100.0,160.0,USD,,,,,2026-05-24
해상,Busan,아시아,Haiphong,2023,05,100.0,200.0,USD,,,,,2026-05-24
해상,Busan,아시아,Haiphong,2023,04,150.0,300.0,USD,,,,,2026-05-24
해상,Busan,아시아,Haiphong,2023,03,300.0,500.0,USD,,,,,2026-05-24
해상,Busan,아시아,Haiphong,2023,02,450.0,600.0,USD,,,,,2026-05-24
해상,Busan,아시아,Haiphong,2023,01,450.0,550.0,USD,,,,,2026-05-24
해상,Busan,아시아,Haiphong,2022,12,700.0,1000.0,USD,,,,,2026-05-24
해상,Busan,아시아,Haiphong,2022,11,800.0,1100.0,USD,,,,,2026-05-24
해상,Busan,아시아,Haiphong,2022,10,800.0,1200.0,USD,,,,,2026-05-24
해상,Busan,아시아,Haiphong,2022,09,800.0,1200.0,USD,,,,,2026-05-24
해상,Busan,아시아,Haiphong,2022,08,800.0,1300.0,USD,,,,,2026-05-24
해상,Busan,아시아,Haiphong,2022,07,800.0,1200.0,USD,,,,,2026-05-24
해상,Busan,아시아,Haiphong,2022,06,800.0,1200.0,USD,,,,,2026-05-24
해상,Busan,아시아,Haiphong,2022,05,900.0,1400.0,USD,,,,,2026-05-24
해상,Busan,아시아,Haiphong,2022,04,900.0,1400.0,USD,,,,,2026-05-24
해상,Busan,아시아,Haiphong,2022,03,800.0,1300.0,USD,,,,,2026-05-24
해상,Busan,아시아,Haiphong,2022,02,800.0,1300.0,USD,,,,,2026-05-24
해상,Busan,아시아,Haiphong,2022,01,600.0,950.0,USD,,,,,2026-05-24
해상,Busan,아시아,Haiphong,2021,12,600.0,950.0,USD,,,,,2026-05-24
해상,Busan,아시아,Haiphong,2021,11,500.0,900.0,USD,,,,,2026-05-24
해상,Busan,아시아,Haiphong,2021,10,500.0,900.0,USD,,,,,2026-05-24
해상,Busan,아시아,Haiphong,2021,09,450.0,800.0,USD,,,,,2026-05-24
해상,Busan,아시아,Haiphong,2021,08,400.0,800.0,USD,,,,,2026-05-24
해상,Busan,아시아,Haiphong,2021,07,290.0,530.0,USD,,,,,2026-05-24
해상,Busan,아시아,Haiphong,2021,06,290.0,530.0,USD,,,,,2026-05-24
해상,Busan,아시아,Haiphong,2021,05,450.0,700.0,USD,,,,,2026-05-24
해상,Busan,아시아,Haiphong,2021,04,450.0,700.0,USD,,,,,2026-05-24
해상,Busan,아시아,Haiphong,2021,03,300.0,500.0,USD,,,,,2026-05-24
해상,Busan,아시아,Haiphong,2021,02,300.0,500.0,USD,,,,,2026-05-24
해상,Busan,아시아,Haiphong,2021,01,300.0,500.0,USD,,,,,2026-05-24
해상,Busan,아시아,Haiphong,2020,12,300.0,500.0,USD,,,,,2026-05-24
해상,Busan,아시아,Haiphong,2020,11,200.0,400.0,USD,,,,,2026-05-24
해상,Busan,아시아,Haiphong,2020,10,150.0,300.0,USD,,,,,2026-05-24
해상,Busan,아시아,Haiphong,2020,09,130.0,260.0,USD,,,,,2026-05-24
해상,Busan,아시아,Haiphong,2020,08,150.0,300.0,USD,,,,,2026-05-24
해상,Busan,아시아,Haiphong,2020,07,180.0,360.0,USD,,,,,2026-05-24
해상,Busan,아시아,Haiphong,2020,06,200.0,400.0,USD,,,,,2026-05-24
해상,Busan,아시아,Haiphong,2020,05,200.0,400.0,USD,,,,,2026-05-24
해상,Busan,아시아,Haiphong,2020,04,200.0,400.0,USD,,,,,2026-05-24
해상,Busan,아시아,Haiphong,2020,03,200.0,400.0,USD,,,,,2026-05-24
해상,Busan,아시아,Haiphong,2020,02,200.0,400.0,USD,,,,,2026-05-24
해상,Busan,아시아,Haiphong,2020,01,200.0,400.0,USD,,,,,2026-05-24
해상,Busan,아시아,Haiphong,2019,12,230.0,460.0,USD,,,,,2026-05-24
해상,Busan,아시아,Haiphong,2019,11,190.0,380.0,USD,,,,,2026-05-24
해상,Busan,아시아,Haiphong,2019,10,150.0,240.0,USD,,,,,2026-05-24
해상,Busan,아시아,Haiphong,2019,09,150.0,300.0,USD,,,,,2026-05-24
해상,Busan,아시아,Haiphong,2019,08,150.0,300.0,USD,,,,,2026-05-24
해상,Busan,아시아,Haiphong,2019,07,300.0,600.0,USD,,,,,2026-05-24
해상,Busan,아시아,Haiphong,2019,06,300.0,600.0,USD,,,,,2026-05-24
해상,Busan,아시아,Haiphong,2019,05,300.0,600.0,USD,,,,,2026-05-24
해상,Busan,아시아,Haiphong,2019,04,300.0,600.0,USD,,,,,2026-05-24
해상,Busan,아시아,Haiphong,2019,03,330.0,660.0,USD,,,,,2026-05-24
해상,Busan,아시아,Haiphong,2019,02,330.0,660.0,USD,,,,,2026-05-24
해상,Busan,아시아,Haiphong,2019,01,330.0,660.0,USD,,,,,2026-05-24
해상,Busan,아시아,Haiphong,2018,12,330.0,660.0,USD,,,,,2026-05-24
해상,Busan,아시아,Haiphong,2018,11,330.0,660.0,USD,,,,,2026-05-24
해상,Busan,아시아,Haiphong,2018,10,330.0,660.0,USD,,,,,2026-05-24
해상,Busan,아시아,Haiphong,2018,09,330.0,660.0,USD,,,,,2026-05-24
해상,Busan,아시아,Haiphong,2018,08,330.0,660.0,USD,,,,,2026-05-24
해상,Busan,아시아,Haiphong,2018,07,330.0,660.0,USD,,,,,2026-05-24
해상,Busan,아시아,Haiphong,2018,06,280.0,560.0,USD,,,,,2026-05-24
해상,Busan,아시아,Haiphong,2018,05,280.0,560.0,USD,,,,,2026-05-24
해상,Busan,아시아,Haiphong,2018,04,330.0,630.0,USD,,,,,2026-05-24
해상,Busan,아시아,Haiphong,2018,03,300.0,600.0,USD,,,,,2026-05-24
해상,Busan,아시아,Haiphong,2018,02,330.0,550.0,USD,,,,,2026-05-24
해상,Busan,아시아,Haiphong,2018,01,330.0,550.0,USD,,,,,2026-05-24
해상,Busan,아시아,Hochiminh,2026,05,450.0,850.0,USD,,,,,2026-05-24
해상,Busan,아시아,Hochiminh,2026,04,650.0,950.0,USD,,,,,2026-05-24
해상,Busan,아시아,Hochiminh,2026,03,350.0,700.0,USD,,,,,2026-05-24
해상,Busan,아시아,Hochiminh,2026,02,400.0,700.0,USD,,,,,2026-05-24
해상,Busan,아시아,Hochiminh,2026,01,400.0,800.0,USD,,,,,2026-05-24
해상,Busan,아시아,Hochiminh,2025,12,350.0,700.0,USD,,,,,2026-05-24
해상,Busan,아시아,Hochiminh,2025,11,350.0,700.0,USD,,,,,2026-05-24
해상,Busan,아시아,Hochiminh,2025,10,350.0,650.0,USD,,,,,2026-05-24
해상,Busan,아시아,Hochiminh,2025,09,300.0,550.0,USD,,,,,2026-05-24
해상,Busan,아시아,Hochiminh,2025,08,400.0,700.0,USD,,,,,2026-05-24
해상,Busan,아시아,Hochiminh,2025,07,500.0,1000.0,USD,,,,,2026-05-24
해상,Busan,아시아,Hochiminh,2025,06,500.0,900.0,USD,,,,,2026-05-24
해상,Busan,아시아,Hochiminh,2025,05,500.0,900.0,USD,,,,,2026-05-24
해상,Busan,아시아,Hochiminh,2025,04,500.0,900.0,USD,,,,,2026-05-24
해상,Busan,아시아,Hochiminh,2025,03,500.0,900.0,USD,,,,,2026-05-24
해상,Busan,아시아,Hochiminh,2025,01,600.0,950.0,USD,,,,,2026-05-24
해상,Busan,아시아,Hochiminh,2024,12,600.0,950.0,USD,,,,,2026-05-24
해상,Busan,아시아,Hochiminh,2024,11,550.0,1000.0,USD,,,,,2026-05-24
해상,Busan,아시아,Hochiminh,2024,10,500.0,700.0,USD,,,,,2026-05-24
해상,Busan,아시아,Hochiminh,2024,09,600.0,1100.0,USD,,,,,2026-05-24
해상,Busan,아시아,Hochiminh,2024,08,650.0,1100.0,USD,,,,,2026-05-24
해상,Busan,아시아,Hochiminh,2024,07,600.0,1100.0,USD,,,,,2026-05-24
해상,Busan,아시아,Hochiminh,2024,06,500.0,900.0,USD,,,,,2026-05-24
해상,Busan,아시아,Hochiminh,2024,05,300.0,600.0,USD,,,,,2026-05-24
해상,Busan,아시아,Hochiminh,2024,04,200.0,300.0,USD,,,,,2026-05-24
해상,Busan,아시아,Hochiminh,2024,03,150.0,250.0,USD,,,,,2026-05-24
해상,Busan,아시아,Hochiminh,2024,02,150.0,250.0,USD,,,,,2026-05-24
해상,Busan,아시아,Hochiminh,2024,01,80.0,120.0,USD,,,,,2026-05-24
해상,Busan,아시아,Hochiminh,2023,12,50.0,100.0,USD,,,,,2026-05-24
해상,Busan,아시아,Hochiminh,2023,11,50.0,100.0,USD,,,,,2026-05-24
해상,Busan,아시아,Hochiminh,2023,10,20.0,40.0,USD,,,,,2026-05-24
해상,Busan,아시아,Hochiminh,2023,09,30.0,60.0,USD,,,,,2026-05-24
해상,Busan,아시아,Hochiminh,2023,08,50.0,150.0,USD,,,,,2026-05-24
해상,Busan,아시아,Hochiminh,2023,07,80.0,150.0,USD,,,,,2026-05-24
해상,Busan,아시아,Hochiminh,2023,06,100.0,200.0,USD,,,,,2026-05-24
해상,Busan,아시아,Hochiminh,2023,05,100.0,200.0,USD,,,,,2026-05-24
해상,Busan,아시아,Hochiminh,2023,04,150.0,300.0,USD,,,,,2026-05-24
해상,Busan,아시아,Hochiminh,2023,03,300.0,500.0,USD,,,,,2026-05-24
해상,Busan,아시아,Hochiminh,2023,02,450.0,700.0,USD,,,,,2026-05-24
해상,Busan,아시아,Hochiminh,2023,01,450.0,850.0,USD,,,,,2026-05-24
해상,Busan,아시아,Hochiminh,2022,12,600.0,1650.0,USD,,,,,2026-05-24
해상,Busan,아시아,Hochiminh,2022,11,700.0,1000.0,USD,,,,,2026-05-24
해상,Busan,아시아,Hochiminh,2022,10,800.0,1200.0,USD,,,,,2026-05-24
해상,Busan,아시아,Hochiminh,2022,09,800.0,1200.0,USD,,,,,2026-05-24
해상,Busan,아시아,Hochiminh,2022,08,900.0,1300.0,USD,,,,,2026-05-24
해상,Busan,아시아,Hochiminh,2022,07,900.0,1300.0,USD,,,,,2026-05-24
해상,Busan,아시아,Hochiminh,2022,06,900.0,1300.0,USD,,,,,2026-05-24
해상,Busan,아시아,Hochiminh,2022,05,950.0,1500.0,USD,,,,,2026-05-24
해상,Busan,아시아,Hochiminh,2022,04,950.0,1500.0,USD,,,,,2026-05-24
해상,Busan,아시아,Hochiminh,2022,03,950.0,1500.0,USD,,,,,2026-05-24
해상,Busan,아시아,Hochiminh,2022,02,950.0,1500.0,USD,,,,,2026-05-24
해상,Busan,아시아,Hochiminh,2022,01,800.0,1400.0,USD,,,,,2026-05-24
해상,Busan,아시아,Hochiminh,2021,12,800.0,1400.0,USD,,,,,2026-05-24
해상,Busan,아시아,Hochiminh,2021,11,800.0,1400.0,USD,,,,,2026-05-24
해상,Busan,아시아,Hochiminh,2021,10,800.0,1400.0,USD,,,,,2026-05-24
해상,Busan,아시아,Hochiminh,2021,09,700.0,1200.0,USD,,,,,2026-05-24
해상,Busan,아시아,Hochiminh,2021,08,750.0,1200.0,USD,,,,,2026-05-24
해상,Busan,아시아,Hochiminh,2021,07,700.0,1200.0,USD,,,,,2026-05-24
해상,Busan,아시아,Hochiminh,2021,06,700.0,1200.0,USD,,,,,2026-05-24
해상,Busan,아시아,Hochiminh,2021,05,700.0,1200.0,USD,,,,,2026-05-24
해상,Busan,아시아,Hochiminh,2021,04,900.0,1400.0,USD,,,,,2026-05-24
해상,Busan,아시아,Hochiminh,2021,03,700.0,1200.0,USD,,,,,2026-05-24
해상,Busan,아시아,Hochiminh,2021,02,700.0,1200.0,USD,,,,,2026-05-24
해상,Busan,아시아,Hochiminh,2021,01,700.0,1200.0,USD,,,,,2026-05-24
해상,Busan,아시아,Hochiminh,2020,12,850.0,1600.0,USD,,,,,2026-05-24
해상,Busan,아시아,Hochiminh,2020,11,300.0,600.0,USD,,,,,2026-05-24
해상,Busan,아시아,Hochiminh,2020,10,200.0,400.0,USD,,,,,2026-05-24
해상,Busan,아시아,Hochiminh,2020,09,162.0,325.0,USD,,,,,2026-05-24
해상,Busan,아시아,Hochiminh,2020,08,200.0,400.0,USD,,,,,2026-05-24
해상,Busan,아시아,Hochiminh,2020,07,230.0,460.0,USD,,,,,2026-05-24
해상,Busan,아시아,Hochiminh,2020,06,250.0,500.0,USD,,,,,2026-05-24
해상,Busan,아시아,Hochiminh,2020,05,250.0,500.0,USD,,,,,2026-05-24
해상,Busan,아시아,Hochiminh,2020,04,250.0,500.0,USD,,,,,2026-05-24
해상,Busan,아시아,Hochiminh,2020,03,250.0,500.0,USD,,,,,2026-05-24
해상,Busan,아시아,Hochiminh,2020,02,250.0,500.0,USD,,,,,2026-05-24
해상,Busan,아시아,Hochiminh,2020,01,250.0,500.0,USD,,,,,2026-05-24
해상,Busan,아시아,Hochiminh,2019,12,280.0,560.0,USD,,,,,2026-05-24
해상,Busan,아시아,Hochiminh,2019,11,220.0,440.0,USD,,,,,2026-05-24
해상,Busan,아시아,Hochiminh,2019,10,150.0,300.0,USD,,,,,2026-05-24
해상,Busan,아시아,Hochiminh,2019,09,200.0,400.0,USD,,,,,2026-05-24
해상,Busan,아시아,Hochiminh,2019,08,200.0,400.0,USD,,,,,2026-05-24
해상,Busan,아시아,Hochiminh,2019,07,300.0,600.0,USD,,,,,2026-05-24
해상,Busan,아시아,Hochiminh,2019,06,300.0,600.0,USD,,,,,2026-05-24
해상,Busan,아시아,Hochiminh,2019,05,300.0,600.0,USD,,,,,2026-05-24
해상,Busan,아시아,Hochiminh,2019,04,300.0,600.0,USD,,,,,2026-05-24
해상,Busan,아시아,Hochiminh,2019,03,330.0,660.0,USD,,,,,2026-05-24
해상,Busan,아시아,Hochiminh,2019,02,330.0,660.0,USD,,,,,2026-05-24
해상,Busan,아시아,Hochiminh,2019,01,330.0,660.0,USD,,,,,2026-05-24
해상,Busan,아시아,Hochiminh,2018,12,330.0,660.0,USD,,,,,2026-05-24
해상,Busan,아시아,Hochiminh,2018,11,330.0,660.0,USD,,,,,2026-05-24
해상,Busan,아시아,Hochiminh,2018,10,330.0,660.0,USD,,,,,2026-05-24
해상,Busan,아시아,Hochiminh,2018,09,330.0,660.0,USD,,,,,2026-05-24
해상,Busan,아시아,Hochiminh,2018,08,330.0,660.0,USD,,,,,2026-05-24
해상,Busan,아시아,Hochiminh,2018,07,330.0,660.0,USD,,,,,2026-05-24
해상,Busan,아시아,Hochiminh,2018,06,280.0,560.0,USD,,,,,2026-05-24
해상,Busan,아시아,Hochiminh,2018,05,280.0,560.0,USD,,,,,2026-05-24
해상,Busan,아시아,Hochiminh,2018,04,330.0,630.0,USD,,,,,2026-05-24
해상,Busan,아시아,Hochiminh,2018,03,300.0,600.0,USD,,,,,2026-05-24
해상,Busan,아시아,Hochiminh,2018,02,330.0,550.0,USD,,,,,2026-05-24
해상,Busan,아시아,Hochiminh,2018,01,330.0,550.0,USD,,,,,2026-05-24
해상,Busan,아시아,Jakarta,2026,05,550.0,900.0,USD,,,,,2026-05-24
해상,Busan,아시아,Jakarta,2026,04,650.0,950.0,USD,,,,,2026-05-24
해상,Busan,아시아,Jakarta,2026,03,500.0,750.0,USD,,,,,2026-05-24
해상,Busan,아시아,Jakarta,2026,02,450.0,750.0,USD,,,,,2026-05-24
해상,Busan,아시아,Jakarta,2026,01,500.0,850.0,USD,,,,,2026-05-24
해상,Busan,아시아,Jakarta,2025,12,550.0,850.0,USD,,,,,2026-05-24
해상,Busan,아시아,Jakarta,2025,11,500.0,850.0,USD,,,,,2026-05-24
해상,Busan,아시아,Jakarta,2025,10,500.0,850.0,USD,,,,,2026-05-24
해상,Busan,아시아,Jakarta,2025,09,450.0,700.0,USD,,,,,2026-05-24
해상,Busan,아시아,Jakarta,2025,08,550.0,1000.0,USD,,,,,2026-05-24
해상,Busan,아시아,Jakarta,2025,07,700.0,1300.0,USD,,,,,2026-05-24
해상,Busan,아시아,Jakarta,2025,06,650.0,1200.0,USD,,,,,2026-05-24
해상,Busan,아시아,Jakarta,2025,05,700.0,1300.0,USD,,,,,2026-05-24
해상,Busan,아시아,Jakarta,2025,04,700.0,1200.0,USD,,,,,2026-05-24
해상,Busan,아시아,Jakarta,2025,03,650.0,1100.0,USD,,,,,2026-05-24
해상,Busan,아시아,Jakarta,2025,01,850.0,1100.0,USD,,,,,2026-05-24
해상,Busan,아시아,Jakarta,2024,12,850.0,1100.0,USD,,,,,2026-05-24
해상,Busan,아시아,Jakarta,2024,11,650.0,1150.0,USD,,,,,2026-05-24
해상,Busan,아시아,Jakarta,2024,10,550.0,1100.0,USD,,,,,2026-05-24
해상,Busan,아시아,Jakarta,2024,09,800.0,1600.0,USD,,,,,2026-05-24
해상,Busan,아시아,Jakarta,2024,08,750.0,1400.0,USD,,,,,2026-05-24
해상,Busan,아시아,Jakarta,2024,07,1100.0,1800.0,USD,,,,,2026-05-24
해상,Busan,아시아,Jakarta,2024,06,700.0,1200.0,USD,,,,,2026-05-24
해상,Busan,아시아,Jakarta,2024,05,300.0,500.0,USD,,,,,2026-05-24
해상,Busan,아시아,Jakarta,2024,04,300.0,500.0,USD,,,,,2026-05-24
해상,Busan,아시아,Jakarta,2024,03,300.0,500.0,USD,,,,,2026-05-24
해상,Busan,아시아,Jakarta,2024,02,300.0,450.0,USD,,,,,2026-05-24
해상,Busan,아시아,Jakarta,2024,01,200.0,400.0,USD,,,,,2026-05-24
해상,Busan,아시아,Jakarta,2023,12,150.0,200.0,USD,,,,,2026-05-24
해상,Busan,아시아,Jakarta,2023,11,150.0,250.0,USD,,,,,2026-05-24
해상,Busan,아시아,Jakarta,2023,10,150.0,200.0,USD,,,,,2026-05-24
해상,Busan,아시아,Jakarta,2023,09,140.0,200.0,USD,,,,,2026-05-24
해상,Busan,아시아,Jakarta,2023,08,300.0,650.0,USD,,,,,2026-05-24
해상,Busan,아시아,Jakarta,2023,07,300.0,650.0,USD,,,,,2026-05-24
해상,Busan,아시아,Jakarta,2023,06,300.0,700.0,USD,,,,,2026-05-24
해상,Busan,아시아,Jakarta,2023,05,450.0,700.0,USD,,,,,2026-05-24
해상,Busan,아시아,Jakarta,2023,04,600.0,1000.0,USD,,,,,2026-05-24
해상,Busan,아시아,Jakarta,2023,03,650.0,1100.0,USD,,,,,2026-05-24
해상,Busan,아시아,Jakarta,2023,02,900.0,1500.0,USD,,,,,2026-05-24
해상,Busan,아시아,Jakarta,2023,01,1000.0,1550.0,USD,,,,,2026-05-24
해상,Busan,아시아,Jakarta,2022,12,1100.0,1700.0,USD,,,,,2026-05-24
해상,Busan,아시아,Jakarta,2022,11,1200.0,1650.0,USD,,,,,2026-05-24
해상,Busan,아시아,Jakarta,2022,10,1300.0,2000.0,USD,,,,,2026-05-24
해상,Busan,아시아,Jakarta,2022,09,1300.0,2000.0,USD,,,,,2026-05-24
해상,Busan,아시아,Jakarta,2022,08,1400.0,2100.0,USD,,,,,2026-05-24
해상,Busan,아시아,Jakarta,2022,07,1400.0,2000.0,USD,,,,,2026-05-24
해상,Busan,아시아,Jakarta,2022,06,1400.0,2000.0,USD,,,,,2026-05-24
해상,Busan,아시아,Jakarta,2022,05,1400.0,2000.0,USD,,,,,2026-05-24
해상,Busan,아시아,Jakarta,2022,04,1400.0,2000.0,USD,,,,,2026-05-24
해상,Busan,아시아,Jakarta,2022,03,1500.0,2100.0,USD,,,,,2026-05-24
해상,Busan,아시아,Jakarta,2022,02,1500.0,2100.0,USD,,,,,2026-05-24
해상,Busan,아시아,Jakarta,2022,01,1000.0,1500.0,USD,,,,,2026-05-24
해상,Busan,아시아,Jakarta,2021,12,1000.0,1500.0,USD,,,,,2026-05-24
해상,Busan,아시아,Jakarta,2021,11,900.0,1500.0,USD,,,,,2026-05-24
해상,Busan,아시아,Jakarta,2021,10,900.0,1500.0,USD,,,,,2026-05-24
해상,Busan,아시아,Jakarta,2021,09,800.0,1300.0,USD,,,,,2026-05-24
해상,Busan,아시아,Jakarta,2021,08,750.0,1300.0,USD,,,,,2026-05-24
해상,Busan,아시아,Jakarta,2021,07,850.0,1400.0,USD,,,,,2026-05-24
해상,Busan,아시아,Jakarta,2021,06,850.0,1400.0,USD,,,,,2026-05-24
해상,Busan,아시아,Jakarta,2021,05,900.0,1500.0,USD,,,,,2026-05-24
해상,Busan,아시아,Jakarta,2021,04,900.0,1500.0,USD,,,,,2026-05-24
해상,Busan,아시아,Jakarta,2021,03,850.0,1450.0,USD,,,,,2026-05-24
해상,Busan,아시아,Jakarta,2021,02,850.0,1450.0,USD,,,,,2026-05-24
해상,Busan,아시아,Jakarta,2021,01,850.0,1450.0,USD,,,,,2026-05-24
해상,Busan,아시아,Jakarta,2020,12,750.0,1250.0,USD,,,,,2026-05-24
해상,Busan,아시아,Jakarta,2020,11,400.0,700.0,USD,,,,,2026-05-24
해상,Busan,아시아,Jakarta,2020,10,350.0,525.0,USD,,,,,2026-05-24
해상,Busan,아시아,Jakarta,2020,09,300.0,487.0,USD,,,,,2026-05-24
해상,Busan,아시아,Jakarta,2020,08,300.0,500.0,USD,,,,,2026-05-24
해상,Busan,아시아,Jakarta,2020,07,380.0,760.0,USD,,,,,2026-05-24
해상,Busan,아시아,Jakarta,2020,06,400.0,800.0,USD,,,,,2026-05-24
해상,Busan,아시아,Jakarta,2020,05,400.0,800.0,USD,,,,,2026-05-24
해상,Busan,아시아,Jakarta,2020,04,350.0,650.0,USD,,,,,2026-05-24
해상,Busan,아시아,Jakarta,2020,03,350.0,650.0,USD,,,,,2026-05-24
해상,Busan,아시아,Jakarta,2020,02,350.0,650.0,USD,,,,,2026-05-24
해상,Busan,아시아,Jakarta,2020,01,350.0,650.0,USD,,,,,2026-05-24
해상,Busan,아시아,Jakarta,2019,12,400.0,600.0,USD,,,,,2026-05-24
해상,Busan,아시아,Jakarta,2019,11,520.0,1040.0,USD,,,,,2026-05-24
해상,Busan,아시아,Jakarta,2019,10,300.0,600.0,USD,,,,,2026-05-24
해상,Busan,아시아,Jakarta,2019,09,500.0,900.0,USD,,,,,2026-05-24
해상,Busan,아시아,Jakarta,2019,08,500.0,900.0,USD,,,,,2026-05-24
해상,Busan,아시아,Jakarta,2019,07,500.0,900.0,USD,,,,,2026-05-24
해상,Busan,아시아,Jakarta,2019,06,500.0,900.0,USD,,,,,2026-05-24
해상,Busan,아시아,Jakarta,2019,05,500.0,900.0,USD,,,,,2026-05-24
해상,Busan,아시아,Jakarta,2019,04,500.0,900.0,USD,,,,,2026-05-24
해상,Busan,아시아,Jakarta,2019,03,480.0,860.0,USD,,,,,2026-05-24
해상,Busan,아시아,Jakarta,2019,02,480.0,860.0,USD,,,,,2026-05-24
해상,Busan,아시아,Jakarta,2019,01,480.0,860.0,USD,,,,,2026-05-24
해상,Busan,아시아,Jakarta,2018,12,480.0,860.0,USD,,,,,2026-05-24
해상,Busan,아시아,Jakarta,2018,11,480.0,860.0,USD,,,,,2026-05-24
해상,Busan,아시아,Jakarta,2018,10,480.0,860.0,USD,,,,,2026-05-24
해상,Busan,아시아,Jakarta,2018,09,480.0,860.0,USD,,,,,2026-05-24
해상,Busan,아시아,Jakarta,2018,08,480.0,860.0,USD,,,,,2026-05-24
해상,Busan,아시아,Jakarta,2018,07,480.0,860.0,USD,,,,,2026-05-24
해상,Busan,아시아,Jakarta,2018,06,430.0,760.0,USD,,,,,2026-05-24
해상,Busan,아시아,Jakarta,2018,05,430.0,760.0,USD,,,,,2026-05-24
해상,Busan,아시아,Jakarta,2018,04,430.0,760.0,USD,,,,,2026-05-24
해상,Busan,아시아,Jakarta,2018,03,430.0,760.0,USD,,,,,2026-05-24
해상,Busan,아시아,Jakarta,2018,02,400.0,700.0,USD,,,,,2026-05-24
해상,Busan,아시아,Jakarta,2018,01,400.0,700.0,USD,,,,,2026-05-24
해상,Busan,아시아,Kaoshiung,2026,05,200.0,400.0,USD,,,,,2026-05-24
해상,Busan,아시아,Kaoshiung,2026,04,400.0,600.0,USD,,,,,2026-05-24
해상,Busan,아시아,Kaoshiung,2026,03,250.0,400.0,USD,,,,,2026-05-24
해상,Busan,아시아,Kaoshiung,2026,02,250.0,400.0,USD,,,,,2026-05-24
해상,Busan,아시아,Kaoshiung,2026,01,200.0,350.0,USD,,,,,2026-05-24
해상,Busan,아시아,Kaoshiung,2025,12,200.0,350.0,USD,,,,,2026-05-24
해상,Busan,아시아,Kaoshiung,2025,11,250.0,350.0,USD,,,,,2026-05-24
해상,Busan,아시아,Kaoshiung,2025,10,250.0,350.0,USD,,,,,2026-05-24
해상,Busan,아시아,Kaoshiung,2025,09,200.0,350.0,USD,,,,,2026-05-24
해상,Busan,아시아,Kaoshiung,2025,08,200.0,380.0,USD,,,,,2026-05-24
해상,Busan,아시아,Kaoshiung,2025,07,300.0,500.0,USD,,,,,2026-05-24
해상,Busan,아시아,Kaoshiung,2025,06,250.0,400.0,USD,,,,,2026-05-24
해상,Busan,아시아,Kaoshiung,2025,05,250.0,400.0,USD,,,,,2026-05-24
해상,Busan,아시아,Kaoshiung,2025,04,250.0,500.0,USD,,,,,2026-05-24
해상,Busan,아시아,Kaoshiung,2025,03,250.0,350.0,USD,,,,,2026-05-24
해상,Busan,아시아,Kaoshiung,2025,01,370.0,500.0,USD,,,,,2026-05-24
해상,Busan,아시아,Kaoshiung,2024,12,370.0,500.0,USD,,,,,2026-05-24
해상,Busan,아시아,Kaoshiung,2024,11,250.0,500.0,USD,,,,,2026-05-24
해상,Busan,아시아,Kaoshiung,2024,10,250.0,400.0,USD,,,,,2026-05-24
해상,Busan,아시아,Kaoshiung,2024,09,300.0,500.0,USD,,,,,2026-05-24
해상,Busan,아시아,Kaoshiung,2024,08,200.0,300.0,USD,,,,,2026-05-24
해상,Busan,아시아,Kaoshiung,2024,07,350.0,600.0,USD,,,,,2026-05-24
해상,Busan,아시아,Kaoshiung,2024,06,150.0,300.0,USD,,,,,2026-05-24
해상,Busan,아시아,Kaoshiung,2024,05,100.0,200.0,USD,,,,,2026-05-24
해상,Busan,아시아,Kaoshiung,2024,04,80.0,150.0,USD,,,,,2026-05-24
해상,Busan,아시아,Kaoshiung,2024,03,100.0,150.0,USD,,,,,2026-05-24
해상,Busan,아시아,Kaoshiung,2024,02,190.0,330.0,USD,,,,,2026-05-24
해상,Busan,아시아,Kaoshiung,2024,01,150.0,250.0,USD,,,,,2026-05-24
해상,Busan,아시아,Kaoshiung,2023,12,100.0,150.0,USD,,,,,2026-05-24
해상,Busan,아시아,Kaoshiung,2023,11,100.0,150.0,USD,,,,,2026-05-24
해상,Busan,아시아,Kaoshiung,2023,10,80.0,150.0,USD,,,,,2026-05-24
해상,Busan,아시아,Kaoshiung,2023,09,80.0,150.0,USD,,,,,2026-05-24
해상,Busan,아시아,Kaoshiung,2023,08,150.0,300.0,USD,,,,,2026-05-24
해상,Busan,아시아,Kaoshiung,2023,07,150.0,300.0,USD,,,,,2026-05-24
해상,Busan,아시아,Kaoshiung,2023,06,150.0,300.0,USD,,,,,2026-05-24
해상,Busan,아시아,Kaoshiung,2023,05,250.0,440.0,USD,,,,,2026-05-24
해상,Busan,아시아,Kaoshiung,2023,04,300.0,600.0,USD,,,,,2026-05-24
해상,Busan,아시아,Kaoshiung,2023,03,550.0,1000.0,USD,,,,,2026-05-24
해상,Busan,아시아,Kaoshiung,2023,02,589.0,1100.0,USD,,,,,2026-05-24
해상,Busan,아시아,Kaoshiung,2023,01,650.0,1200.0,USD,,,,,2026-05-24
해상,Busan,아시아,Kaoshiung,2022,12,700.0,1300.0,USD,,,,,2026-05-24
해상,Busan,아시아,Kaoshiung,2022,11,800.0,1550.0,USD,,,,,2026-05-24
해상,Busan,아시아,Kaoshiung,2022,10,900.0,1800.0,USD,,,,,2026-05-24
해상,Busan,아시아,Kaoshiung,2022,09,900.0,1800.0,USD,,,,,2026-05-24
해상,Busan,아시아,Kaoshiung,2022,08,900.0,1800.0,USD,,,,,2026-05-24
해상,Busan,아시아,Kaoshiung,2022,07,900.0,1800.0,USD,,,,,2026-05-24
해상,Busan,아시아,Kaoshiung,2022,06,900.0,1800.0,USD,,,,,2026-05-24
해상,Busan,아시아,Kaoshiung,2022,05,900.0,1800.0,USD,,,,,2026-05-24
해상,Busan,아시아,Kaoshiung,2022,04,900.0,1800.0,USD,,,,,2026-05-24
해상,Busan,아시아,Kaoshiung,2022,03,900.0,1800.0,USD,,,,,2026-05-24
해상,Busan,아시아,Kaoshiung,2022,02,900.0,1800.0,USD,,,,,2026-05-24
해상,Busan,아시아,Kaoshiung,2022,01,500.0,850.0,USD,,,,,2026-05-24
해상,Busan,아시아,Kaoshiung,2021,12,500.0,850.0,USD,,,,,2026-05-24
해상,Busan,아시아,Kaoshiung,2021,11,480.0,800.0,USD,,,,,2026-05-24
해상,Busan,아시아,Kaoshiung,2021,10,480.0,800.0,USD,,,,,2026-05-24
해상,Busan,아시아,Kaoshiung,2021,09,400.0,700.0,USD,,,,,2026-05-24
해상,Busan,아시아,Kaoshiung,2021,08,400.0,700.0,USD,,,,,2026-05-24
해상,Busan,아시아,Kaoshiung,2021,07,400.0,700.0,USD,,,,,2026-05-24
해상,Busan,아시아,Kaoshiung,2021,06,400.0,700.0,USD,,,,,2026-05-24
해상,Busan,아시아,Kaoshiung,2021,05,400.0,700.0,USD,,,,,2026-05-24
해상,Busan,아시아,Kaoshiung,2021,04,400.0,700.0,USD,,,,,2026-05-24
해상,Busan,아시아,Kaoshiung,2021,03,350.0,700.0,USD,,,,,2026-05-24
해상,Busan,아시아,Kaoshiung,2021,02,500.0,900.0,USD,,,,,2026-05-24
해상,Busan,아시아,Kaoshiung,2021,01,450.0,750.0,USD,,,,,2026-05-24
해상,Busan,아시아,Kaoshiung,2020,12,350.0,650.0,USD,,,,,2026-05-24
해상,Busan,아시아,Kaoshiung,2020,11,180.0,360.0,USD,,,,,2026-05-24
해상,Busan,아시아,Kaoshiung,2020,10,150.0,300.0,USD,,,,,2026-05-24
해상,Busan,아시아,Kaoshiung,2020,09,132.0,275.0,USD,,,,,2026-05-24
해상,Busan,아시아,Kaoshiung,2020,08,150.0,300.0,USD,,,,,2026-05-24
해상,Busan,아시아,Kaoshiung,2020,07,180.0,360.0,USD,,,,,2026-05-24
해상,Busan,아시아,Kaoshiung,2020,06,200.0,400.0,USD,,,,,2026-05-24
해상,Busan,아시아,Kaoshiung,2020,05,200.0,400.0,USD,,,,,2026-05-24
해상,Busan,아시아,Kaoshiung,2020,04,230.0,360.0,USD,,,,,2026-05-24
해상,Busan,아시아,Kaoshiung,2020,03,230.0,360.0,USD,,,,,2026-05-24
해상,Busan,아시아,Kaoshiung,2020,02,230.0,360.0,USD,,,,,2026-05-24
해상,Busan,아시아,Kaoshiung,2020,01,230.0,360.0,USD,,,,,2026-05-24
해상,Busan,아시아,Kaoshiung,2019,12,230.0,360.0,USD,,,,,2026-05-24
해상,Busan,아시아,Kaoshiung,2019,11,300.0,490.0,USD,,,,,2026-05-24
해상,Busan,아시아,Kaoshiung,2019,10,230.0,350.0,USD,,,,,2026-05-24
해상,Busan,아시아,Kaoshiung,2019,09,230.0,360.0,USD,,,,,2026-05-24
해상,Busan,아시아,Kaoshiung,2019,08,230.0,360.0,USD,,,,,2026-05-24
해상,Busan,아시아,Kaoshiung,2019,07,230.0,360.0,USD,,,,,2026-05-24
해상,Busan,아시아,Kaoshiung,2019,06,230.0,360.0,USD,,,,,2026-05-24
해상,Busan,아시아,Kaoshiung,2019,05,230.0,360.0,USD,,,,,2026-05-24
해상,Busan,아시아,Kaoshiung,2019,04,230.0,360.0,USD,,,,,2026-05-24
해상,Busan,아시아,Kaoshiung,2019,03,230.0,360.0,USD,,,,,2026-05-24
해상,Busan,아시아,Kaoshiung,2019,02,230.0,360.0,USD,,,,,2026-05-24
해상,Busan,아시아,Kaoshiung,2019,01,230.0,360.0,USD,,,,,2026-05-24
해상,Busan,아시아,Kaoshiung,2018,12,230.0,360.0,USD,,,,,2026-05-24
해상,Busan,아시아,Kaoshiung,2018,11,230.0,360.0,USD,,,,,2026-05-24
해상,Busan,아시아,Kaoshiung,2018,10,230.0,360.0,USD,,,,,2026-05-24
해상,Busan,아시아,Kaoshiung,2018,09,230.0,360.0,USD,,,,,2026-05-24
해상,Busan,아시아,Kaoshiung,2018,08,230.0,360.0,USD,,,,,2026-05-24
해상,Busan,아시아,Kaoshiung,2018,07,230.0,360.0,USD,,,,,2026-05-24
해상,Busan,아시아,Kaoshiung,2018,06,180.0,260.0,USD,,,,,2026-05-24
해상,Busan,아시아,Kaoshiung,2018,05,180.0,260.0,USD,,,,,2026-05-24
해상,Busan,아시아,Kaoshiung,2018,04,180.0,260.0,USD,,,,,2026-05-24
해상,Busan,아시아,Kaoshiung,2018,03,180.0,260.0,USD,,,,,2026-05-24
해상,Busan,아시아,Kaoshiung,2018,02,150.0,200.0,USD,,,,,2026-05-24
해상,Busan,아시아,Kaoshiung,2018,01,150.0,200.0,USD,,,,,2026-05-24
해상,Busan,아시아,Keelung,2026,05,350.0,600.0,USD,,,,,2026-05-24
해상,Busan,아시아,Keelung,2026,04,400.0,600.0,USD,,,,,2026-05-24
해상,Busan,아시아,Keelung,2026,03,300.0,450.0,USD,,,,,2026-05-24
해상,Busan,아시아,Keelung,2026,02,300.0,500.0,USD,,,,,2026-05-24
해상,Busan,아시아,Keelung,2026,01,200.0,350.0,USD,,,,,2026-05-24
해상,Busan,아시아,Keelung,2025,12,200.0,350.0,USD,,,,,2026-05-24
해상,Busan,아시아,Keelung,2025,11,250.0,350.0,USD,,,,,2026-05-24
해상,Busan,아시아,Keelung,2025,10,250.0,350.0,USD,,,,,2026-05-24
해상,Busan,아시아,Keelung,2025,09,200.0,350.0,USD,,,,,2026-05-24
해상,Busan,아시아,Keelung,2025,08,200.0,380.0,USD,,,,,2026-05-24
해상,Busan,아시아,Keelung,2025,07,300.0,500.0,USD,,,,,2026-05-24
해상,Busan,아시아,Keelung,2025,06,300.0,500.0,USD,,,,,2026-05-24
해상,Busan,아시아,Keelung,2025,05,300.0,500.0,USD,,,,,2026-05-24
해상,Busan,아시아,Keelung,2025,04,300.0,500.0,USD,,,,,2026-05-24
해상,Busan,아시아,Keelung,2025,03,250.0,400.0,USD,,,,,2026-05-24
해상,Busan,아시아,Keelung,2025,01,370.0,500.0,USD,,,,,2026-05-24
해상,Busan,아시아,Keelung,2024,12,370.0,500.0,USD,,,,,2026-05-24
해상,Busan,아시아,Keelung,2024,11,350.0,600.0,USD,,,,,2026-05-24
해상,Busan,아시아,Keelung,2024,10,295.0,400.0,USD,,,,,2026-05-24
해상,Busan,아시아,Keelung,2024,09,350.0,500.0,USD,,,,,2026-05-24
해상,Busan,아시아,Keelung,2024,08,285.0,370.0,USD,,,,,2026-05-24
해상,Busan,아시아,Keelung,2024,07,350.0,600.0,USD,,,,,2026-05-24
해상,Busan,아시아,Keelung,2024,06,235.0,300.0,USD,,,,,2026-05-24
해상,Busan,아시아,Keelung,2024,05,235.0,270.0,USD,,,,,2026-05-24
해상,Busan,아시아,Keelung,2024,04,80.0,150.0,USD,,,,,2026-05-24
해상,Busan,아시아,Keelung,2024,03,250.0,350.0,USD,,,,,2026-05-24
해상,Busan,아시아,Keelung,2024,02,220.0,350.0,USD,,,,,2026-05-24
해상,Busan,아시아,Keelung,2024,01,150.0,250.0,USD,,,,,2026-05-24
해상,Busan,아시아,Keelung,2023,12,150.0,250.0,USD,,,,,2026-05-24
해상,Busan,아시아,Keelung,2023,11,100.0,150.0,USD,,,,,2026-05-24
해상,Busan,아시아,Keelung,2023,10,80.0,150.0,USD,,,,,2026-05-24
해상,Busan,아시아,Keelung,2023,09,150.0,200.0,USD,,,,,2026-05-24
해상,Busan,아시아,Keelung,2023,08,200.0,400.0,USD,,,,,2026-05-24
해상,Busan,아시아,Keelung,2023,07,200.0,400.0,USD,,,,,2026-05-24
해상,Busan,아시아,Keelung,2023,06,220.0,400.0,USD,,,,,2026-05-24
해상,Busan,아시아,Keelung,2023,05,270.0,450.0,USD,,,,,2026-05-24
해상,Busan,아시아,Keelung,2023,04,550.0,1000.0,USD,,,,,2026-05-24
해상,Busan,아시아,Keelung,2023,03,550.0,1100.0,USD,,,,,2026-05-24
해상,Busan,아시아,Keelung,2023,02,650.0,1200.0,USD,,,,,2026-05-24
해상,Busan,아시아,Keelung,2023,01,700.0,1200.0,USD,,,,,2026-05-24
해상,Busan,아시아,Keelung,2022,12,800.0,1200.0,USD,,,,,2026-05-24
해상,Busan,아시아,Keelung,2022,11,900.0,1550.0,USD,,,,,2026-05-24
해상,Busan,아시아,Keelung,2022,10,900.0,1800.0,USD,,,,,2026-05-24
해상,Busan,아시아,Keelung,2022,09,900.0,1800.0,USD,,,,,2026-05-24
해상,Busan,아시아,Keelung,2022,08,1000.0,2300.0,USD,,,,,2026-05-24
해상,Busan,아시아,Keelung,2022,07,1200.0,2300.0,USD,,,,,2026-05-24
해상,Busan,아시아,Keelung,2022,06,1300.0,2500.0,USD,,,,,2026-05-24
해상,Busan,아시아,Keelung,2022,05,1300.0,2500.0,USD,,,,,2026-05-24
해상,Busan,아시아,Keelung,2022,04,1300.0,2500.0,USD,,,,,2026-05-24
해상,Busan,아시아,Keelung,2022,03,1250.0,2400.0,USD,,,,,2026-05-24
해상,Busan,아시아,Keelung,2022,02,1000.0,1800.0,USD,,,,,2026-05-24
해상,Busan,아시아,Keelung,2022,01,700.0,850.0,USD,,,,,2026-05-24
해상,Busan,아시아,Keelung,2021,12,700.0,850.0,USD,,,,,2026-05-24
해상,Busan,아시아,Keelung,2021,11,480.0,820.0,USD,,,,,2026-05-24
해상,Busan,아시아,Keelung,2021,10,480.0,820.0,USD,,,,,2026-05-24
해상,Busan,아시아,Keelung,2021,09,400.0,700.0,USD,,,,,2026-05-24
해상,Busan,아시아,Keelung,2021,08,400.0,700.0,USD,,,,,2026-05-24
해상,Busan,아시아,Keelung,2021,07,400.0,700.0,USD,,,,,2026-05-24
해상,Busan,아시아,Keelung,2021,06,400.0,700.0,USD,,,,,2026-05-24
해상,Busan,아시아,Keelung,2021,05,400.0,700.0,USD,,,,,2026-05-24
해상,Busan,아시아,Keelung,2021,04,400.0,700.0,USD,,,,,2026-05-24
해상,Busan,아시아,Keelung,2021,03,350.0,700.0,USD,,,,,2026-05-24
해상,Busan,아시아,Keelung,2021,02,500.0,900.0,USD,,,,,2026-05-24
해상,Busan,아시아,Keelung,2021,01,450.0,850.0,USD,,,,,2026-05-24
해상,Busan,아시아,Keelung,2020,12,350.0,650.0,USD,,,,,2026-05-24
해상,Busan,아시아,Keelung,2020,11,150.0,300.0,USD,,,,,2026-05-24
해상,Busan,아시아,Keelung,2020,10,150.0,300.0,USD,,,,,2026-05-24
해상,Busan,아시아,Keelung,2020,09,132.0,275.0,USD,,,,,2026-05-24
해상,Busan,아시아,Keelung,2020,08,150.0,300.0,USD,,,,,2026-05-24
해상,Busan,아시아,Keelung,2020,07,180.0,360.0,USD,,,,,2026-05-24
해상,Busan,아시아,Keelung,2020,06,200.0,400.0,USD,,,,,2026-05-24
해상,Busan,아시아,Keelung,2020,05,200.0,400.0,USD,,,,,2026-05-24
해상,Busan,아시아,Keelung,2020,04,230.0,360.0,USD,,,,,2026-05-24
해상,Busan,아시아,Keelung,2020,03,230.0,360.0,USD,,,,,2026-05-24
해상,Busan,아시아,Keelung,2020,02,230.0,360.0,USD,,,,,2026-05-24
해상,Busan,아시아,Keelung,2020,01,230.0,360.0,USD,,,,,2026-05-24
해상,Busan,아시아,Keelung,2019,12,230.0,360.0,USD,,,,,2026-05-24
해상,Busan,아시아,Keelung,2019,11,300.0,490.0,USD,,,,,2026-05-24
해상,Busan,아시아,Keelung,2019,10,230.0,350.0,USD,,,,,2026-05-24
해상,Busan,아시아,Keelung,2019,09,230.0,360.0,USD,,,,,2026-05-24
해상,Busan,아시아,Keelung,2019,08,230.0,360.0,USD,,,,,2026-05-24
해상,Busan,아시아,Keelung,2019,07,230.0,360.0,USD,,,,,2026-05-24
해상,Busan,아시아,Keelung,2019,06,230.0,360.0,USD,,,,,2026-05-24
해상,Busan,아시아,Keelung,2019,05,230.0,360.0,USD,,,,,2026-05-24
해상,Busan,아시아,Keelung,2019,04,230.0,360.0,USD,,,,,2026-05-24
해상,Busan,아시아,Keelung,2019,03,230.0,360.0,USD,,,,,2026-05-24
해상,Busan,아시아,Keelung,2019,02,230.0,360.0,USD,,,,,2026-05-24
해상,Busan,아시아,Keelung,2019,01,230.0,360.0,USD,,,,,2026-05-24
해상,Busan,아시아,Keelung,2018,12,230.0,360.0,USD,,,,,2026-05-24
해상,Busan,아시아,Keelung,2018,11,230.0,360.0,USD,,,,,2026-05-24
해상,Busan,아시아,Keelung,2018,10,230.0,360.0,USD,,,,,2026-05-24
해상,Busan,아시아,Keelung,2018,09,230.0,360.0,USD,,,,,2026-05-24
해상,Busan,아시아,Keelung,2018,08,230.0,360.0,USD,,,,,2026-05-24
해상,Busan,아시아,Keelung,2018,07,230.0,360.0,USD,,,,,2026-05-24
해상,Busan,아시아,Keelung,2018,06,180.0,260.0,USD,,,,,2026-05-24
해상,Busan,아시아,Keelung,2018,05,180.0,260.0,USD,,,,,2026-05-24
해상,Busan,아시아,Keelung,2018,04,180.0,260.0,USD,,,,,2026-05-24
해상,Busan,아시아,Keelung,2018,03,180.0,260.0,USD,,,,,2026-05-24
해상,Busan,아시아,Keelung,2018,02,150.0,200.0,USD,,,,,2026-05-24
해상,Busan,아시아,Keelung,2018,01,150.0,200.0,USD,,,,,2026-05-24
해상,Busan,아시아,Laemchabang,2026,05,450.0,900.0,USD,,,,,2026-05-24
해상,Busan,아시아,Laemchabang,2026,04,650.0,1150.0,USD,,,,,2026-05-24
해상,Busan,아시아,Laemchabang,2026,03,400.0,650.0,USD,,,,,2026-05-24
해상,Busan,아시아,Laemchabang,2026,02,400.0,650.0,USD,,,,,2026-05-24
해상,Busan,아시아,Laemchabang,2026,01,400.0,800.0,USD,,,,,2026-05-24
해상,Busan,아시아,Laemchabang,2025,12,400.0,750.0,USD,,,,,2026-05-24
해상,Busan,아시아,Laemchabang,2025,11,400.0,650.0,USD,,,,,2026-05-24
해상,Busan,아시아,Laemchabang,2025,10,400.0,650.0,USD,,,,,2026-05-24
해상,Busan,아시아,Laemchabang,2025,09,350.0,650.0,USD,,,,,2026-05-24
해상,Busan,아시아,Laemchabang,2025,08,400.0,800.0,USD,,,,,2026-05-24
해상,Busan,아시아,Laemchabang,2025,07,500.0,1000.0,USD,,,,,2026-05-24
해상,Busan,아시아,Laemchabang,2025,06,500.0,900.0,USD,,,,,2026-05-24
해상,Busan,아시아,Laemchabang,2025,05,500.0,900.0,USD,,,,,2026-05-24
해상,Busan,아시아,Laemchabang,2025,04,600.0,1000.0,USD,,,,,2026-05-24
해상,Busan,아시아,Laemchabang,2025,03,400.0,800.0,USD,,,,,2026-05-24
해상,Busan,아시아,Laemchabang,2025,01,600.0,1050.0,USD,,,,,2026-05-24
해상,Busan,아시아,Laemchabang,2024,12,600.0,1050.0,USD,,,,,2026-05-24
해상,Busan,아시아,Laemchabang,2024,11,700.0,1100.0,USD,,,,,2026-05-24
해상,Busan,아시아,Laemchabang,2024,10,400.0,750.0,USD,,,,,2026-05-24
해상,Busan,아시아,Laemchabang,2024,09,650.0,1200.0,USD,,,,,2026-05-24
해상,Busan,아시아,Laemchabang,2024,08,600.0,1100.0,USD,,,,,2026-05-24
해상,Busan,아시아,Laemchabang,2024,07,600.0,1100.0,USD,,,,,2026-05-24
해상,Busan,아시아,Laemchabang,2024,06,500.0,900.0,USD,,,,,2026-05-24
해상,Busan,아시아,Laemchabang,2024,05,300.0,550.0,USD,,,,,2026-05-24
해상,Busan,아시아,Laemchabang,2024,04,200.0,300.0,USD,,,,,2026-05-24
해상,Busan,아시아,Laemchabang,2024,03,150.0,250.0,USD,,,,,2026-05-24
해상,Busan,아시아,Laemchabang,2024,02,150.0,250.0,USD,,,,,2026-05-24
해상,Busan,아시아,Laemchabang,2024,01,100.0,200.0,USD,,,,,2026-05-24
해상,Busan,아시아,Laemchabang,2023,12,80.0,110.0,USD,,,,,2026-05-24
해상,Busan,아시아,Laemchabang,2023,11,80.0,110.0,USD,,,,,2026-05-24
해상,Busan,아시아,Laemchabang,2023,10,30.0,60.0,USD,,,,,2026-05-24
해상,Busan,아시아,Laemchabang,2023,09,30.0,60.0,USD,,,,,2026-05-24
해상,Busan,아시아,Laemchabang,2023,08,100.0,150.0,USD,,,,,2026-05-24
해상,Busan,아시아,Laemchabang,2023,07,100.0,150.0,USD,,,,,2026-05-24
해상,Busan,아시아,Laemchabang,2023,06,100.0,160.0,USD,,,,,2026-05-24
해상,Busan,아시아,Laemchabang,2023,05,100.0,200.0,USD,,,,,2026-05-24
해상,Busan,아시아,Laemchabang,2023,04,200.0,400.0,USD,,,,,2026-05-24
해상,Busan,아시아,Laemchabang,2023,03,300.0,550.0,USD,,,,,2026-05-24
해상,Busan,아시아,Laemchabang,2023,02,400.0,600.0,USD,,,,,2026-05-24
해상,Busan,아시아,Laemchabang,2023,01,600.0,950.0,USD,,,,,2026-05-24
해상,Busan,아시아,Laemchabang,2022,12,600.0,1300.0,USD,,,,,2026-05-24
해상,Busan,아시아,Laemchabang,2022,11,700.0,1000.0,USD,,,,,2026-05-24
해상,Busan,아시아,Laemchabang,2022,10,800.0,1200.0,USD,,,,,2026-05-24
해상,Busan,아시아,Laemchabang,2022,09,800.0,1200.0,USD,,,,,2026-05-24
해상,Busan,아시아,Laemchabang,2022,08,800.0,1300.0,USD,,,,,2026-05-24
해상,Busan,아시아,Laemchabang,2022,07,800.0,1200.0,USD,,,,,2026-05-24
해상,Busan,아시아,Laemchabang,2022,06,850.0,1300.0,USD,,,,,2026-05-24
해상,Busan,아시아,Laemchabang,2022,05,850.0,1400.0,USD,,,,,2026-05-24
해상,Busan,아시아,Laemchabang,2022,04,850.0,1400.0,USD,,,,,2026-05-24
해상,Busan,아시아,Laemchabang,2022,03,900.0,1400.0,USD,,,,,2026-05-24
해상,Busan,아시아,Laemchabang,2022,02,900.0,1400.0,USD,,,,,2026-05-24
해상,Busan,아시아,Laemchabang,2022,01,800.0,1300.0,USD,,,,,2026-05-24
해상,Busan,아시아,Laemchabang,2021,12,800.0,1300.0,USD,,,,,2026-05-24
해상,Busan,아시아,Laemchabang,2021,11,800.0,1300.0,USD,,,,,2026-05-24
해상,Busan,아시아,Laemchabang,2021,10,800.0,1300.0,USD,,,,,2026-05-24
해상,Busan,아시아,Laemchabang,2021,09,700.0,1100.0,USD,,,,,2026-05-24
해상,Busan,아시아,Laemchabang,2021,08,650.0,1000.0,USD,,,,,2026-05-24
해상,Busan,아시아,Laemchabang,2021,07,700.0,1100.0,USD,,,,,2026-05-24
해상,Busan,아시아,Laemchabang,2021,06,700.0,1100.0,USD,,,,,2026-05-24
해상,Busan,아시아,Laemchabang,2021,05,800.0,1300.0,USD,,,,,2026-05-24
해상,Busan,아시아,Laemchabang,2021,04,800.0,1300.0,USD,,,,,2026-05-24
해상,Busan,아시아,Laemchabang,2021,03,750.0,1200.0,USD,,,,,2026-05-24
해상,Busan,아시아,Laemchabang,2021,02,750.0,1200.0,USD,,,,,2026-05-24
해상,Busan,아시아,Laemchabang,2021,01,650.0,1000.0,USD,,,,,2026-05-24
해상,Busan,아시아,Laemchabang,2020,12,850.0,1600.0,USD,,,,,2026-05-24
해상,Busan,아시아,Laemchabang,2020,11,300.0,400.0,USD,,,,,2026-05-24
해상,Busan,아시아,Laemchabang,2020,10,155.0,310.0,USD,,,,,2026-05-24
해상,Busan,아시아,Laemchabang,2020,09,157.0,315.0,USD,,,,,2026-05-24
해상,Busan,아시아,Laemchabang,2020,08,150.0,300.0,USD,,,,,2026-05-24
해상,Busan,아시아,Laemchabang,2020,07,150.0,300.0,USD,,,,,2026-05-24
해상,Busan,아시아,Laemchabang,2020,06,180.0,360.0,USD,,,,,2026-05-24
해상,Busan,아시아,Laemchabang,2020,05,180.0,360.0,USD,,,,,2026-05-24
해상,Busan,아시아,Laemchabang,2020,04,200.0,400.0,USD,,,,,2026-05-24
해상,Busan,아시아,Laemchabang,2020,03,200.0,400.0,USD,,,,,2026-05-24
해상,Busan,아시아,Laemchabang,2020,02,200.0,400.0,USD,,,,,2026-05-24
해상,Busan,아시아,Laemchabang,2020,01,200.0,400.0,USD,,,,,2026-05-24
해상,Busan,아시아,Laemchabang,2019,12,200.0,400.0,USD,,,,,2026-05-24
해상,Busan,아시아,Laemchabang,2019,11,320.0,640.0,USD,,,,,2026-05-24
해상,Busan,아시아,Laemchabang,2019,10,200.0,400.0,USD,,,,,2026-05-24
해상,Busan,아시아,Laemchabang,2019,09,250.0,500.0,USD,,,,,2026-05-24
해상,Busan,아시아,Laemchabang,2019,08,250.0,500.0,USD,,,,,2026-05-24
해상,Busan,아시아,Laemchabang,2019,07,250.0,500.0,USD,,,,,2026-05-24
해상,Busan,아시아,Laemchabang,2019,06,250.0,500.0,USD,,,,,2026-05-24
해상,Busan,아시아,Laemchabang,2019,05,250.0,500.0,USD,,,,,2026-05-24
해상,Busan,아시아,Laemchabang,2019,04,250.0,500.0,USD,,,,,2026-05-24
해상,Busan,아시아,Laemchabang,2019,03,250.0,500.0,USD,,,,,2026-05-24
해상,Busan,아시아,Laemchabang,2019,02,250.0,500.0,USD,,,,,2026-05-24
해상,Busan,아시아,Laemchabang,2019,01,250.0,500.0,USD,,,,,2026-05-24
해상,Busan,아시아,Laemchabang,2018,12,250.0,500.0,USD,,,,,2026-05-24
해상,Busan,아시아,Laemchabang,2018,11,250.0,500.0,USD,,,,,2026-05-24
해상,Busan,아시아,Laemchabang,2018,10,250.0,500.0,USD,,,,,2026-05-24
해상,Busan,아시아,Laemchabang,2018,09,250.0,500.0,USD,,,,,2026-05-24
해상,Busan,아시아,Laemchabang,2018,08,250.0,500.0,USD,,,,,2026-05-24
해상,Busan,아시아,Laemchabang,2018,07,250.0,500.0,USD,,,,,2026-05-24
해상,Busan,아시아,Laemchabang,2018,06,200.0,400.0,USD,,,,,2026-05-24
해상,Busan,아시아,Laemchabang,2018,05,200.0,400.0,USD,,,,,2026-05-24
해상,Busan,아시아,Laemchabang,2018,04,200.0,400.0,USD,,,,,2026-05-24
해상,Busan,아시아,Laemchabang,2018,03,330.0,660.0,USD,,,,,2026-05-24
해상,Busan,아시아,Laemchabang,2018,02,300.0,600.0,USD,,,,,2026-05-24
해상,Busan,아시아,Laemchabang,2018,01,300.0,600.0,USD,,,,,2026-05-24
해상,Busan,아시아,Manila,2026,05,300.0,500.0,USD,,,,,2026-05-24
해상,Busan,아시아,Manila,2026,04,300.0,450.0,USD,,,,,2026-05-24
해상,Busan,아시아,Manila,2026,03,150.0,250.0,USD,,,,,2026-05-24
해상,Busan,아시아,Manila,2026,02,100.0,200.0,USD,,,,,2026-05-24
해상,Busan,아시아,Manila,2026,01,150.0,250.0,USD,,,,,2026-05-24
해상,Busan,아시아,Manila,2025,12,150.0,250.0,USD,,,,,2026-05-24
해상,Busan,아시아,Manila,2025,11,100.0,150.0,USD,,,,,2026-05-24
해상,Busan,아시아,Manila,2025,10,150.0,250.0,USD,,,,,2026-05-24
해상,Busan,아시아,Manila,2025,09,150.0,250.0,USD,,,,,2026-05-24
해상,Busan,아시아,Manila,2025,08,150.0,250.0,USD,,,,,2026-05-24
해상,Busan,아시아,Manila,2025,07,200.0,300.0,USD,,,,,2026-05-24
해상,Busan,아시아,Manila,2025,06,150.0,250.0,USD,,,,,2026-05-24
해상,Busan,아시아,Manila,2025,05,150.0,250.0,USD,,,,,2026-05-24
해상,Busan,아시아,Manila,2025,04,150.0,250.0,USD,,,,,2026-05-24
해상,Busan,아시아,Manila,2025,03,150.0,250.0,USD,,,,,2026-05-24
해상,Busan,아시아,Manila,2025,01,270.0,350.0,USD,,,,,2026-05-24
해상,Busan,아시아,Manila,2024,12,270.0,350.0,USD,,,,,2026-05-24
해상,Busan,아시아,Manila,2024,11,200.0,350.0,USD,,,,,2026-05-24
해상,Busan,아시아,Manila,2024,10,170.0,300.0,USD,,,,,2026-05-24
해상,Busan,아시아,Manila,2024,09,150.0,300.0,USD,,,,,2026-05-24
해상,Busan,아시아,Manila,2024,08,200.0,300.0,USD,,,,,2026-05-24
해상,Busan,아시아,Manila,2024,07,200.0,350.0,USD,,,,,2026-05-24
해상,Busan,아시아,Manila,2024,06,350.0,500.0,USD,,,,,2026-05-24
해상,Busan,아시아,Manila,2024,05,120.0,200.0,USD,,,,,2026-05-24
해상,Busan,아시아,Manila,2024,04,80.0,150.0,USD,,,,,2026-05-24
해상,Busan,아시아,Manila,2024,03,150.0,250.0,USD,,,,,2026-05-24
해상,Busan,아시아,Manila,2024,02,100.0,150.0,USD,,,,,2026-05-24
해상,Busan,아시아,Manila,2024,01,100.0,200.0,USD,,,,,2026-05-24
해상,Busan,아시아,Manila,2023,12,100.0,150.0,USD,,,,,2026-05-24
해상,Busan,아시아,Manila,2023,11,100.0,150.0,USD,,,,,2026-05-24
해상,Busan,아시아,Manila,2023,10,80.0,110.0,USD,,,,,2026-05-24
해상,Busan,아시아,Manila,2023,09,100.0,150.0,USD,,,,,2026-05-24
해상,Busan,아시아,Manila,2023,08,150.0,250.0,USD,,,,,2026-05-24
해상,Busan,아시아,Manila,2023,07,150.0,250.0,USD,,,,,2026-05-24
해상,Busan,아시아,Manila,2023,06,150.0,250.0,USD,,,,,2026-05-24
해상,Busan,아시아,Manila,2023,05,150.0,250.0,USD,,,,,2026-05-24
해상,Busan,아시아,Manila,2023,04,420.0,740.0,USD,,,,,2026-05-24
해상,Busan,아시아,Manila,2023,03,450.0,900.0,USD,,,,,2026-05-24
해상,Busan,아시아,Manila,2023,02,600.0,1000.0,USD,,,,,2026-05-24
해상,Busan,아시아,Manila,2023,01,550.0,950.0,USD,,,,,2026-05-24
해상,Busan,아시아,Manila,2022,12,700.0,1500.0,USD,,,,,2026-05-24
해상,Busan,아시아,Manila,2022,11,800.0,1200.0,USD,,,,,2026-05-24
해상,Busan,아시아,Manila,2022,10,800.0,1600.0,USD,,,,,2026-05-24
해상,Busan,아시아,Manila,2022,09,800.0,1600.0,USD,,,,,2026-05-24
해상,Busan,아시아,Manila,2022,08,800.0,1600.0,USD,,,,,2026-05-24
해상,Busan,아시아,Manila,2022,07,800.0,1600.0,USD,,,,,2026-05-24
해상,Busan,아시아,Manila,2022,06,800.0,1600.0,USD,,,,,2026-05-24
해상,Busan,아시아,Manila,2022,05,800.0,1600.0,USD,,,,,2026-05-24
해상,Busan,아시아,Manila,2022,04,800.0,1600.0,USD,,,,,2026-05-24
해상,Busan,아시아,Manila,2022,03,800.0,1600.0,USD,,,,,2026-05-24
해상,Busan,아시아,Manila,2022,02,800.0,1450.0,USD,,,,,2026-05-24
해상,Busan,아시아,Manila,2022,01,500.0,850.0,USD,,,,,2026-05-24
해상,Busan,아시아,Manila,2021,12,500.0,850.0,USD,,,,,2026-05-24
해상,Busan,아시아,Manila,2021,11,450.0,800.0,USD,,,,,2026-05-24
해상,Busan,아시아,Manila,2021,10,450.0,800.0,USD,,,,,2026-05-24
해상,Busan,아시아,Manila,2021,09,400.0,750.0,USD,,,,,2026-05-24
해상,Busan,아시아,Manila,2021,08,120.0,220.0,USD,,,,,2026-05-24
해상,Busan,아시아,Manila,2021,07,150.0,230.0,USD,,,,,2026-05-24
해상,Busan,아시아,Manila,2021,06,150.0,230.0,USD,,,,,2026-05-24
해상,Busan,아시아,Manila,2021,05,250.0,300.0,USD,,,,,2026-05-24
해상,Busan,아시아,Manila,2021,04,250.0,300.0,USD,,,,,2026-05-24
해상,Busan,아시아,Manila,2021,03,250.0,400.0,USD,,,,,2026-05-24
해상,Busan,아시아,Manila,2021,02,250.0,400.0,USD,,,,,2026-05-24
해상,Busan,아시아,Manila,2021,01,250.0,400.0,USD,,,,,2026-05-24
해상,Busan,아시아,Manila,2020,12,150.0,300.0,USD,,,,,2026-05-24
해상,Busan,아시아,Manila,2020,11,100.0,200.0,USD,,,,,2026-05-24
해상,Busan,아시아,Manila,2020,10,100.0,200.0,USD,,,,,2026-05-24
해상,Busan,아시아,Manila,2020,09,95.0,200.0,USD,,,,,2026-05-24
해상,Busan,아시아,Manila,2020,08,100.0,200.0,USD,,,,,2026-05-24
해상,Busan,아시아,Manila,2020,07,100.0,200.0,USD,,,,,2026-05-24
해상,Busan,아시아,Manila,2020,06,130.0,260.0,USD,,,,,2026-05-24
해상,Busan,아시아,Manila,2020,05,130.0,260.0,USD,,,,,2026-05-24
해상,Busan,아시아,Manila,2020,04,200.0,400.0,USD,,,,,2026-05-24
해상,Busan,아시아,Manila,2020,03,180.0,360.0,USD,,,,,2026-05-24
해상,Busan,아시아,Manila,2020,02,180.0,360.0,USD,,,,,2026-05-24
해상,Busan,아시아,Manila,2020,01,180.0,360.0,USD,,,,,2026-05-24
해상,Busan,아시아,Manila,2019,12,180.0,360.0,USD,,,,,2026-05-24
해상,Busan,아시아,Manila,2019,11,250.0,500.0,USD,,,,,2026-05-24
해상,Busan,아시아,Manila,2019,10,180.0,360.0,USD,,,,,2026-05-24
해상,Busan,아시아,Manila,2019,09,180.0,360.0,USD,,,,,2026-05-24
해상,Busan,아시아,Manila,2019,08,180.0,360.0,USD,,,,,2026-05-24
해상,Busan,아시아,Manila,2019,07,180.0,360.0,USD,,,,,2026-05-24
해상,Busan,아시아,Manila,2019,06,180.0,360.0,USD,,,,,2026-05-24
해상,Busan,아시아,Manila,2019,05,180.0,360.0,USD,,,,,2026-05-24
해상,Busan,아시아,Manila,2019,04,180.0,360.0,USD,,,,,2026-05-24
해상,Busan,아시아,Manila,2019,03,180.0,360.0,USD,,,,,2026-05-24
해상,Busan,아시아,Manila,2019,02,180.0,360.0,USD,,,,,2026-05-24
해상,Busan,아시아,Manila,2019,01,180.0,360.0,USD,,,,,2026-05-24
해상,Busan,아시아,Manila,2018,12,180.0,360.0,USD,,,,,2026-05-24
해상,Busan,아시아,Manila,2018,11,180.0,360.0,USD,,,,,2026-05-24
해상,Busan,아시아,Manila,2018,10,180.0,360.0,USD,,,,,2026-05-24
해상,Busan,아시아,Manila,2018,09,180.0,360.0,USD,,,,,2026-05-24
해상,Busan,아시아,Manila,2018,08,180.0,360.0,USD,,,,,2026-05-24
해상,Busan,아시아,Manila,2018,07,180.0,360.0,USD,,,,,2026-05-24
해상,Busan,아시아,Manila,2018,06,130.0,260.0,USD,,,,,2026-05-24
해상,Busan,아시아,Manila,2018,05,130.0,260.0,USD,,,,,2026-05-24
해상,Busan,아시아,Manila,2018,04,130.0,260.0,USD,,,,,2026-05-24
해상,Busan,아시아,Manila,2018,03,130.0,260.0,USD,,,,,2026-05-24
해상,Busan,아시아,Manila,2018,02,100.0,200.0,USD,,,,,2026-05-24
해상,Busan,아시아,Manila,2018,01,100.0,200.0,USD,,,,,2026-05-24
해상,Busan,아시아,Nhava Sheva,2026,05,1450.0,1810.0,USD,,,,,2026-05-24
해상,Busan,아시아,Nhava Sheva,2026,04,1700.0,2300.0,USD,,,,,2026-05-24
해상,Busan,아시아,Nhava Sheva,2026,03,1150.0,1500.0,USD,,,,,2026-05-24
해상,Busan,아시아,Nhava Sheva,2026,02,1100.0,1200.0,USD,,,,,2026-05-24
해상,Busan,아시아,Nhava Sheva,2026,01,1200.0,1400.0,USD,,,,,2026-05-24
해상,Busan,아시아,Nhava Sheva,2025,12,1150.0,1400.0,USD,,,,,2026-05-24
해상,Busan,아시아,Nhava Sheva,2025,11,1300.0,1600.0,USD,,,,,2026-05-24
해상,Busan,아시아,Nhava Sheva,2025,10,1350.0,1550.0,USD,,,,,2026-05-24
해상,Busan,아시아,Nhava Sheva,2025,09,1450.0,1750.0,USD,,,,,2026-05-24
해상,Busan,아시아,Nhava Sheva,2025,08,1650.0,1900.0,USD,,,,,2026-05-24
해상,Busan,아시아,Nhava Sheva,2025,07,1900.0,2000.0,USD,,,,,2026-05-24
해상,Busan,아시아,Nhava Sheva,2025,06,1350.0,1550.0,USD,,,,,2026-05-24
해상,Busan,아시아,Nhava Sheva,2025,05,1200.0,1500.0,USD,,,,,2026-05-24
해상,Busan,아시아,Nhava Sheva,2025,04,1200.0,1400.0,USD,,,,,2026-05-24
해상,Busan,아시아,Nhava Sheva,2025,03,1700.0,2100.0,USD,,,,,2026-05-24
해상,Busan,아시아,Nhava Sheva,2025,01,1800.0,2100.0,USD,,,,,2026-05-24
해상,Busan,아시아,Nhava Sheva,2024,12,1800.0,2100.0,USD,,,,,2026-05-24
해상,Busan,아시아,Nhava Sheva,2024,11,1500.0,2000.0,USD,,,,,2026-05-24
해상,Busan,아시아,Nhava Sheva,2024,10,1200.0,1700.0,USD,,,,,2026-05-24
해상,Busan,아시아,Nhava Sheva,2024,09,2100.0,2800.0,USD,,,,,2026-05-24
해상,Busan,아시아,Nhava Sheva,2024,08,3600.0,4600.0,USD,,,,,2026-05-24
해상,Busan,아시아,Nhava Sheva,2024,07,3800.0,4900.0,USD,,,,,2026-05-24
해상,Busan,아시아,Nhava Sheva,2024,06,2100.0,3350.0,USD,,,,,2026-05-24
해상,Busan,아시아,Nhava Sheva,2024,05,1300.0,1700.0,USD,,,,,2026-05-24
해상,Busan,아시아,Nhava Sheva,2024,04,1100.0,1600.0,USD,,,,,2026-05-24
해상,Busan,아시아,Nhava Sheva,2024,03,1000.0,1400.0,USD,,,,,2026-05-24
해상,Busan,아시아,Nhava Sheva,2024,02,850.0,1300.0,USD,,,,,2026-05-24
해상,Busan,아시아,Nhava Sheva,2024,01,900.0,1200.0,USD,,,,,2026-05-24
해상,Busan,아시아,Nhava Sheva,2023,12,800.0,1050.0,USD,,,,,2026-05-24
해상,Busan,아시아,Nhava Sheva,2023,11,800.0,1000.0,USD,,,,,2026-05-24
해상,Busan,아시아,Nhava Sheva,2023,10,800.0,1000.0,USD,,,,,2026-05-24
해상,Busan,아시아,Nhava Sheva,2023,09,750.0,980.0,USD,,,,,2026-05-24
해상,Busan,아시아,Nhava Sheva,2023,08,750.0,980.0,USD,,,,,2026-05-24
해상,Busan,아시아,Nhava Sheva,2023,07,750.0,980.0,USD,,,,,2026-05-24
해상,Busan,아시아,Nhava Sheva,2023,06,700.0,860.0,USD,,,,,2026-05-24
해상,Busan,아시아,Nhava Sheva,2023,05,650.0,800.0,USD,,,,,2026-05-24
해상,Busan,아시아,Nhava Sheva,2023,04,700.0,800.0,USD,,,,,2026-05-24
해상,Busan,아시아,Nhava Sheva,2023,03,850.0,1500.0,USD,,,,,2026-05-24
해상,Busan,아시아,Nhava Sheva,2023,02,850.0,1300.0,USD,,,,,2026-05-24
해상,Busan,아시아,Nhava Sheva,2023,01,650.0,700.0,USD,,,,,2026-05-24
해상,Busan,아시아,Nhava Sheva,2022,12,975.0,975.0,USD,,,,,2026-05-24
해상,Busan,아시아,Nhava Sheva,2022,11,1150.0,1700.0,USD,,,,,2026-05-24
해상,Busan,아시아,Nhava Sheva,2022,10,2000.0,3500.0,USD,,,,,2026-05-24
해상,Busan,아시아,Nhava Sheva,2022,09,3800.0,6000.0,USD,,,,,2026-05-24
해상,Busan,아시아,Nhava Sheva,2022,08,3800.0,6000.0,USD,,,,,2026-05-24
해상,Busan,아시아,Nhava Sheva,2022,07,3800.0,6000.0,USD,,,,,2026-05-24
해상,Busan,아시아,Nhava Sheva,2022,06,4000.0,6500.0,USD,,,,,2026-05-24
해상,Busan,아시아,Nhava Sheva,2022,05,4500.0,6800.0,USD,,,,,2026-05-24
해상,Busan,아시아,Nhava Sheva,2022,04,4800.0,6800.0,USD,,,,,2026-05-24
해상,Busan,아시아,Nhava Sheva,2022,03,5000.0,8300.0,USD,,,,,2026-05-24
해상,Busan,아시아,Nhava Sheva,2022,02,5500.0,8600.0,USD,,,,,2026-05-24
해상,Busan,아시아,Nhava Sheva,2022,01,5300.0,8300.0,USD,,,,,2026-05-24
해상,Busan,아시아,Nhava Sheva,2021,12,5300.0,8300.0,USD,,,,,2026-05-24
해상,Busan,아시아,Nhava Sheva,2021,11,5600.0,8200.0,USD,,,,,2026-05-24
해상,Busan,아시아,Nhava Sheva,2021,10,5500.0,8000.0,USD,,,,,2026-05-24
해상,Busan,아시아,Nhava Sheva,2021,09,3100.0,4400.0,USD,,,,,2026-05-24
해상,Busan,아시아,Nhava Sheva,2021,08,2450.0,3100.0,USD,,,,,2026-05-24
해상,Busan,아시아,Nhava Sheva,2021,07,2600.0,3250.0,USD,,,,,2026-05-24
해상,Busan,아시아,Nhava Sheva,2021,06,2250.0,2920.0,USD,,,,,2026-05-24
해상,Busan,아시아,Nhava Sheva,2021,05,2450.0,3250.0,USD,,,,,2026-05-24
해상,Busan,아시아,Nhava Sheva,2021,04,2450.0,3250.0,USD,,,,,2026-05-24
해상,Busan,아시아,Nhava Sheva,2021,03,2500.0,3500.0,USD,,,,,2026-05-24
해상,Busan,아시아,Nhava Sheva,2021,02,2500.0,3500.0,USD,,,,,2026-05-24
해상,Busan,아시아,Nhava Sheva,2021,01,2500.0,3500.0,USD,,,,,2026-05-24
해상,Busan,아시아,Nhava Sheva,2020,12,2360.0,3220.0,USD,,,,,2026-05-24
해상,Busan,아시아,Nhava Sheva,2020,11,1600.0,2200.0,USD,,,,,2026-05-24
해상,Busan,아시아,Nhava Sheva,2020,10,1100.0,1525.0,USD,,,,,2026-05-24
해상,Busan,아시아,Nhava Sheva,2020,09,1150.0,1887.0,USD,,,,,2026-05-24
해상,Busan,아시아,Nhava Sheva,2020,08,900.0,1800.0,USD,,,,,2026-05-24
해상,Busan,아시아,Nhava Sheva,2020,07,900.0,1700.0,USD,,,,,2026-05-24
해상,Busan,아시아,Nhava Sheva,2020,06,900.0,1700.0,USD,,,,,2026-05-24
해상,Busan,아시아,Nhava Sheva,2020,05,900.0,1700.0,USD,,,,,2026-05-24
해상,Busan,아시아,Nhava Sheva,2020,04,900.0,1400.0,USD,,,,,2026-05-24
해상,Busan,아시아,Nhava Sheva,2020,03,700.0,1200.0,USD,,,,,2026-05-24
해상,Busan,아시아,Nhava Sheva,2020,02,700.0,1200.0,USD,,,,,2026-05-24
해상,Busan,아시아,Nhava Sheva,2020,01,700.0,1200.0,USD,,,,,2026-05-24
해상,Busan,아시아,Nhava Sheva,2019,12,700.0,1200.0,USD,,,,,2026-05-24
해상,Busan,아시아,Nhava Sheva,2019,11,800.0,1600.0,USD,,,,,2026-05-24
해상,Busan,아시아,Nhava Sheva,2019,10,650.0,1200.0,USD,,,,,2026-05-24
해상,Busan,아시아,Nhava Sheva,2019,09,700.0,1200.0,USD,,,,,2026-05-24
해상,Busan,아시아,Nhava Sheva,2019,08,700.0,1200.0,USD,,,,,2026-05-24
해상,Busan,아시아,Nhava Sheva,2019,07,700.0,1200.0,USD,,,,,2026-05-24
해상,Busan,아시아,Nhava Sheva,2019,06,700.0,1200.0,USD,,,,,2026-05-24
해상,Busan,아시아,Nhava Sheva,2019,05,700.0,1200.0,USD,,,,,2026-05-24
해상,Busan,아시아,Nhava Sheva,2019,04,700.0,1200.0,USD,,,,,2026-05-24
해상,Busan,아시아,Nhava Sheva,2019,03,700.0,1200.0,USD,,,,,2026-05-24
해상,Busan,아시아,Nhava Sheva,2019,02,700.0,1200.0,USD,,,,,2026-05-24
해상,Busan,아시아,Nhava Sheva,2019,01,700.0,1200.0,USD,,,,,2026-05-24
해상,Busan,아시아,Nhava Sheva,2018,12,700.0,1200.0,USD,,,,,2026-05-24
해상,Busan,아시아,Nhava Sheva,2018,11,700.0,1200.0,USD,,,,,2026-05-24
해상,Busan,아시아,Nhava Sheva,2018,10,700.0,1200.0,USD,,,,,2026-05-24
해상,Busan,아시아,Nhava Sheva,2018,08,700.0,1200.0,USD,,,,,2026-05-24
해상,Busan,아시아,Nhava Sheva,2018,07,700.0,1200.0,USD,,,,,2026-05-24
해상,Busan,아시아,Nhava Sheva,2018,06,700.0,1200.0,USD,,,,,2026-05-24
해상,Busan,아시아,Nhava Sheva,2018,05,700.0,1200.0,USD,,,,,2026-05-24
해상,Busan,아시아,Nhava Sheva,2018,04,700.0,1200.0,USD,,,,,2026-05-24
해상,Busan,아시아,Nhava Sheva,2018,03,700.0,1200.0,USD,,,,,2026-05-24
해상,Busan,아시아,Nhava Sheva,2018,02,700.0,1200.0,USD,,,,,2026-05-24
해상,Busan,아시아,Nhava Sheva,2018,01,600.0,1200.0,USD,,,,,2026-05-24
해상,Busan,아시아,Nhava Sheva,2017,12,600.0,1200.0,USD,,,,,2026-05-24
해상,Busan,아시아,Yangon,2026,05,1300.0,2140.0,USD,,,,,2026-05-24
해상,Busan,아시아,Yangon,2026,04,1400.0,2400.0,USD,,,,,2026-05-24
해상,Busan,아시아,Yangon,2026,03,1150.0,1900.0,USD,,,,,2026-05-24
해상,Busan,아시아,Yangon,2026,02,1150.0,1900.0,USD,,,,,2026-05-24
해상,Busan,아시아,Yangon,2026,01,1200.0,1900.0,USD,,,,,2026-05-24
해상,Busan,아시아,Yangon,2025,12,1200.0,1900.0,USD,,,,,2026-05-24
해상,Busan,아시아,Yangon,2025,11,1500.0,1900.0,USD,,,,,2026-05-24
해상,Busan,아시아,Yangon,2025,10,1250.0,1900.0,USD,,,,,2026-05-24
해상,Busan,아시아,Yangon,2025,09,1200.0,1900.0,USD,,,,,2026-05-24
해상,Busan,아시아,Yangon,2025,08,1250.0,1950.0,USD,,,,,2026-05-24
해상,Busan,아시아,Yangon,2025,07,1600.0,2100.0,USD,,,,,2026-05-24
해상,Busan,아시아,Yangon,2025,06,1250.0,2000.0,USD,,,,,2026-05-24
해상,Busan,아시아,Yangon,2025,05,1200.0,2100.0,USD,,,,,2026-05-24
해상,Busan,아시아,Yangon,2025,04,1200.0,2100.0,USD,,,,,2026-05-24
해상,Busan,아시아,Yangon,2025,03,1500.0,2200.0,USD,,,,,2026-05-24
해상,Busan,아시아,Yangon,2025,01,1500.0,2400.0,USD,,,,,2026-05-24
해상,Busan,아시아,Yangon,2024,12,1500.0,2400.0,USD,,,,,2026-05-24
해상,Busan,아시아,Yangon,2024,11,1250.0,2100.0,USD,,,,,2026-05-24
해상,Busan,아시아,Yangon,2024,10,1100.0,1900.0,USD,,,,,2026-05-24
해상,Busan,아시아,Yangon,2024,09,1200.0,2150.0,USD,,,,,2026-05-24
해상,Busan,아시아,Yangon,2024,08,2000.0,3200.0,USD,,,,,2026-05-24
해상,Busan,아시아,Yangon,2024,07,1600.0,2700.0,USD,,,,,2026-05-24
해상,Busan,아시아,Yangon,2024,06,1500.0,2400.0,USD,,,,,2026-05-24
해상,Busan,아시아,Yangon,2024,05,1050.0,1700.0,USD,,,,,2026-05-24
해상,Busan,아시아,Yangon,2024,04,1200.0,2100.0,USD,,,,,2026-05-24
해상,Busan,아시아,Yangon,2024,03,1200.0,2000.0,USD,,,,,2026-05-24
해상,Busan,아시아,Yangon,2024,02,1200.0,2000.0,USD,,,,,2026-05-24
해상,Busan,아시아,Yangon,2024,01,1200.0,2000.0,USD,,,,,2026-05-24
해상,Busan,아시아,Yangon,2023,12,1200.0,1900.0,USD,,,,,2026-05-24
해상,Busan,아시아,Yangon,2023,11,1200.0,1900.0,USD,,,,,2026-05-24
해상,Busan,아시아,Yangon,2023,10,1200.0,1850.0,USD,,,,,2026-05-24
해상,Busan,아시아,Yangon,2023,09,1200.0,1300.0,USD,,,,,2026-05-24
해상,Busan,아시아,Yangon,2023,08,1300.0,1200.0,USD,,,,,2026-05-24
해상,Busan,아시아,Yangon,2023,07,700.0,1200.0,USD,,,,,2026-05-24
해상,Busan,아시아,Yangon,2023,06,750.0,1250.0,USD,,,,,2026-05-24
해상,Busan,아시아,Yangon,2023,05,1250.0,1800.0,USD,,,,,2026-05-24
해상,Busan,아시아,Yangon,2023,04,1700.0,2400.0,USD,,,,,2026-05-24
해상,Busan,아시아,Yangon,2023,03,2000.0,3300.0,USD,,,,,2026-05-24
해상,Busan,아시아,Yangon,2023,02,2000.0,2700.0,USD,,,,,2026-05-24
해상,Busan,아시아,Yangon,2023,01,1900.0,2600.0,USD,,,,,2026-05-24
해상,Busan,아시아,Yangon,2022,12,1820.0,2400.0,USD,,,,,2026-05-24
해상,Busan,아시아,Yangon,2022,11,2350.0,3350.0,USD,,,,,2026-05-24
해상,Busan,아시아,Yangon,2022,10,2500.0,3600.0,USD,,,,,2026-05-24
해상,Busan,아시아,Yangon,2022,09,5000.0,10000.0,USD,,,,,2026-05-24
해상,Busan,아시아,Yangon,2022,08,5000.0,10000.0,USD,,,,,2026-05-24
해상,Busan,아시아,Yangon,2022,07,5000.0,10000.0,USD,,,,,2026-05-24
해상,Busan,아시아,Yangon,2022,06,5000.0,10000.0,USD,,,,,2026-05-24
해상,Busan,아시아,Yangon,2022,05,6000.0,10000.0,USD,,,,,2026-05-24
해상,Busan,아시아,Yangon,2022,04,7500.0,12500.0,USD,,,,,2026-05-24
해상,Busan,아시아,Yangon,2022,03,6100.0,10300.0,USD,,,,,2026-05-24
해상,Busan,아시아,Yangon,2022,02,7050.0,12200.0,USD,,,,,2026-05-24
해상,Busan,아시아,Yangon,2022,01,7000.0,12000.0,USD,,,,,2026-05-24
해상,Busan,아시아,Yangon,2021,12,5000.0,8000.0,USD,,,,,2026-05-24
해상,Busan,아시아,Yangon,2021,11,5500.0,8000.0,USD,,,,,2026-05-24
해상,Busan,아시아,Yangon,2021,10,2900.0,4950.0,USD,,,,,2026-05-24
해상,Busan,아시아,Yangon,2021,09,2200.0,3400.0,USD,,,,,2026-05-24
해상,Busan,아시아,Yangon,2021,08,2200.0,3400.0,USD,,,,,2026-05-24
해상,Busan,아시아,Yangon,2021,07,2200.0,3500.0,USD,,,,,2026-05-24
해상,Busan,아시아,Yangon,2021,06,2200.0,3500.0,USD,,,,,2026-05-24
해상,Busan,아시아,Yangon,2021,05,2100.0,3300.0,USD,,,,,2026-05-24
해상,Busan,아시아,Yangon,2021,04,2100.0,3300.0,USD,,,,,2026-05-24
해상,Busan,아시아,Yangon,2021,03,2500.0,3700.0,USD,,,,,2026-05-24
해상,Busan,아시아,Yangon,2021,02,2500.0,3700.0,USD,,,,,2026-05-24
해상,Busan,아시아,Yangon,2021,01,2500.0,3700.0,USD,,,,,2026-05-24
해상,Busan,아시아,Yangon,2020,12,0.0,0.0,USD,,,,,2026-05-24
해상,Busan,아시아,Yangon,2020,11,1500.0,2000.0,USD,,,,,2026-05-24
해상,Busan,아시아,Yangon,2020,10,800.0,1600.0,USD,,,,,2026-05-24
해상,Busan,아시아,Yangon,2020,09,883.0,1533.0,USD,,,,,2026-05-24
해상,Busan,아시아,Yangon,2020,08,900.0,1500.0,USD,,,,,2026-05-24
해상,Busan,아시아,Yangon,2020,07,900.0,1500.0,USD,,,,,2026-05-24
해상,Busan,아시아,Yangon,2020,06,900.0,1500.0,USD,,,,,2026-05-24
해상,Busan,아시아,Yangon,2020,05,900.0,1500.0,USD,,,,,2026-05-24
해상,Busan,아시아,Yangon,2020,04,900.0,1500.0,USD,,,,,2026-05-24
해상,Busan,아시아,Yangon,2020,03,900.0,1500.0,USD,,,,,2026-05-24
해상,Busan,아시아,Yangon,2020,02,900.0,1500.0,USD,,,,,2026-05-24
해상,Busan,아시아,Yangon,2020,01,900.0,1500.0,USD,,,,,2026-05-24
해상,Busan,아시아,Yangon,2019,12,900.0,1500.0,USD,,,,,2026-05-24
해상,Busan,아시아,Yangon,2019,11,1020.0,1840.0,USD,,,,,2026-05-24
해상,Busan,아시아,Yangon,2019,10,900.0,1500.0,USD,,,,,2026-05-24
해상,Busan,아시아,Yangon,2019,09,900.0,1600.0,USD,,,,,2026-05-24
해상,Busan,아시아,Yangon,2019,08,900.0,1600.0,USD,,,,,2026-05-24
해상,Busan,아시아,Yangon,2019,07,900.0,1600.0,USD,,,,,2026-05-24
해상,Busan,아시아,Yangon,2019,06,900.0,1600.0,USD,,,,,2026-05-24
해상,Busan,아시아,Yangon,2019,05,900.0,1600.0,USD,,,,,2026-05-24
해상,Busan,아시아,Yangon,2019,04,900.0,1600.0,USD,,,,,2026-05-24
해상,Busan,아시아,Yangon,2019,03,900.0,1600.0,USD,,,,,2026-05-24
해상,Busan,아시아,Yangon,2019,02,900.0,1600.0,USD,,,,,2026-05-24
해상,Busan,아시아,Yangon,2019,01,900.0,1600.0,USD,,,,,2026-05-24
해상,Busan,아시아,Yangon,2018,12,900.0,1600.0,USD,,,,,2026-05-24
해상,Busan,아시아,Yangon,2018,11,900.0,1600.0,USD,,,,,2026-05-24
해상,Busan,아시아,Yangon,2018,10,900.0,1600.0,USD,,,,,2026-05-24
해상,Busan,아시아,Yangon,2018,08,900.0,1600.0,USD,,,,,2026-05-24
해상,Busan,아시아,Yangon,2018,07,900.0,1600.0,USD,,,,,2026-05-24
해상,Busan,아시아,Yangon,2018,06,900.0,1600.0,USD,,,,,2026-05-24
해상,Busan,아시아,Yangon,2018,05,900.0,1600.0,USD,,,,,2026-05-24
해상,Busan,아시아,Yangon,2018,04,900.0,1600.0,USD,,,,,2026-05-24
해상,Busan,아시아,Yangon,2018,03,900.0,1600.0,USD,,,,,2026-05-24
해상,Busan,아시아,Yangon,2018,02,900.0,1600.0,USD,,,,,2026-05-24
해상,Busan,아시아,Yangon,2018,01,900.0,1600.0,USD,,,,,2026-05-24
해상,Busan,아시아,Yangon,2017,12,900.0,1600.0,USD,,,,,2026-05-24
해상,Busan,아시아,Chennai,2026,05,1350.0,1500.0,USD,,,,,2026-05-24
해상,Busan,아시아,Chennai,2026,04,1500.0,1950.0,USD,,,,,2026-05-24
해상,Busan,아시아,Chennai,2026,03,1200.0,1400.0,USD,,,,,2026-05-24
해상,Busan,아시아,Chennai,2026,02,1400.0,1700.0,USD,,,,,2026-05-24
해상,Busan,아시아,Chennai,2026,01,1200.0,1400.0,USD,,,,,2026-05-24
해상,Busan,아시아,Chennai,2025,12,1100.0,1300.0,USD,,,,,2026-05-24
해상,Busan,아시아,Chennai,2025,11,1250.0,1600.0,USD,,,,,2026-05-24
해상,Busan,아시아,Chennai,2025,10,1200.0,1400.0,USD,,,,,2026-05-24
해상,Busan,아시아,Chennai,2025,09,1500.0,1800.0,USD,,,,,2026-05-24
해상,Busan,아시아,Chennai,2025,08,1600.0,1900.0,USD,,,,,2026-05-24
해상,Busan,아시아,Chennai,2025,07,1600.0,2000.0,USD,,,,,2026-05-24
해상,Busan,아시아,Chennai,2025,06,1200.0,1500.0,USD,,,,,2026-05-24
해상,Busan,아시아,Chennai,2025,05,1100.0,1200.0,USD,,,,,2026-05-24
해상,Busan,아시아,Chennai,2025,04,1200.0,1500.0,USD,,,,,2026-05-24
해상,Busan,아시아,Chennai,2025,03,1600.0,1650.0,USD,,,,,2026-05-24
해상,Busan,아시아,Chennai,2025,01,1700.0,2050.0,USD,,,,,2026-05-24
해상,Busan,아시아,Chennai,2024,12,1700.0,2050.0,USD,,,,,2026-05-24
해상,Busan,아시아,Chennai,2024,11,1500.0,2000.0,USD,,,,,2026-05-24
해상,Busan,아시아,Chennai,2024,10,1200.0,1700.0,USD,,,,,2026-05-24
해상,Busan,아시아,Chennai,2024,09,1600.0,2100.0,USD,,,,,2026-05-24
해상,Busan,아시아,Chennai,2024,08,2783.0,3600.0,USD,,,,,2026-05-24
해상,Busan,아시아,Chennai,2024,07,3200.0,4300.0,USD,,,,,2026-05-24
해상,Busan,아시아,Chennai,2024,06,2400.0,3900.0,USD,,,,,2026-05-24
해상,Busan,아시아,Chennai,2024,05,950.0,1200.0,USD,,,,,2026-05-24
해상,Busan,아시아,Chennai,2024,04,1100.0,1600.0,USD,,,,,2026-05-24
해상,Busan,아시아,Chennai,2024,03,1200.0,1600.0,USD,,,,,2026-05-24
해상,Busan,아시아,Chennai,2024,02,960.0,1400.0,USD,,,,,2026-05-24
해상,Busan,아시아,Chennai,2024,01,900.0,1200.0,USD,,,,,2026-05-24
해상,Busan,아시아,Chennai,2023,12,850.0,1150.0,USD,,,,,2026-05-24
해상,Busan,아시아,Chennai,2023,11,850.0,1100.0,USD,,,,,2026-05-24
해상,Busan,아시아,Chennai,2023,10,850.0,1050.0,USD,,,,,2026-05-24
해상,Busan,아시아,Chennai,2023,09,850.0,950.0,USD,,,,,2026-05-24
해상,Busan,아시아,Chennai,2023,08,850.0,950.0,USD,,,,,2026-05-24
해상,Busan,아시아,Chennai,2023,07,750.0,950.0,USD,,,,,2026-05-24
해상,Busan,아시아,Chennai,2023,06,800.0,950.0,USD,,,,,2026-05-24
해상,Busan,아시아,Chennai,2023,05,700.0,950.0,USD,,,,,2026-05-24
해상,Busan,아시아,Chennai,2023,04,800.0,1000.0,USD,,,,,2026-05-24
해상,Busan,아시아,Chennai,2023,03,800.0,1100.0,USD,,,,,2026-05-24
해상,Busan,아시아,Chennai,2023,02,750.0,1100.0,USD,,,,,2026-05-24
해상,Busan,아시아,Chennai,2023,01,650.0,700.0,USD,,,,,2026-05-24
해상,Busan,아시아,Chennai,2022,12,1100.0,1350.0,USD,,,,,2026-05-24
해상,Busan,아시아,Chennai,2022,11,1150.0,2000.0,USD,,,,,2026-05-24
해상,Busan,아시아,Chennai,2022,10,2000.0,3500.0,USD,,,,,2026-05-24
해상,Busan,아시아,Chennai,2022,09,4300.0,7000.0,USD,,,,,2026-05-24
해상,Busan,아시아,Chennai,2022,08,4300.0,7000.0,USD,,,,,2026-05-24
해상,Busan,아시아,Chennai,2022,07,4300.0,7000.0,USD,,,,,2026-05-24
해상,Busan,아시아,Chennai,2022,06,4300.0,7000.0,USD,,,,,2026-05-24
해상,Busan,아시아,Chennai,2022,05,4300.0,7000.0,USD,,,,,2026-05-24
해상,Busan,아시아,Chennai,2022,04,5000.0,7500.0,USD,,,,,2026-05-24
해상,Busan,아시아,Chennai,2022,03,5400.0,8200.0,USD,,,,,2026-05-24
해상,Busan,아시아,Chennai,2022,02,6300.0,8500.0,USD,,,,,2026-05-24
해상,Busan,아시아,Chennai,2022,01,4900.0,7400.0,USD,,,,,2026-05-24
해상,Busan,아시아,Chennai,2021,12,5300.0,8300.0,USD,,,,,2026-05-24
해상,Busan,아시아,Chennai,2021,11,5600.0,8200.0,USD,,,,,2026-05-24
해상,Busan,아시아,Chennai,2021,10,5500.0,8000.0,USD,,,,,2026-05-24
해상,Busan,아시아,Chennai,2021,09,2700.0,4000.0,USD,,,,,2026-05-24
해상,Busan,아시아,Chennai,2021,08,2300.0,2900.0,USD,,,,,2026-05-24
해상,Busan,아시아,Chennai,2021,07,2100.0,2800.0,USD,,,,,2026-05-24
해상,Busan,아시아,Chennai,2021,06,2000.0,2650.0,USD,,,,,2026-05-24
해상,Busan,아시아,Chennai,2021,05,2000.0,3000.0,USD,,,,,2026-05-24
해상,Busan,아시아,Chennai,2021,04,2000.0,3000.0,USD,,,,,2026-05-24
해상,Busan,아시아,Chennai,2021,03,2300.0,3200.0,USD,,,,,2026-05-24
해상,Busan,아시아,Chennai,2021,02,2300.0,3200.0,USD,,,,,2026-05-24
해상,Busan,아시아,Chennai,2021,01,2300.0,3200.0,USD,,,,,2026-05-24
해상,Busan,아시아,Chennai,2020,12,2260.0,2920.0,USD,,,,,2026-05-24
해상,Busan,아시아,Chennai,2020,11,1600.0,2200.0,USD,,,,,2026-05-24
해상,Busan,아시아,Chennai,2020,10,850.0,1225.0,USD,,,,,2026-05-24
해상,Busan,아시아,Chennai,2020,09,1050.0,1662.0,USD,,,,,2026-05-24
해상,Busan,아시아,Chennai,2020,08,900.0,1700.0,USD,,,,,2026-05-24
해상,Busan,아시아,Chennai,2020,07,900.0,1700.0,USD,,,,,2026-05-24
해상,Busan,아시아,Chennai,2020,06,900.0,1700.0,USD,,,,,2026-05-24
해상,Busan,아시아,Chennai,2020,05,900.0,1700.0,USD,,,,,2026-05-24
해상,Busan,아시아,Chennai,2020,04,600.0,900.0,USD,,,,,2026-05-24
해상,Busan,아시아,Chennai,2020,03,600.0,900.0,USD,,,,,2026-05-24
해상,Busan,아시아,Chennai,2020,02,600.0,900.0,USD,,,,,2026-05-24
해상,Busan,아시아,Chennai,2020,01,600.0,900.0,USD,,,,,2026-05-24
해상,Busan,아시아,Chennai,2019,12,600.0,900.0,USD,,,,,2026-05-24
해상,Busan,아시아,Chennai,2019,11,800.0,1300.0,USD,,,,,2026-05-24
해상,Busan,아시아,Chennai,2019,10,600.0,900.0,USD,,,,,2026-05-24
해상,Busan,아시아,Chennai,2019,09,600.0,900.0,USD,,,,,2026-05-24
해상,Busan,아시아,Chennai,2019,08,600.0,900.0,USD,,,,,2026-05-24
해상,Busan,아시아,Chennai,2019,07,600.0,900.0,USD,,,,,2026-05-24
해상,Busan,아시아,Chennai,2019,06,600.0,900.0,USD,,,,,2026-05-24
해상,Busan,아시아,Chennai,2019,05,600.0,900.0,USD,,,,,2026-05-24
해상,Busan,아시아,Chennai,2019,04,600.0,900.0,USD,,,,,2026-05-24
해상,Busan,아시아,Chennai,2019,03,600.0,900.0,USD,,,,,2026-05-24
해상,Busan,아시아,Chennai,2019,02,600.0,900.0,USD,,,,,2026-05-24
해상,Busan,아시아,Chennai,2019,01,600.0,900.0,USD,,,,,2026-05-24
해상,Busan,아시아,Chennai,2018,12,600.0,900.0,USD,,,,,2026-05-24
해상,Busan,아시아,Chennai,2018,11,600.0,900.0,USD,,,,,2026-05-24
해상,Busan,아시아,Chennai,2018,10,600.0,900.0,USD,,,,,2026-05-24
해상,Busan,아시아,Chennai,2018,08,600.0,900.0,USD,,,,,2026-05-24
해상,Busan,아시아,Chennai,2018,07,600.0,900.0,USD,,,,,2026-05-24
해상,Busan,아시아,Chennai,2018,06,600.0,900.0,USD,,,,,2026-05-24
해상,Busan,아시아,Chennai,2018,05,600.0,900.0,USD,,,,,2026-05-24
해상,Busan,아시아,Chennai,2018,04,600.0,900.0,USD,,,,,2026-05-24
해상,Busan,아시아,Chennai,2018,03,600.0,900.0,USD,,,,,2026-05-24
해상,Busan,아시아,Chennai,2018,02,600.0,900.0,USD,,,,,2026-05-24
해상,Busan,아시아,Chennai,2018,01,500.0,850.0,USD,,,,,2026-05-24
해상,Busan,아시아,Chennai,2017,12,500.0,850.0,USD,,,,,2026-05-24
해상,Busan,아시아,Karachi,2026,05,1650.0,2200.0,USD,,,,,2026-05-24
해상,Busan,아시아,Karachi,2026,04,1800.0,2450.0,USD,,,,,2026-05-24
해상,Busan,아시아,Karachi,2026,03,1300.0,1600.0,USD,,,,,2026-05-24
해상,Busan,아시아,Karachi,2026,02,1100.0,1400.0,USD,,,,,2026-05-24
해상,Busan,아시아,Karachi,2026,01,1300.0,1600.0,USD,,,,,2026-05-24
해상,Busan,아시아,Karachi,2025,12,1300.0,1600.0,USD,,,,,2026-05-24
해상,Busan,아시아,Karachi,2025,11,1650.0,2000.0,USD,,,,,2026-05-24
해상,Busan,아시아,Karachi,2025,10,1400.0,1700.0,USD,,,,,2026-05-24
해상,Busan,아시아,Karachi,2025,09,1600.0,2000.0,USD,,,,,2026-05-24
해상,Busan,아시아,Karachi,2025,08,1700.0,2200.0,USD,,,,,2026-05-24
해상,Busan,아시아,Karachi,2025,07,2000.0,2500.0,USD,,,,,2026-05-24
해상,Busan,아시아,Karachi,2025,06,1600.0,1950.0,USD,,,,,2026-05-24
해상,Busan,아시아,Karachi,2025,05,1400.0,1600.0,USD,,,,,2026-05-24
해상,Busan,아시아,Karachi,2025,04,1200.0,1600.0,USD,,,,,2026-05-24
해상,Busan,아시아,Karachi,2025,03,1700.0,2100.0,USD,,,,,2026-05-24
해상,Busan,아시아,Karachi,2025,01,1900.0,2500.0,USD,,,,,2026-05-24
해상,Busan,아시아,Karachi,2024,12,1900.0,2500.0,USD,,,,,2026-05-24
해상,Busan,아시아,Karachi,2024,11,2200.0,2600.0,USD,,,,,2026-05-24
해상,Busan,아시아,Karachi,2024,10,1800.0,2400.0,USD,,,,,2026-05-24
해상,Busan,아시아,Karachi,2024,09,2100.0,2700.0,USD,,,,,2026-05-24
해상,Busan,아시아,Karachi,2024,08,3000.0,3600.0,USD,,,,,2026-05-24
해상,Busan,아시아,Karachi,2024,07,3800.0,4900.0,USD,,,,,2026-05-24
해상,Busan,아시아,Karachi,2024,06,3200.0,4450.0,USD,,,,,2026-05-24
해상,Busan,아시아,Karachi,2024,05,1300.0,1750.0,USD,,,,,2026-05-24
해상,Busan,아시아,Karachi,2024,04,1200.0,1600.0,USD,,,,,2026-05-24
해상,Busan,아시아,Karachi,2024,03,1150.0,1600.0,USD,,,,,2026-05-24
해상,Busan,아시아,Karachi,2024,02,900.0,1700.0,USD,,,,,2026-05-24
해상,Busan,아시아,Karachi,2024,01,900.0,1700.0,USD,,,,,2026-05-24
해상,Busan,아시아,Karachi,2023,12,950.0,1300.0,USD,,,,,2026-05-24
해상,Busan,아시아,Karachi,2023,11,900.0,1200.0,USD,,,,,2026-05-24
해상,Busan,아시아,Karachi,2023,10,850.0,1200.0,USD,,,,,2026-05-24
해상,Busan,아시아,Karachi,2023,09,850.0,1200.0,USD,,,,,2026-05-24
해상,Busan,아시아,Karachi,2023,08,850.0,1200.0,USD,,,,,2026-05-24
해상,Busan,아시아,Karachi,2023,07,810.0,1200.0,USD,,,,,2026-05-24
해상,Busan,아시아,Karachi,2023,06,800.0,1100.0,USD,,,,,2026-05-24
해상,Busan,아시아,Karachi,2023,05,800.0,950.0,USD,,,,,2026-05-24
해상,Busan,아시아,Karachi,2023,04,900.0,950.0,USD,,,,,2026-05-24
해상,Busan,아시아,Karachi,2023,03,900.0,1500.0,USD,,,,,2026-05-24
해상,Busan,아시아,Karachi,2023,02,1100.0,1300.0,USD,,,,,2026-05-24
해상,Busan,아시아,Karachi,2023,01,1100.0,1400.0,USD,,,,,2026-05-24
해상,Busan,아시아,Karachi,2022,12,1100.0,1200.0,USD,,,,,2026-05-24
해상,Busan,아시아,Karachi,2022,11,1650.0,2200.0,USD,,,,,2026-05-24
해상,Busan,아시아,Karachi,2022,10,2000.0,3500.0,USD,,,,,2026-05-24
해상,Busan,아시아,Karachi,2022,09,4600.0,7500.0,USD,,,,,2026-05-24
해상,Busan,아시아,Karachi,2022,08,4600.0,7500.0,USD,,,,,2026-05-24
해상,Busan,아시아,Karachi,2022,07,4600.0,7500.0,USD,,,,,2026-05-24
해상,Busan,아시아,Karachi,2022,06,4600.0,7500.0,USD,,,,,2026-05-24
해상,Busan,아시아,Karachi,2022,05,4600.0,7500.0,USD,,,,,2026-05-24
해상,Busan,아시아,Karachi,2022,04,5000.0,7500.0,USD,,,,,2026-05-24
해상,Busan,아시아,Karachi,2022,03,5300.0,8500.0,USD,,,,,2026-05-24
해상,Busan,아시아,Karachi,2022,02,5900.0,8900.0,USD,,,,,2026-05-24
해상,Busan,아시아,Karachi,2022,01,5500.0,8700.0,USD,,,,,2026-05-24
해상,Busan,아시아,Karachi,2021,12,5500.0,8700.0,USD,,,,,2026-05-24
해상,Busan,아시아,Karachi,2021,11,5700.0,8600.0,USD,,,,,2026-05-24
해상,Busan,아시아,Karachi,2021,10,5600.0,8500.0,USD,,,,,2026-05-24
해상,Busan,아시아,Karachi,2021,09,2750.0,4200.0,USD,,,,,2026-05-24
해상,Busan,아시아,Karachi,2021,08,2600.0,3450.0,USD,,,,,2026-05-24
해상,Busan,아시아,Karachi,2021,07,2500.0,3300.0,USD,,,,,2026-05-24
해상,Busan,아시아,Karachi,2021,06,2300.0,3020.0,USD,,,,,2026-05-24
해상,Busan,아시아,Karachi,2021,05,2250.0,3300.0,USD,,,,,2026-05-24
해상,Busan,아시아,Karachi,2021,04,2250.0,3300.0,USD,,,,,2026-05-24
해상,Busan,아시아,Karachi,2021,03,2600.0,3400.0,USD,,,,,2026-05-24
해상,Busan,아시아,Karachi,2021,02,2600.0,3400.0,USD,,,,,2026-05-24
해상,Busan,아시아,Karachi,2021,01,2600.0,3400.0,USD,,,,,2026-05-24
해상,Busan,아시아,Karachi,2020,12,2460.0,3320.0,USD,,,,,2026-05-24
해상,Busan,아시아,Karachi,2020,11,1600.0,2200.0,USD,,,,,2026-05-24
해상,Busan,아시아,Karachi,2020,10,950.0,1375.0,USD,,,,,2026-05-24
해상,Busan,아시아,Karachi,2020,09,1025.0,1512.0,USD,,,,,2026-05-24
해상,Busan,아시아,Karachi,2020,08,900.0,1400.0,USD,,,,,2026-05-24
해상,Busan,아시아,Karachi,2020,07,900.0,1400.0,USD,,,,,2026-05-24
해상,Busan,아시아,Karachi,2020,06,900.0,1400.0,USD,,,,,2026-05-24
해상,Busan,아시아,Karachi,2020,05,900.0,1400.0,USD,,,,,2026-05-24
해상,Busan,아시아,Karachi,2020,04,900.0,1400.0,USD,,,,,2026-05-24
해상,Busan,아시아,Karachi,2020,03,850.0,1300.0,USD,,,,,2026-05-24
해상,Busan,아시아,Karachi,2020,02,850.0,1300.0,USD,,,,,2026-05-24
해상,Busan,아시아,Karachi,2020,01,850.0,1300.0,USD,,,,,2026-05-24
해상,Busan,아시아,Karachi,2019,12,850.0,1300.0,USD,,,,,2026-05-24
해상,Busan,아시아,Karachi,2019,11,970.0,1540.0,USD,,,,,2026-05-24
해상,Busan,아시아,Karachi,2019,10,850.0,1300.0,USD,,,,,2026-05-24
해상,Busan,아시아,Karachi,2019,09,850.0,1300.0,USD,,,,,2026-05-24
해상,Busan,아시아,Karachi,2019,08,850.0,1300.0,USD,,,,,2026-05-24
해상,Busan,아시아,Karachi,2019,07,850.0,1300.0,USD,,,,,2026-05-24
해상,Busan,아시아,Karachi,2019,06,850.0,1300.0,USD,,,,,2026-05-24
해상,Busan,아시아,Karachi,2019,05,850.0,1300.0,USD,,,,,2026-05-24
해상,Busan,아시아,Karachi,2019,04,850.0,1300.0,USD,,,,,2026-05-24
해상,Busan,아시아,Karachi,2019,03,850.0,1300.0,USD,,,,,2026-05-24
해상,Busan,아시아,Karachi,2019,02,850.0,1300.0,USD,,,,,2026-05-24
해상,Busan,아시아,Karachi,2019,01,850.0,1300.0,USD,,,,,2026-05-24
해상,Busan,아시아,Karachi,2018,12,850.0,1300.0,USD,,,,,2026-05-24
해상,Busan,아시아,Karachi,2018,11,850.0,1300.0,USD,,,,,2026-05-24
해상,Busan,아시아,Karachi,2018,10,850.0,1300.0,USD,,,,,2026-05-24
해상,Busan,아시아,Karachi,2018,08,850.0,1300.0,USD,,,,,2026-05-24
해상,Busan,아시아,Karachi,2018,07,850.0,1300.0,USD,,,,,2026-05-24
해상,Busan,아시아,Karachi,2018,06,850.0,1300.0,USD,,,,,2026-05-24
해상,Busan,아시아,Karachi,2018,05,850.0,1300.0,USD,,,,,2026-05-24
해상,Busan,아시아,Karachi,2018,04,850.0,1300.0,USD,,,,,2026-05-24
해상,Busan,아시아,Karachi,2018,03,850.0,1300.0,USD,,,,,2026-05-24
해상,Busan,아시아,Karachi,2018,02,850.0,1300.0,USD,,,,,2026-05-24
해상,Busan,아시아,Karachi,2018,01,850.0,1300.0,USD,,,,,2026-05-24
해상,Busan,아시아,Karachi,2017,12,850.0,1300.0,USD,,,,,2026-05-24
해상,Busan,아시아,Calcutta,2026,05,1850.0,2300.0,USD,,,,,2026-05-24
해상,Busan,아시아,Calcutta,2026,04,3100.0,4900.0,USD,,,,,2026-05-24
해상,Busan,아시아,Calcutta,2026,03,2500.0,3900.0,USD,,,,,2026-05-24
해상,Busan,아시아,Calcutta,2026,02,2500.0,4000.0,USD,,,,,2026-05-24
해상,Busan,아시아,Calcutta,2026,01,2700.0,4200.0,USD,,,,,2026-05-24
해상,Busan,아시아,Calcutta,2025,12,2500.0,4000.0,USD,,,,,2026-05-24
해상,Busan,아시아,Calcutta,2025,11,2850.0,4380.0,USD,,,,,2026-05-24
해상,Busan,아시아,Calcutta,2025,10,2500.0,3900.0,USD,,,,,2026-05-24
해상,Busan,아시아,Calcutta,2025,09,2500.0,3900.0,USD,,,,,2026-05-24
해상,Busan,아시아,Calcutta,2025,08,2500.0,3900.0,USD,,,,,2026-05-24
해상,Busan,아시아,Calcutta,2025,07,2600.0,4150.0,USD,,,,,2026-05-24
해상,Busan,아시아,Calcutta,2025,06,2600.0,4100.0,USD,,,,,2026-05-24
해상,Busan,아시아,Calcutta,2025,05,2600.0,4100.0,USD,,,,,2026-05-24
해상,Busan,아시아,Calcutta,2025,04,2600.0,4100.0,USD,,,,,2026-05-24
해상,Busan,아시아,Calcutta,2025,03,2600.0,3600.0,USD,,,,,2026-05-24
해상,Busan,아시아,Calcutta,2025,01,3100.0,4700.0,USD,,,,,2026-05-24
해상,Busan,아시아,Calcutta,2024,12,3100.0,4700.0,USD,,,,,2026-05-24
해상,Busan,아시아,Calcutta,2024,11,2400.0,3500.0,USD,,,,,2026-05-24
해상,Busan,아시아,Calcutta,2024,10,3000.0,4500.0,USD,,,,,2026-05-24
해상,Busan,아시아,Calcutta,2024,09,3100.0,4600.0,USD,,,,,2026-05-24
해상,Busan,아시아,Calcutta,2024,08,3383.0,4900.0,USD,,,,,2026-05-24
해상,Busan,아시아,Calcutta,2024,07,3800.0,4900.0,USD,,,,,2026-05-24
해상,Busan,아시아,Calcutta,2024,06,2500.0,3500.0,USD,,,,,2026-05-24
해상,Busan,아시아,Calcutta,2024,05,2500.0,3000.0,USD,,,,,2026-05-24
해상,Busan,아시아,Calcutta,2024,04,1500.0,2600.0,USD,,,,,2026-05-24
해상,Busan,아시아,Calcutta,2024,03,1400.0,2500.0,USD,,,,,2026-05-24
해상,Busan,아시아,Calcutta,2024,02,1300.0,2100.0,USD,,,,,2026-05-24
해상,Busan,아시아,Calcutta,2024,01,1200.0,2300.0,USD,,,,,2026-05-24
해상,Busan,아시아,Calcutta,2023,12,1200.0,2300.0,USD,,,,,2026-05-24
해상,Busan,아시아,Calcutta,2023,11,1000.0,1800.0,USD,,,,,2026-05-24
해상,Busan,아시아,Calcutta,2023,10,1000.0,1800.0,USD,,,,,2026-05-24
해상,Busan,아시아,Calcutta,2023,09,1000.0,1700.0,USD,,,,,2026-05-24
해상,Busan,아시아,Calcutta,2023,08,1000.0,1700.0,USD,,,,,2026-05-24
해상,Busan,아시아,Calcutta,2023,07,1100.0,1700.0,USD,,,,,2026-05-24
해상,Busan,아시아,Calcutta,2023,06,1100.0,1750.0,USD,,,,,2026-05-24
해상,Busan,아시아,Calcutta,2023,05,1200.0,1850.0,USD,,,,,2026-05-24
해상,Busan,아시아,Calcutta,2023,04,1300.0,2000.0,USD,,,,,2026-05-24
해상,Busan,아시아,Calcutta,2023,03,900.0,1500.0,USD,,,,,2026-05-24
해상,Busan,아시아,Calcutta,2023,02,1600.0,2400.0,USD,,,,,2026-05-24
해상,Busan,아시아,Calcutta,2023,01,1600.0,2500.0,USD,,,,,2026-05-24
해상,Busan,아시아,Calcutta,2022,12,1650.0,1500.0,USD,,,,,2026-05-24
해상,Busan,아시아,Calcutta,2022,11,1700.0,2800.0,USD,,,,,2026-05-24
해상,Busan,아시아,Calcutta,2022,10,3700.0,4400.0,USD,,,,,2026-05-24
해상,Busan,아시아,Calcutta,2022,09,4500.0,7000.0,USD,,,,,2026-05-24
해상,Busan,아시아,Calcutta,2022,08,4500.0,7000.0,USD,,,,,2026-05-24
해상,Busan,아시아,Calcutta,2022,07,4500.0,7000.0,USD,,,,,2026-05-24
해상,Busan,아시아,Calcutta,2022,06,4500.0,7000.0,USD,,,,,2026-05-24
해상,Busan,아시아,Calcutta,2022,05,4300.0,7000.0,USD,,,,,2026-05-24
해상,Busan,아시아,Calcutta,2022,04,5000.0,7500.0,USD,,,,,2026-05-24
해상,Busan,아시아,Calcutta,2022,03,5900.0,8900.0,USD,,,,,2026-05-24
해상,Busan,아시아,Calcutta,2022,02,6800.0,9500.0,USD,,,,,2026-05-24
해상,Busan,아시아,Calcutta,2022,01,5900.0,8400.0,USD,,,,,2026-05-24
해상,Busan,아시아,Calcutta,2021,12,5600.0,8100.0,USD,,,,,2026-05-24
해상,Busan,아시아,Calcutta,2021,11,5500.0,8000.0,USD,,,,,2026-05-24
해상,Busan,아시아,Calcutta,2021,10,4900.0,7300.0,USD,,,,,2026-05-24
해상,Busan,아시아,Calcutta,2021,09,2800.0,3800.0,USD,,,,,2026-05-24
해상,Busan,아시아,Calcutta,2021,08,2200.0,3400.0,USD,,,,,2026-05-24
해상,Busan,아시아,Calcutta,2021,07,2200.0,3500.0,USD,,,,,2026-05-24
해상,Busan,아시아,Calcutta,2021,06,2300.0,3550.0,USD,,,,,2026-05-24
해상,Busan,아시아,Calcutta,2021,05,2900.0,3600.0,USD,,,,,2026-05-24
해상,Busan,아시아,Calcutta,2021,04,2900.0,3600.0,USD,,,,,2026-05-24
해상,Busan,아시아,Calcutta,2021,03,2900.0,5100.0,USD,,,,,2026-05-24
해상,Busan,아시아,Calcutta,2021,02,2900.0,5100.0,USD,,,,,2026-05-24
해상,Busan,아시아,Calcutta,2021,01,2900.0,5100.0,USD,,,,,2026-05-24
해상,Busan,아시아,Calcutta,2020,12,0.0,0.0,USD,,,,,2026-05-24
해상,Busan,아시아,Calcutta,2020,11,1100.0,1600.0,USD,,,,,2026-05-24
해상,Busan,아시아,Calcutta,2020,10,1100.0,1700.0,USD,,,,,2026-05-24
해상,Busan,아시아,Calcutta,2020,09,1066.0,1633.0,USD,,,,,2026-05-24
해상,Busan,아시아,Calcutta,2020,08,900.0,1700.0,USD,,,,,2026-05-24
해상,Busan,아시아,Calcutta,2020,07,900.0,1700.0,USD,,,,,2026-05-24
해상,Busan,아시아,Calcutta,2020,06,900.0,1700.0,USD,,,,,2026-05-24
해상,Busan,아시아,Calcutta,2020,05,900.0,1700.0,USD,,,,,2026-05-24
해상,Busan,아시아,Calcutta,2020,04,800.0,1500.0,USD,,,,,2026-05-24
해상,Busan,아시아,Calcutta,2020,03,800.0,1500.0,USD,,,,,2026-05-24
해상,Busan,아시아,Calcutta,2020,02,800.0,1500.0,USD,,,,,2026-05-24
해상,Busan,아시아,Calcutta,2020,01,800.0,1500.0,USD,,,,,2026-05-24
해상,Busan,아시아,Calcutta,2019,12,800.0,1500.0,USD,,,,,2026-05-24
해상,Busan,아시아,Calcutta,2019,11,950.0,1800.0,USD,,,,,2026-05-24
해상,Busan,아시아,Calcutta,2019,10,800.0,1500.0,USD,,,,,2026-05-24
해상,Busan,아시아,Calcutta,2019,09,800.0,1500.0,USD,,,,,2026-05-24
해상,Busan,아시아,Calcutta,2019,08,800.0,1500.0,USD,,,,,2026-05-24
해상,Busan,아시아,Calcutta,2019,07,800.0,1500.0,USD,,,,,2026-05-24
해상,Busan,아시아,Calcutta,2019,06,800.0,1500.0,USD,,,,,2026-05-24
해상,Busan,아시아,Calcutta,2019,05,800.0,1500.0,USD,,,,,2026-05-24
해상,Busan,아시아,Calcutta,2019,04,800.0,1500.0,USD,,,,,2026-05-24
해상,Busan,아시아,Calcutta,2019,03,800.0,1500.0,USD,,,,,2026-05-24
해상,Busan,아시아,Calcutta,2019,02,800.0,1500.0,USD,,,,,2026-05-24
해상,Busan,아시아,Calcutta,2019,01,800.0,1500.0,USD,,,,,2026-05-24
해상,Busan,아시아,Calcutta,2018,12,800.0,1500.0,USD,,,,,2026-05-24
해상,Busan,아시아,Calcutta,2018,11,800.0,1500.0,USD,,,,,2026-05-24
해상,Busan,아시아,Calcutta,2018,10,800.0,1500.0,USD,,,,,2026-05-24
해상,Busan,아시아,Calcutta,2018,08,800.0,1500.0,USD,,,,,2026-05-24
해상,Busan,아시아,Calcutta,2018,07,800.0,1500.0,USD,,,,,2026-05-24
해상,Busan,아시아,Calcutta,2018,06,800.0,1500.0,USD,,,,,2026-05-24
해상,Busan,아시아,Calcutta,2018,05,800.0,1500.0,USD,,,,,2026-05-24
해상,Busan,아시아,Calcutta,2018,04,800.0,1500.0,USD,,,,,2026-05-24
해상,Busan,아시아,Calcutta,2018,03,800.0,1500.0,USD,,,,,2026-05-24
해상,Busan,아시아,Calcutta,2018,02,800.0,1500.0,USD,,,,,2026-05-24
해상,Busan,아시아,Calcutta,2018,01,800.0,1500.0,USD,,,,,2026-05-24
해상,Busan,아시아,Calcutta,2017,12,800.0,1500.0,USD,,,,,2026-05-24
해상,Busan,아시아,Chittagong,2026,05,1700.0,2300.0,USD,,,,,2026-05-24
해상,Busan,아시아,Chittagong,2026,04,1750.0,2300.0,USD,,,,,2026-05-24
해상,Busan,아시아,Chittagong,2026,03,1300.0,1400.0,USD,,,,,2026-05-24
해상,Busan,아시아,Chittagong,2026,02,1200.0,1300.0,USD,,,,,2026-05-24
해상,Busan,아시아,Chittagong,2026,01,1300.0,1550.0,USD,,,,,2026-05-24
해상,Busan,아시아,Chittagong,2025,12,1300.0,1400.0,USD,,,,,2026-05-24
해상,Busan,아시아,Chittagong,2025,11,1600.0,1800.0,USD,,,,,2026-05-24
해상,Busan,아시아,Chittagong,2025,10,1250.0,1550.0,USD,,,,,2026-05-24
해상,Busan,아시아,Chittagong,2025,09,1250.0,1550.0,USD,,,,,2026-05-24
해상,Busan,아시아,Chittagong,2025,08,1300.0,1800.0,USD,,,,,2026-05-24
해상,Busan,아시아,Chittagong,2025,07,1600.0,2000.0,USD,,,,,2026-05-24
해상,Busan,아시아,Chittagong,2025,06,1250.0,1650.0,USD,,,,,2026-05-24
해상,Busan,아시아,Chittagong,2025,05,1150.0,1500.0,USD,,,,,2026-05-24
해상,Busan,아시아,Chittagong,2025,04,1000.0,1400.0,USD,,,,,2026-05-24
해상,Busan,아시아,Chittagong,2025,03,1300.0,1900.0,USD,,,,,2026-05-24
해상,Busan,아시아,Chittagong,2025,01,1300.0,1900.0,USD,,,,,2026-05-24
해상,Busan,아시아,Chittagong,2024,12,1300.0,1900.0,USD,,,,,2026-05-24
해상,Busan,아시아,Chittagong,2024,11,1200.0,1700.0,USD,,,,,2026-05-24
해상,Busan,아시아,Chittagong,2024,10,1200.0,1800.0,USD,,,,,2026-05-24
해상,Busan,아시아,Chittagong,2024,09,1600.0,2200.0,USD,,,,,2026-05-24
해상,Busan,아시아,Chittagong,2024,08,2450.0,3600.0,USD,,,,,2026-05-24
해상,Busan,아시아,Chittagong,2024,07,2400.0,3800.0,USD,,,,,2026-05-24
해상,Busan,아시아,Chittagong,2024,06,1900.0,3100.0,USD,,,,,2026-05-24
해상,Busan,아시아,Chittagong,2024,05,1300.0,1700.0,USD,,,,,2026-05-24
해상,Busan,아시아,Chittagong,2024,04,1200.0,2100.0,USD,,,,,2026-05-24
해상,Busan,아시아,Chittagong,2024,03,1100.0,1800.0,USD,,,,,2026-05-24
해상,Busan,아시아,Chittagong,2024,02,1200.0,1850.0,USD,,,,,2026-05-24
해상,Busan,아시아,Chittagong,2024,01,1000.0,1800.0,USD,,,,,2026-05-24
해상,Busan,아시아,Chittagong,2023,12,1000.0,1600.0,USD,,,,,2026-05-24
해상,Busan,아시아,Chittagong,2023,11,950.0,1600.0,USD,,,,,2026-05-24
해상,Busan,아시아,Chittagong,2023,10,950.0,1600.0,USD,,,,,2026-05-24
해상,Busan,아시아,Chittagong,2023,09,950.0,1600.0,USD,,,,,2026-05-24
해상,Busan,아시아,Chittagong,2023,08,950.0,1600.0,USD,,,,,2026-05-24
해상,Busan,아시아,Chittagong,2023,07,950.0,1600.0,USD,,,,,2026-05-24
해상,Busan,아시아,Chittagong,2023,06,950.0,1500.0,USD,,,,,2026-05-24
해상,Busan,아시아,Chittagong,2023,05,1000.0,1500.0,USD,,,,,2026-05-24
해상,Busan,아시아,Chittagong,2023,04,1000.0,1600.0,USD,,,,,2026-05-24
해상,Busan,아시아,Chittagong,2023,03,1600.0,2700.0,USD,,,,,2026-05-24
해상,Busan,아시아,Chittagong,2023,02,1850.0,2750.0,USD,,,,,2026-05-24
해상,Busan,아시아,Chittagong,2023,01,1200.0,2200.0,USD,,,,,2026-05-24
해상,Busan,아시아,Chittagong,2022,12,1350.0,3400.0,USD,,,,,2026-05-24
해상,Busan,아시아,Chittagong,2022,11,1350.0,2400.0,USD,,,,,2026-05-24
해상,Busan,아시아,Chittagong,2022,10,2000.0,3000.0,USD,,,,,2026-05-24
해상,Busan,아시아,Chittagong,2022,09,5000.0,9000.0,USD,,,,,2026-05-24
해상,Busan,아시아,Chittagong,2022,08,5000.0,9000.0,USD,,,,,2026-05-24
해상,Busan,아시아,Chittagong,2022,07,5000.0,9000.0,USD,,,,,2026-05-24
해상,Busan,아시아,Chittagong,2022,06,5000.0,9000.0,USD,,,,,2026-05-24
해상,Busan,아시아,Chittagong,2022,05,5000.0,9000.0,USD,,,,,2026-05-24
해상,Busan,아시아,Chittagong,2022,04,6000.0,10000.0,USD,,,,,2026-05-24
해상,Busan,아시아,Chittagong,2022,03,6700.0,11300.0,USD,,,,,2026-05-24
해상,Busan,아시아,Chittagong,2022,02,6700.0,12000.0,USD,,,,,2026-05-24
해상,Busan,아시아,Chittagong,2022,01,6600.0,11000.0,USD,,,,,2026-05-24
해상,Busan,아시아,Chittagong,2021,12,5000.0,8600.0,USD,,,,,2026-05-24
해상,Busan,아시아,Chittagong,2021,11,3850.0,5700.0,USD,,,,,2026-05-24
해상,Busan,아시아,Chittagong,2021,10,2800.0,4100.0,USD,,,,,2026-05-24
해상,Busan,아시아,Chittagong,2021,09,2300.0,3200.0,USD,,,,,2026-05-24
해상,Busan,아시아,Chittagong,2021,08,2500.0,3500.0,USD,,,,,2026-05-24
해상,Busan,아시아,Chittagong,2021,07,2600.0,3600.0,USD,,,,,2026-05-24
해상,Busan,아시아,Chittagong,2021,06,1810.0,2720.0,USD,,,,,2026-05-24
해상,Busan,아시아,Chittagong,2021,05,2500.0,3300.0,USD,,,,,2026-05-24
해상,Busan,아시아,Chittagong,2021,04,2500.0,3300.0,USD,,,,,2026-05-24
해상,Busan,아시아,Chittagong,2021,03,2500.0,3000.0,USD,,,,,2026-05-24
해상,Busan,아시아,Chittagong,2021,02,2500.0,3000.0,USD,,,,,2026-05-24
해상,Busan,아시아,Chittagong,2021,01,2500.0,3000.0,USD,,,,,2026-05-24
해상,Busan,아시아,Chittagong,2020,12,2370.0,3320.0,USD,,,,,2026-05-24
해상,Busan,아시아,Chittagong,2020,11,1600.0,2200.0,USD,,,,,2026-05-24
해상,Busan,아시아,Chittagong,2020,10,1000.0,1600.0,USD,,,,,2026-05-24
해상,Busan,아시아,Chittagong,2020,09,1000.0,1533.0,USD,,,,,2026-05-24
해상,Busan,아시아,Chittagong,2020,08,1000.0,1600.0,USD,,,,,2026-05-24
해상,Busan,아시아,Chittagong,2020,07,1000.0,1600.0,USD,,,,,2026-05-24
해상,Busan,아시아,Chittagong,2020,06,1000.0,1600.0,USD,,,,,2026-05-24
해상,Busan,아시아,Chittagong,2020,05,1000.0,1600.0,USD,,,,,2026-05-24
해상,Busan,아시아,Chittagong,2020,04,1200.0,1900.0,USD,,,,,2026-05-24
해상,Busan,아시아,Chittagong,2020,03,1200.0,1900.0,USD,,,,,2026-05-24
해상,Busan,아시아,Chittagong,2020,02,1200.0,1900.0,USD,,,,,2026-05-24
해상,Busan,아시아,Chittagong,2020,01,1200.0,1900.0,USD,,,,,2026-05-24
해상,Busan,아시아,Chittagong,2019,12,1100.0,1800.0,USD,,,,,2026-05-24
해상,Busan,아시아,Chittagong,2019,11,1270.0,2040.0,USD,,,,,2026-05-24
해상,Busan,아시아,Chittagong,2019,10,1200.0,1900.0,USD,,,,,2026-05-24
해상,Busan,아시아,Chittagong,2019,09,1200.0,1900.0,USD,,,,,2026-05-24
해상,Busan,아시아,Chittagong,2019,08,1200.0,1900.0,USD,,,,,2026-05-24
해상,Busan,아시아,Chittagong,2019,07,1200.0,1900.0,USD,,,,,2026-05-24
해상,Busan,아시아,Chittagong,2019,06,1200.0,1900.0,USD,,,,,2026-05-24
해상,Busan,아시아,Chittagong,2019,05,1200.0,1900.0,USD,,,,,2026-05-24
해상,Busan,아시아,Chittagong,2019,04,1200.0,1900.0,USD,,,,,2026-05-24
해상,Busan,아시아,Chittagong,2019,03,1200.0,1900.0,USD,,,,,2026-05-24
해상,Busan,아시아,Chittagong,2019,02,1200.0,1900.0,USD,,,,,2026-05-24
해상,Busan,아시아,Chittagong,2019,01,1200.0,1900.0,USD,,,,,2026-05-24
해상,Busan,아시아,Chittagong,2018,12,1200.0,1900.0,USD,,,,,2026-05-24
해상,Busan,아시아,Chittagong,2018,11,1200.0,1900.0,USD,,,,,2026-05-24
해상,Busan,아시아,Chittagong,2018,10,1200.0,1900.0,USD,,,,,2026-05-24
해상,Busan,아시아,Chittagong,2018,08,1200.0,1900.0,USD,,,,,2026-05-24
해상,Busan,아시아,Chittagong,2018,07,1200.0,1900.0,USD,,,,,2026-05-24
해상,Busan,아시아,Chittagong,2018,06,1200.0,1900.0,USD,,,,,2026-05-24
해상,Busan,아시아,Chittagong,2018,05,1200.0,1900.0,USD,,,,,2026-05-24
해상,Busan,아시아,Chittagong,2018,04,1200.0,1900.0,USD,,,,,2026-05-24
해상,Busan,아시아,Chittagong,2018,03,1200.0,1900.0,USD,,,,,2026-05-24
해상,Busan,아시아,Chittagong,2018,02,1200.0,1900.0,USD,,,,,2026-05-24
해상,Busan,아시아,Chittagong,2018,01,1200.0,1900.0,USD,,,,,2026-05-24
해상,Busan,아시아,Chittagong,2017,12,1200.0,1900.0,USD,,,,,2026-05-24
해상,Busan,아시아,Colombo,2026,05,1850.0,2400.0,USD,,,,,2026-05-24
해상,Busan,아시아,Colombo,2026,04,2000.0,2550.0,USD,,,,,2026-05-24
해상,Busan,아시아,Colombo,2026,03,1700.0,2000.0,USD,,,,,2026-05-24
해상,Busan,아시아,Colombo,2026,02,1500.0,1800.0,USD,,,,,2026-05-24
해상,Busan,아시아,Colombo,2026,01,1700.0,2000.0,USD,,,,,2026-05-24
해상,Busan,아시아,Colombo,2025,12,1700.0,2000.0,USD,,,,,2026-05-24
해상,Busan,아시아,Colombo,2025,11,1900.0,2100.0,USD,,,,,2026-05-24
해상,Busan,아시아,Colombo,2025,10,1700.0,2000.0,USD,,,,,2026-05-24
해상,Busan,아시아,Colombo,2025,09,1900.0,2300.0,USD,,,,,2026-05-24
해상,Busan,아시아,Colombo,2025,08,2100.0,2300.0,USD,,,,,2026-05-24
해상,Busan,아시아,Colombo,2025,07,2300.0,2500.0,USD,,,,,2026-05-24
해상,Busan,아시아,Colombo,2025,06,1700.0,2000.0,USD,,,,,2026-05-24
해상,Busan,아시아,Colombo,2025,05,1600.0,1600.0,USD,,,,,2026-05-24
해상,Busan,아시아,Colombo,2025,04,1500.0,1500.0,USD,,,,,2026-05-24
해상,Busan,아시아,Colombo,2025,03,2000.0,2500.0,USD,,,,,2026-05-24
해상,Busan,아시아,Colombo,2025,01,2000.0,2500.0,USD,,,,,2026-05-24
해상,Busan,아시아,Colombo,2024,12,2000.0,2500.0,USD,,,,,2026-05-24
해상,Busan,아시아,Colombo,2024,11,2200.0,2650.0,USD,,,,,2026-05-24
해상,Busan,아시아,Colombo,2024,10,1800.0,2700.0,USD,,,,,2026-05-24
해상,Busan,아시아,Colombo,2024,09,1550.0,2300.0,USD,,,,,2026-05-24
해상,Busan,아시아,Colombo,2024,08,3100.0,3600.0,USD,,,,,2026-05-24
해상,Busan,아시아,Colombo,2024,07,3200.0,4000.0,USD,,,,,2026-05-24
해상,Busan,아시아,Colombo,2024,06,3200.0,4300.0,USD,,,,,2026-05-24
해상,Busan,아시아,Colombo,2024,05,1300.0,1600.0,USD,,,,,2026-05-24
해상,Busan,아시아,Colombo,2024,04,1000.0,1500.0,USD,,,,,2026-05-24
해상,Busan,아시아,Colombo,2024,03,1100.0,1600.0,USD,,,,,2026-05-24
해상,Busan,아시아,Colombo,2024,02,1100.0,1600.0,USD,,,,,2026-05-24
해상,Busan,아시아,Colombo,2024,01,1100.0,1600.0,USD,,,,,2026-05-24
해상,Busan,아시아,Colombo,2023,12,1100.0,1500.0,USD,,,,,2026-05-24
해상,Busan,아시아,Colombo,2023,11,1000.0,1500.0,USD,,,,,2026-05-24
해상,Busan,아시아,Colombo,2023,10,1000.0,1400.0,USD,,,,,2026-05-24
해상,Busan,아시아,Colombo,2023,09,1000.0,1300.0,USD,,,,,2026-05-24
해상,Busan,아시아,Colombo,2023,08,1000.0,1300.0,USD,,,,,2026-05-24
해상,Busan,아시아,Colombo,2023,07,1000.0,1300.0,USD,,,,,2026-05-24
해상,Busan,아시아,Colombo,2023,06,1000.0,1200.0,USD,,,,,2026-05-24
해상,Busan,아시아,Colombo,2023,05,1000.0,1200.0,USD,,,,,2026-05-24
해상,Busan,아시아,Colombo,2023,04,950.0,1200.0,USD,,,,,2026-05-24
해상,Busan,아시아,Colombo,2023,03,1800.0,2800.0,USD,,,,,2026-05-24
해상,Busan,아시아,Colombo,2023,02,1400.0,2200.0,USD,,,,,2026-05-24
해상,Busan,아시아,Colombo,2023,01,1400.0,2200.0,USD,,,,,2026-05-24
해상,Busan,아시아,Colombo,2022,12,1400.0,2200.0,USD,,,,,2026-05-24
해상,Busan,아시아,Colombo,2022,11,1500.0,2650.0,USD,,,,,2026-05-24
해상,Busan,아시아,Colombo,2022,10,2100.0,3100.0,USD,,,,,2026-05-24
해상,Busan,아시아,Colombo,2022,09,5000.0,7000.0,USD,,,,,2026-05-24
해상,Busan,아시아,Colombo,2022,08,5000.0,7000.0,USD,,,,,2026-05-24
해상,Busan,아시아,Colombo,2022,07,5000.0,7000.0,USD,,,,,2026-05-24
해상,Busan,아시아,Colombo,2022,06,5000.0,7000.0,USD,,,,,2026-05-24
해상,Busan,아시아,Colombo,2022,05,5000.0,7000.0,USD,,,,,2026-05-24
해상,Busan,아시아,Colombo,2022,04,5200.0,7500.0,USD,,,,,2026-05-24
해상,Busan,아시아,Colombo,2022,03,5300.0,7900.0,USD,,,,,2026-05-24
해상,Busan,아시아,Colombo,2022,02,6100.0,8000.0,USD,,,,,2026-05-24
해상,Busan,아시아,Colombo,2022,01,5000.0,7400.0,USD,,,,,2026-05-24
해상,Busan,아시아,Colombo,2021,12,3700.0,5200.0,USD,,,,,2026-05-24
해상,Busan,아시아,Colombo,2021,11,3600.0,5000.0,USD,,,,,2026-05-24
해상,Busan,아시아,Colombo,2021,10,3050.0,3800.0,USD,,,,,2026-05-24
해상,Busan,아시아,Colombo,2021,09,2900.0,3750.0,USD,,,,,2026-05-24
해상,Busan,아시아,Colombo,2021,08,2900.0,3500.0,USD,,,,,2026-05-24
해상,Busan,아시아,Colombo,2021,07,2800.0,3600.0,USD,,,,,2026-05-24
해상,Busan,아시아,Colombo,2021,06,2500.0,3420.0,USD,,,,,2026-05-24
해상,Busan,아시아,Colombo,2021,05,2700.0,3600.0,USD,,,,,2026-05-24
해상,Busan,아시아,Colombo,2021,04,2700.0,3600.0,USD,,,,,2026-05-24
해상,Busan,아시아,Colombo,2021,03,2400.0,3400.0,USD,,,,,2026-05-24
해상,Busan,아시아,Colombo,2021,02,2400.0,3400.0,USD,,,,,2026-05-24
해상,Busan,아시아,Colombo,2021,01,2400.0,3400.0,USD,,,,,2026-05-24
해상,Busan,아시아,Colombo,2020,12,2370.0,3320.0,USD,,,,,2026-05-24
해상,Busan,아시아,Colombo,2020,11,1600.0,2200.0,USD,,,,,2026-05-24
해상,Busan,아시아,Colombo,2020,10,1050.0,1450.0,USD,,,,,2026-05-24
해상,Busan,아시아,Colombo,2020,09,1075.0,1625.0,USD,,,,,2026-05-24
해상,Busan,아시아,Colombo,2020,08,800.0,1600.0,USD,,,,,2026-05-24
해상,Busan,아시아,Colombo,2020,07,800.0,1600.0,USD,,,,,2026-05-24
해상,Busan,아시아,Colombo,2020,06,900.0,1700.0,USD,,,,,2026-05-24
해상,Busan,아시아,Colombo,2020,05,900.0,1700.0,USD,,,,,2026-05-24
해상,Busan,아시아,Colombo,2020,04,900.0,1700.0,USD,,,,,2026-05-24
해상,Busan,아시아,Colombo,2020,03,900.0,1700.0,USD,,,,,2026-05-24
해상,Busan,아시아,Colombo,2020,02,900.0,1700.0,USD,,,,,2026-05-24
해상,Busan,아시아,Colombo,2020,01,900.0,1700.0,USD,,,,,2026-05-24
해상,Busan,아시아,Colombo,2019,12,900.0,1700.0,USD,,,,,2026-05-24
해상,Busan,아시아,Colombo,2019,11,1020.0,1940.0,USD,,,,,2026-05-24
해상,Busan,아시아,Colombo,2019,10,900.0,1700.0,USD,,,,,2026-05-24
해상,Busan,아시아,Colombo,2019,09,900.0,1700.0,USD,,,,,2026-05-24
해상,Busan,아시아,Colombo,2019,08,900.0,1700.0,USD,,,,,2026-05-24
해상,Busan,아시아,Colombo,2019,07,900.0,1700.0,USD,,,,,2026-05-24
해상,Busan,아시아,Colombo,2019,06,900.0,1700.0,USD,,,,,2026-05-24
해상,Busan,아시아,Colombo,2019,05,900.0,1700.0,USD,,,,,2026-05-24
해상,Busan,아시아,Colombo,2019,04,900.0,1700.0,USD,,,,,2026-05-24
해상,Busan,아시아,Colombo,2019,03,900.0,1700.0,USD,,,,,2026-05-24
해상,Busan,아시아,Colombo,2019,02,900.0,1700.0,USD,,,,,2026-05-24
해상,Busan,아시아,Colombo,2019,01,900.0,1700.0,USD,,,,,2026-05-24
해상,Busan,아시아,Colombo,2018,12,900.0,1700.0,USD,,,,,2026-05-24
해상,Busan,아시아,Colombo,2018,11,900.0,1700.0,USD,,,,,2026-05-24
해상,Busan,아시아,Colombo,2018,10,900.0,1700.0,USD,,,,,2026-05-24
해상,Busan,아시아,Colombo,2018,08,900.0,1700.0,USD,,,,,2026-05-24
해상,Busan,아시아,Colombo,2018,07,900.0,1700.0,USD,,,,,2026-05-24
해상,Busan,아시아,Colombo,2018,06,900.0,1700.0,USD,,,,,2026-05-24
해상,Busan,아시아,Colombo,2018,05,900.0,1700.0,USD,,,,,2026-05-24
해상,Busan,아시아,Colombo,2018,04,900.0,1700.0,USD,,,,,2026-05-24
해상,Busan,아시아,Colombo,2018,03,900.0,1700.0,USD,,,,,2026-05-24
해상,Busan,아시아,Colombo,2018,02,900.0,1700.0,USD,,,,,2026-05-24
해상,Busan,아시아,Colombo,2018,01,800.0,1600.0,USD,,,,,2026-05-24
해상,Busan,아시아,Colombo,2017,12,800.0,1600.0,USD,,,,,2026-05-24
해상,Busan,일본,Hakata,2026,05,50.0,100.0,USD,,,,,2026-05-24
해상,Busan,일본,Hakata,2026,04,50.0,100.0,USD,,,,,2026-05-24
해상,Busan,일본,Hakata,2026,03,50.0,100.0,USD,,,,,2026-05-24
해상,Busan,일본,Hakata,2026,02,50.0,100.0,USD,,,,,2026-05-24
해상,Busan,일본,Hakata,2026,01,50.0,100.0,USD,,,,,2026-05-24
해상,Busan,일본,Hakata,2025,12,50.0,100.0,USD,,,,,2026-05-24
해상,Busan,일본,Hakata,2025,11,50.0,100.0,USD,,,,,2026-05-24
해상,Busan,일본,Hakata,2025,10,50.0,100.0,USD,,,,,2026-05-24
해상,Busan,일본,Hakata,2025,09,50.0,100.0,USD,,,,,2026-05-24
해상,Busan,일본,Hakata,2025,08,50.0,100.0,USD,,,,,2026-05-24
해상,Busan,일본,Hakata,2025,07,50.0,100.0,USD,,,,,2026-05-24
해상,Busan,일본,Hakata,2025,06,30.0,50.0,USD,,,,,2026-05-24
해상,Busan,일본,Hakata,2025,05,30.0,50.0,USD,,,,,2026-05-24
해상,Busan,일본,Hakata,2025,04,30.0,50.0,USD,,,,,2026-05-24
해상,Busan,일본,Hakata,2025,03,30.0,60.0,USD,,,,,2026-05-24
해상,Busan,일본,Hakata,2025,01,400.0,450.0,USD,,,,,2026-05-24
해상,Busan,일본,Hakata,2024,12,450.0,500.0,USD,,,,,2026-05-24
해상,Busan,일본,Hakata,2024,11,450.0,500.0,USD,,,,,2026-05-24
해상,Busan,일본,Hakata,2024,10,450.0,500.0,USD,,,,,2026-05-24
해상,Busan,일본,Hakata,2024,09,450.0,500.0,USD,,,,,2026-05-24
해상,Busan,일본,Hakata,2024,08,400.0,450.0,USD,,,,,2026-05-24
해상,Busan,일본,Hakata,2024,07,508.0,666.0,USD,,,,,2026-05-24
해상,Busan,일본,Hakata,2024,06,200.0,350.0,USD,,,,,2026-05-24
해상,Busan,일본,Hakata,2024,05,70.0,140.0,USD,,,,,2026-05-24
해상,Busan,일본,Hakata,2024,04,100.0,200.0,USD,,,,,2026-05-24
해상,Busan,일본,Hakata,2024,03,150.0,300.0,USD,,,,,2026-05-24
해상,Busan,일본,Hakata,2024,02,100.0,100.0,USD,,,,,2026-05-24
해상,Busan,일본,Hakata,2024,01,100.0,100.0,USD,,,,,2026-05-24
해상,Busan,일본,Hakata,2023,12,100.0,100.0,USD,,,,,2026-05-24
해상,Busan,일본,Hakata,2023,11,100.0,100.0,USD,,,,,2026-05-24
해상,Busan,일본,Hakata,2023,10,50.0,100.0,USD,,,,,2026-05-24
해상,Busan,일본,Hakata,2023,09,150.0,200.0,USD,,,,,2026-05-24
해상,Busan,일본,Hakata,2023,08,150.0,200.0,USD,,,,,2026-05-24
해상,Busan,일본,Hakata,2023,07,100.0,150.0,USD,,,,,2026-05-24
해상,Busan,일본,Hakata,2023,06,250.0,350.0,USD,,,,,2026-05-24
해상,Busan,일본,Hakata,2023,05,250.0,400.0,USD,,,,,2026-05-24
해상,Busan,일본,Hakata,2023,04,50.0,50.0,USD,,,,,2026-05-24
해상,Busan,일본,Hakata,2023,03,50.0,100.0,USD,,,,,2026-05-24
해상,Busan,일본,Hakata,2023,02,70.0,70.0,USD,,,,,2026-05-24
해상,Busan,일본,Hakata,2023,01,100.0,200.0,USD,,,,,2026-05-24
해상,Busan,일본,Hakata,2022,12,100.0,200.0,USD,,,,,2026-05-24
해상,Busan,일본,Hakata,2022,11,100.0,200.0,USD,,,,,2026-05-24
해상,Busan,일본,Hakata,2022,10,100.0,200.0,USD,,,,,2026-05-24
해상,Busan,일본,Hakata,2022,09,100.0,200.0,USD,,,,,2026-05-24
해상,Busan,일본,Hakata,2022,08,100.0,200.0,USD,,,,,2026-05-24
해상,Busan,일본,Hakata,2022,07,100.0,200.0,USD,,,,,2026-05-24
해상,Busan,일본,Hakata,2022,06,100.0,200.0,USD,,,,,2026-05-24
해상,Busan,일본,Hakata,2022,05,100.0,200.0,USD,,,,,2026-05-24
해상,Busan,일본,Hakata,2022,04,100.0,200.0,USD,,,,,2026-05-24
해상,Busan,일본,Hakata,2022,03,100.0,200.0,USD,,,,,2026-05-24
해상,Busan,일본,Hakata,2022,02,100.0,200.0,USD,,,,,2026-05-24
해상,Busan,일본,Hakata,2022,01,100.0,200.0,USD,,,,,2026-05-24
해상,Busan,일본,Hakata,2021,12,100.0,200.0,USD,,,,,2026-05-24
해상,Busan,일본,Hakata,2021,11,100.0,200.0,USD,,,,,2026-05-24
해상,Busan,일본,Hakata,2021,10,100.0,200.0,USD,,,,,2026-05-24
해상,Busan,일본,Hakata,2021,09,150.0,250.0,USD,,,,,2026-05-24
해상,Busan,일본,Hakata,2021,08,150.0,250.0,USD,,,,,2026-05-24
해상,Busan,일본,Hakata,2021,07,150.0,250.0,USD,,,,,2026-05-24
해상,Busan,일본,Hakata,2021,06,150.0,250.0,USD,,,,,2026-05-24
해상,Busan,일본,Hakata,2021,05,100.0,200.0,USD,,,,,2026-05-24
해상,Busan,일본,Hakata,2021,04,100.0,200.0,USD,,,,,2026-05-24
해상,Busan,일본,Hakata,2021,03,100.0,200.0,USD,,,,,2026-05-24
해상,Busan,일본,Hakata,2021,02,150.0,300.0,USD,,,,,2026-05-24
해상,Busan,일본,Hakata,2021,01,150.0,300.0,USD,,,,,2026-05-24
해상,Busan,일본,Hakata,2020,12,100.0,200.0,USD,,,,,2026-05-24
해상,Busan,일본,Hakata,2020,11,100.0,200.0,USD,,,,,2026-05-24
해상,Busan,일본,Hakata,2020,10,100.0,200.0,USD,,,,,2026-05-24
해상,Busan,일본,Hakata,2020,09,100.0,200.0,USD,,,,,2026-05-24
해상,Busan,일본,Hakata,2020,08,100.0,200.0,USD,,,,,2026-05-24
해상,Busan,일본,Hakata,2020,07,100.0,200.0,USD,,,,,2026-05-24
해상,Busan,일본,Hakata,2020,06,100.0,200.0,USD,,,,,2026-05-24
해상,Busan,일본,Hakata,2020,05,100.0,200.0,USD,,,,,2026-05-24
해상,Busan,일본,Hakata,2020,04,100.0,200.0,USD,,,,,2026-05-24
해상,Busan,일본,Hakata,2020,03,100.0,200.0,USD,,,,,2026-05-24
해상,Busan,일본,Hakata,2020,02,100.0,200.0,USD,,,,,2026-05-24
해상,Busan,일본,Hakata,2020,01,100.0,200.0,USD,,,,,2026-05-24
해상,Busan,일본,Hakata,2019,12,100.0,200.0,USD,,,,,2026-05-24
해상,Busan,일본,Hakata,2019,11,100.0,200.0,USD,,,,,2026-05-24
해상,Busan,일본,Hakata,2019,10,100.0,200.0,USD,,,,,2026-05-24
해상,Busan,일본,Hakata,2019,09,100.0,200.0,USD,,,,,2026-05-24
해상,Busan,일본,Hakata,2019,08,100.0,200.0,USD,,,,,2026-05-24
해상,Busan,일본,Hakata,2019,07,100.0,200.0,USD,,,,,2026-05-24
해상,Busan,일본,Hakata,2019,06,100.0,200.0,USD,,,,,2026-05-24
해상,Busan,일본,Hakata,2019,05,100.0,200.0,USD,,,,,2026-05-24
해상,Busan,일본,Hakata,2019,04,100.0,200.0,USD,,,,,2026-05-24
해상,Busan,일본,Hakata,2019,03,100.0,200.0,USD,,,,,2026-05-24
해상,Busan,일본,Hakata,2019,02,100.0,200.0,USD,,,,,2026-05-24
해상,Busan,일본,Hakata,2019,01,100.0,200.0,USD,,,,,2026-05-24
해상,Busan,일본,Hakata,2018,12,100.0,200.0,USD,,,,,2026-05-24
해상,Busan,일본,Hakata,2018,11,100.0,200.0,USD,,,,,2026-05-24
해상,Busan,일본,Hakata,2018,10,100.0,200.0,USD,,,,,2026-05-24
해상,Busan,일본,Hakata,2018,09,100.0,200.0,USD,,,,,2026-05-24
해상,Busan,일본,Hakata,2018,08,100.0,200.0,USD,,,,,2026-05-24
해상,Busan,일본,Hakata,2018,07,100.0,200.0,USD,,,,,2026-05-24
해상,Busan,일본,Hakata,2018,06,100.0,200.0,USD,,,,,2026-05-24
해상,Busan,일본,Hakata,2018,05,100.0,200.0,USD,,,,,2026-05-24
해상,Busan,일본,Hakata,2018,04,100.0,200.0,USD,,,,,2026-05-24
해상,Busan,일본,Hakata,2018,03,100.0,200.0,USD,,,,,2026-05-24
해상,Busan,일본,Hakata,2018,02,100.0,200.0,USD,,,,,2026-05-24
해상,Busan,일본,Hakata,2018,01,100.0,200.0,USD,,,,,2026-05-24
해상,Busan,일본,Kobe,2026,05,100.0,200.0,USD,,,,,2026-05-24
해상,Busan,일본,Kobe,2026,04,80.0,150.0,USD,,,,,2026-05-24
해상,Busan,일본,Kobe,2026,03,200.0,300.0,USD,,,,,2026-05-24
해상,Busan,일본,Kobe,2026,02,100.0,200.0,USD,,,,,2026-05-24
해상,Busan,일본,Kobe,2026,01,200.0,300.0,USD,,,,,2026-05-24
해상,Busan,일본,Kobe,2025,12,200.0,300.0,USD,,,,,2026-05-24
해상,Busan,일본,Kobe,2025,11,200.0,300.0,USD,,,,,2026-05-24
해상,Busan,일본,Kobe,2025,10,200.0,300.0,USD,,,,,2026-05-24
해상,Busan,일본,Kobe,2025,09,200.0,300.0,USD,,,,,2026-05-24
해상,Busan,일본,Kobe,2025,08,200.0,300.0,USD,,,,,2026-05-24
해상,Busan,일본,Kobe,2025,07,200.0,300.0,USD,,,,,2026-05-24
해상,Busan,일본,Kobe,2025,06,200.0,300.0,USD,,,,,2026-05-24
해상,Busan,일본,Kobe,2025,05,200.0,300.0,USD,,,,,2026-05-24
해상,Busan,일본,Kobe,2025,04,200.0,300.0,USD,,,,,2026-05-24
해상,Busan,일본,Kobe,2025,03,200.0,300.0,USD,,,,,2026-05-24
해상,Busan,일본,Kobe,2025,01,200.0,300.0,USD,,,,,2026-05-24
해상,Busan,일본,Kobe,2024,12,300.0,500.0,USD,,,,,2026-05-24
해상,Busan,일본,Kobe,2024,11,300.0,500.0,USD,,,,,2026-05-24
해상,Busan,일본,Kobe,2024,10,200.0,350.0,USD,,,,,2026-05-24
해상,Busan,일본,Kobe,2024,09,200.0,350.0,USD,,,,,2026-05-24
해상,Busan,일본,Kobe,2024,08,150.0,300.0,USD,,,,,2026-05-24
해상,Busan,일본,Kobe,2024,07,120.0,240.0,USD,,,,,2026-05-24
해상,Busan,일본,Kobe,2024,06,200.0,350.0,USD,,,,,2026-05-24
해상,Busan,일본,Kobe,2024,05,70.0,140.0,USD,,,,,2026-05-24
해상,Busan,일본,Kobe,2024,04,100.0,200.0,USD,,,,,2026-05-24
해상,Busan,일본,Kobe,2024,03,150.0,300.0,USD,,,,,2026-05-24
해상,Busan,일본,Kobe,2024,02,150.0,300.0,USD,,,,,2026-05-24
해상,Busan,일본,Kobe,2024,01,150.0,300.0,USD,,,,,2026-05-24
해상,Busan,일본,Kobe,2023,12,150.0,300.0,USD,,,,,2026-05-24
해상,Busan,일본,Kobe,2023,11,150.0,300.0,USD,,,,,2026-05-24
해상,Busan,일본,Kobe,2023,10,150.0,300.0,USD,,,,,2026-05-24
해상,Busan,일본,Kobe,2023,09,100.0,200.0,USD,,,,,2026-05-24
해상,Busan,일본,Kobe,2023,08,100.0,200.0,USD,,,,,2026-05-24
해상,Busan,일본,Kobe,2023,07,100.0,200.0,USD,,,,,2026-05-24
해상,Busan,일본,Kobe,2023,06,250.0,350.0,USD,,,,,2026-05-24
해상,Busan,일본,Kobe,2023,05,250.0,400.0,USD,,,,,2026-05-24
해상,Busan,일본,Kobe,2023,04,250.0,400.0,USD,,,,,2026-05-24
해상,Busan,일본,Kobe,2023,03,250.0,470.0,USD,,,,,2026-05-24
해상,Busan,일본,Kobe,2023,02,300.0,300.0,USD,,,,,2026-05-24
해상,Busan,일본,Kobe,2023,01,350.0,700.0,USD,,,,,2026-05-24
해상,Busan,일본,Kobe,2022,12,350.0,700.0,USD,,,,,2026-05-24
해상,Busan,일본,Kobe,2022,11,350.0,700.0,USD,,,,,2026-05-24
해상,Busan,일본,Kobe,2022,10,350.0,700.0,USD,,,,,2026-05-24
해상,Busan,일본,Kobe,2022,09,350.0,700.0,USD,,,,,2026-05-24
해상,Busan,일본,Kobe,2022,08,350.0,700.0,USD,,,,,2026-05-24
해상,Busan,일본,Kobe,2022,07,350.0,700.0,USD,,,,,2026-05-24
해상,Busan,일본,Kobe,2022,06,350.0,700.0,USD,,,,,2026-05-24
해상,Busan,일본,Kobe,2022,05,350.0,700.0,USD,,,,,2026-05-24
해상,Busan,일본,Kobe,2022,04,350.0,700.0,USD,,,,,2026-05-24
해상,Busan,일본,Kobe,2022,03,350.0,700.0,USD,,,,,2026-05-24
해상,Busan,일본,Kobe,2022,02,350.0,700.0,USD,,,,,2026-05-24
해상,Busan,일본,Kobe,2022,01,350.0,700.0,USD,,,,,2026-05-24
해상,Busan,일본,Kobe,2021,12,350.0,700.0,USD,,,,,2026-05-24
해상,Busan,일본,Kobe,2021,11,350.0,700.0,USD,,,,,2026-05-24
해상,Busan,일본,Kobe,2021,10,350.0,700.0,USD,,,,,2026-05-24
해상,Busan,일본,Kobe,2021,09,300.0,550.0,USD,,,,,2026-05-24
해상,Busan,일본,Kobe,2021,08,300.0,550.0,USD,,,,,2026-05-24
해상,Busan,일본,Kobe,2021,07,300.0,550.0,USD,,,,,2026-05-24
해상,Busan,일본,Kobe,2021,06,300.0,550.0,USD,,,,,2026-05-24
해상,Busan,일본,Kobe,2021,05,300.0,600.0,USD,,,,,2026-05-24
해상,Busan,일본,Kobe,2021,04,300.0,600.0,USD,,,,,2026-05-24
해상,Busan,일본,Kobe,2021,03,200.0,400.0,USD,,,,,2026-05-24
해상,Busan,일본,Kobe,2021,02,250.0,500.0,USD,,,,,2026-05-24
해상,Busan,일본,Kobe,2021,01,250.0,500.0,USD,,,,,2026-05-24
해상,Busan,일본,Kobe,2020,12,200.0,400.0,USD,,,,,2026-05-24
해상,Busan,일본,Kobe,2020,11,180.0,360.0,USD,,,,,2026-05-24
해상,Busan,일본,Kobe,2020,10,180.0,360.0,USD,,,,,2026-05-24
해상,Busan,일본,Kobe,2020,09,180.0,360.0,USD,,,,,2026-05-24
해상,Busan,일본,Kobe,2020,08,180.0,360.0,USD,,,,,2026-05-24
해상,Busan,일본,Kobe,2020,07,180.0,360.0,USD,,,,,2026-05-24
해상,Busan,일본,Kobe,2020,06,180.0,360.0,USD,,,,,2026-05-24
해상,Busan,일본,Kobe,2020,05,180.0,360.0,USD,,,,,2026-05-24
해상,Busan,일본,Kobe,2020,04,180.0,360.0,USD,,,,,2026-05-24
해상,Busan,일본,Kobe,2020,03,180.0,360.0,USD,,,,,2026-05-24
해상,Busan,일본,Kobe,2020,02,180.0,360.0,USD,,,,,2026-05-24
해상,Busan,일본,Kobe,2020,01,230.0,460.0,USD,,,,,2026-05-24
해상,Busan,일본,Kobe,2019,12,230.0,460.0,USD,,,,,2026-05-24
해상,Busan,일본,Kobe,2019,11,230.0,460.0,USD,,,,,2026-05-24
해상,Busan,일본,Kobe,2019,10,230.0,460.0,USD,,,,,2026-05-24
해상,Busan,일본,Kobe,2019,09,230.0,460.0,USD,,,,,2026-05-24
해상,Busan,일본,Kobe,2019,08,230.0,460.0,USD,,,,,2026-05-24
해상,Busan,일본,Kobe,2019,07,230.0,460.0,USD,,,,,2026-05-24
해상,Busan,일본,Kobe,2019,06,230.0,460.0,USD,,,,,2026-05-24
해상,Busan,일본,Kobe,2019,05,230.0,460.0,USD,,,,,2026-05-24
해상,Busan,일본,Kobe,2019,04,230.0,460.0,USD,,,,,2026-05-24
해상,Busan,일본,Kobe,2019,03,230.0,460.0,USD,,,,,2026-05-24
해상,Busan,일본,Kobe,2019,02,230.0,460.0,USD,,,,,2026-05-24
해상,Busan,일본,Kobe,2019,01,230.0,460.0,USD,,,,,2026-05-24
해상,Busan,일본,Kobe,2018,12,230.0,460.0,USD,,,,,2026-05-24
해상,Busan,일본,Kobe,2018,11,230.0,460.0,USD,,,,,2026-05-24
해상,Busan,일본,Kobe,2018,10,230.0,460.0,USD,,,,,2026-05-24
해상,Busan,일본,Kobe,2018,09,230.0,460.0,USD,,,,,2026-05-24
해상,Busan,일본,Kobe,2018,08,230.0,460.0,USD,,,,,2026-05-24
해상,Busan,일본,Kobe,2018,07,230.0,460.0,USD,,,,,2026-05-24
해상,Busan,일본,Kobe,2018,06,230.0,460.0,USD,,,,,2026-05-24
해상,Busan,일본,Kobe,2018,05,230.0,460.0,USD,,,,,2026-05-24
해상,Busan,일본,Kobe,2018,04,230.0,460.0,USD,,,,,2026-05-24
해상,Busan,일본,Kobe,2018,03,230.0,460.0,USD,,,,,2026-05-24
해상,Busan,일본,Kobe,2018,02,230.0,460.0,USD,,,,,2026-05-24
해상,Busan,일본,Kobe,2018,01,230.0,460.0,USD,,,,,2026-05-24
해상,Busan,일본,Nagoya,2026,05,100.0,200.0,USD,,,,,2026-05-24
해상,Busan,일본,Nagoya,2026,04,80.0,150.0,USD,,,,,2026-05-24
해상,Busan,일본,Nagoya,2026,03,200.0,300.0,USD,,,,,2026-05-24
해상,Busan,일본,Nagoya,2026,02,100.0,200.0,USD,,,,,2026-05-24
해상,Busan,일본,Nagoya,2026,01,100.0,200.0,USD,,,,,2026-05-24
해상,Busan,일본,Nagoya,2025,12,100.0,200.0,USD,,,,,2026-05-24
해상,Busan,일본,Nagoya,2025,11,200.0,300.0,USD,,,,,2026-05-24
해상,Busan,일본,Nagoya,2025,10,200.0,300.0,USD,,,,,2026-05-24
해상,Busan,일본,Nagoya,2025,09,200.0,300.0,USD,,,,,2026-05-24
해상,Busan,일본,Nagoya,2025,08,200.0,300.0,USD,,,,,2026-05-24
해상,Busan,일본,Nagoya,2025,07,200.0,300.0,USD,,,,,2026-05-24
해상,Busan,일본,Nagoya,2025,06,200.0,300.0,USD,,,,,2026-05-24
해상,Busan,일본,Nagoya,2025,05,200.0,300.0,USD,,,,,2026-05-24
해상,Busan,일본,Nagoya,2025,04,200.0,300.0,USD,,,,,2026-05-24
해상,Busan,일본,Nagoya,2025,03,200.0,300.0,USD,,,,,2026-05-24
해상,Busan,일본,Nagoya,2025,01,200.0,300.0,USD,,,,,2026-05-24
해상,Busan,일본,Nagoya,2024,12,300.0,500.0,USD,,,,,2026-05-24
해상,Busan,일본,Nagoya,2024,11,300.0,500.0,USD,,,,,2026-05-24
해상,Busan,일본,Nagoya,2024,10,200.0,350.0,USD,,,,,2026-05-24
해상,Busan,일본,Nagoya,2024,09,200.0,350.0,USD,,,,,2026-05-24
해상,Busan,일본,Nagoya,2024,08,150.0,300.0,USD,,,,,2026-05-24
해상,Busan,일본,Nagoya,2024,07,120.0,240.0,USD,,,,,2026-05-24
해상,Busan,일본,Nagoya,2024,06,200.0,350.0,USD,,,,,2026-05-24
해상,Busan,일본,Nagoya,2024,05,70.0,140.0,USD,,,,,2026-05-24
해상,Busan,일본,Nagoya,2024,04,100.0,200.0,USD,,,,,2026-05-24
해상,Busan,일본,Nagoya,2024,03,150.0,300.0,USD,,,,,2026-05-24
해상,Busan,일본,Nagoya,2024,02,150.0,300.0,USD,,,,,2026-05-24
해상,Busan,일본,Nagoya,2024,01,150.0,300.0,USD,,,,,2026-05-24
해상,Busan,일본,Nagoya,2023,12,150.0,300.0,USD,,,,,2026-05-24
해상,Busan,일본,Nagoya,2023,11,150.0,300.0,USD,,,,,2026-05-24
해상,Busan,일본,Nagoya,2023,10,150.0,300.0,USD,,,,,2026-05-24
해상,Busan,일본,Nagoya,2023,09,100.0,200.0,USD,,,,,2026-05-24
해상,Busan,일본,Nagoya,2023,08,100.0,200.0,USD,,,,,2026-05-24
해상,Busan,일본,Nagoya,2023,07,100.0,200.0,USD,,,,,2026-05-24
해상,Busan,일본,Nagoya,2023,06,250.0,350.0,USD,,,,,2026-05-24
해상,Busan,일본,Nagoya,2023,05,250.0,400.0,USD,,,,,2026-05-24
해상,Busan,일본,Nagoya,2023,04,250.0,400.0,USD,,,,,2026-05-24
해상,Busan,일본,Nagoya,2023,03,250.0,470.0,USD,,,,,2026-05-24
해상,Busan,일본,Nagoya,2023,02,300.0,300.0,USD,,,,,2026-05-24
해상,Busan,일본,Nagoya,2023,01,350.0,700.0,USD,,,,,2026-05-24
해상,Busan,일본,Nagoya,2022,12,350.0,700.0,USD,,,,,2026-05-24
해상,Busan,일본,Nagoya,2022,11,350.0,700.0,USD,,,,,2026-05-24
해상,Busan,일본,Nagoya,2022,10,350.0,700.0,USD,,,,,2026-05-24
해상,Busan,일본,Nagoya,2022,09,350.0,700.0,USD,,,,,2026-05-24
해상,Busan,일본,Nagoya,2022,08,350.0,700.0,USD,,,,,2026-05-24
해상,Busan,일본,Nagoya,2022,07,350.0,700.0,USD,,,,,2026-05-24
해상,Busan,일본,Nagoya,2022,06,350.0,700.0,USD,,,,,2026-05-24
해상,Busan,일본,Nagoya,2022,05,350.0,700.0,USD,,,,,2026-05-24
해상,Busan,일본,Nagoya,2022,04,350.0,700.0,USD,,,,,2026-05-24
해상,Busan,일본,Nagoya,2022,03,350.0,700.0,USD,,,,,2026-05-24
해상,Busan,일본,Nagoya,2022,02,350.0,700.0,USD,,,,,2026-05-24
해상,Busan,일본,Nagoya,2022,01,350.0,700.0,USD,,,,,2026-05-24
해상,Busan,일본,Nagoya,2021,12,350.0,700.0,USD,,,,,2026-05-24
해상,Busan,일본,Nagoya,2021,11,350.0,700.0,USD,,,,,2026-05-24
해상,Busan,일본,Nagoya,2021,10,350.0,700.0,USD,,,,,2026-05-24
해상,Busan,일본,Nagoya,2021,09,300.0,550.0,USD,,,,,2026-05-24
해상,Busan,일본,Nagoya,2021,08,300.0,550.0,USD,,,,,2026-05-24
해상,Busan,일본,Nagoya,2021,07,300.0,550.0,USD,,,,,2026-05-24
해상,Busan,일본,Nagoya,2021,06,300.0,550.0,USD,,,,,2026-05-24
해상,Busan,일본,Nagoya,2021,05,300.0,600.0,USD,,,,,2026-05-24
해상,Busan,일본,Nagoya,2021,04,300.0,600.0,USD,,,,,2026-05-24
해상,Busan,일본,Nagoya,2021,03,200.0,400.0,USD,,,,,2026-05-24
해상,Busan,일본,Nagoya,2021,02,250.0,500.0,USD,,,,,2026-05-24
해상,Busan,일본,Nagoya,2021,01,250.0,500.0,USD,,,,,2026-05-24
해상,Busan,일본,Nagoya,2020,12,200.0,400.0,USD,,,,,2026-05-24
해상,Busan,일본,Nagoya,2020,11,180.0,360.0,USD,,,,,2026-05-24
해상,Busan,일본,Nagoya,2020,10,180.0,360.0,USD,,,,,2026-05-24
해상,Busan,일본,Nagoya,2020,09,180.0,360.0,USD,,,,,2026-05-24
해상,Busan,일본,Nagoya,2020,08,180.0,360.0,USD,,,,,2026-05-24
해상,Busan,일본,Nagoya,2020,07,180.0,360.0,USD,,,,,2026-05-24
해상,Busan,일본,Nagoya,2020,06,180.0,360.0,USD,,,,,2026-05-24
해상,Busan,일본,Nagoya,2020,05,180.0,360.0,USD,,,,,2026-05-24
해상,Busan,일본,Nagoya,2020,04,180.0,360.0,USD,,,,,2026-05-24
해상,Busan,일본,Nagoya,2020,03,180.0,360.0,USD,,,,,2026-05-24
해상,Busan,일본,Nagoya,2020,02,180.0,360.0,USD,,,,,2026-05-24
해상,Busan,일본,Nagoya,2020,01,230.0,460.0,USD,,,,,2026-05-24
해상,Busan,일본,Nagoya,2019,12,230.0,460.0,USD,,,,,2026-05-24
해상,Busan,일본,Nagoya,2019,11,230.0,460.0,USD,,,,,2026-05-24
해상,Busan,일본,Nagoya,2019,10,230.0,460.0,USD,,,,,2026-05-24
해상,Busan,일본,Nagoya,2019,09,230.0,460.0,USD,,,,,2026-05-24
해상,Busan,일본,Nagoya,2019,08,230.0,460.0,USD,,,,,2026-05-24
해상,Busan,일본,Nagoya,2019,07,230.0,460.0,USD,,,,,2026-05-24
해상,Busan,일본,Nagoya,2019,06,230.0,460.0,USD,,,,,2026-05-24
해상,Busan,일본,Nagoya,2019,05,230.0,460.0,USD,,,,,2026-05-24
해상,Busan,일본,Nagoya,2019,04,230.0,460.0,USD,,,,,2026-05-24
해상,Busan,일본,Nagoya,2019,03,230.0,460.0,USD,,,,,2026-05-24
해상,Busan,일본,Nagoya,2019,02,230.0,460.0,USD,,,,,2026-05-24
해상,Busan,일본,Nagoya,2019,01,230.0,460.0,USD,,,,,2026-05-24
해상,Busan,일본,Nagoya,2018,12,230.0,460.0,USD,,,,,2026-05-24
해상,Busan,일본,Nagoya,2018,11,230.0,460.0,USD,,,,,2026-05-24
해상,Busan,일본,Nagoya,2018,10,230.0,460.0,USD,,,,,2026-05-24
해상,Busan,일본,Nagoya,2018,09,230.0,460.0,USD,,,,,2026-05-24
해상,Busan,일본,Nagoya,2018,08,230.0,460.0,USD,,,,,2026-05-24
해상,Busan,일본,Nagoya,2018,07,230.0,460.0,USD,,,,,2026-05-24
해상,Busan,일본,Nagoya,2018,06,230.0,460.0,USD,,,,,2026-05-24
해상,Busan,일본,Nagoya,2018,05,230.0,460.0,USD,,,,,2026-05-24
해상,Busan,일본,Nagoya,2018,04,230.0,460.0,USD,,,,,2026-05-24
해상,Busan,일본,Nagoya,2018,03,230.0,460.0,USD,,,,,2026-05-24
해상,Busan,일본,Nagoya,2018,02,230.0,460.0,USD,,,,,2026-05-24
해상,Busan,일본,Nagoya,2018,01,230.0,460.0,USD,,,,,2026-05-24
해상,Busan,일본,Osaka,2026,05,100.0,200.0,USD,,,,,2026-05-24
해상,Busan,일본,Osaka,2026,04,80.0,150.0,USD,,,,,2026-05-24
해상,Busan,일본,Osaka,2026,03,200.0,300.0,USD,,,,,2026-05-24
해상,Busan,일본,Osaka,2026,02,100.0,200.0,USD,,,,,2026-05-24
해상,Busan,일본,Osaka,2026,01,100.0,200.0,USD,,,,,2026-05-24
해상,Busan,일본,Osaka,2025,12,100.0,200.0,USD,,,,,2026-05-24
해상,Busan,일본,Osaka,2025,11,200.0,300.0,USD,,,,,2026-05-24
해상,Busan,일본,Osaka,2025,10,200.0,300.0,USD,,,,,2026-05-24
해상,Busan,일본,Osaka,2025,09,200.0,300.0,USD,,,,,2026-05-24
해상,Busan,일본,Osaka,2025,08,200.0,300.0,USD,,,,,2026-05-24
해상,Busan,일본,Osaka,2025,07,200.0,300.0,USD,,,,,2026-05-24
해상,Busan,일본,Osaka,2025,06,100.0,200.0,USD,,,,,2026-05-24
해상,Busan,일본,Osaka,2025,05,100.0,200.0,USD,,,,,2026-05-24
해상,Busan,일본,Osaka,2025,04,100.0,200.0,USD,,,,,2026-05-24
해상,Busan,일본,Osaka,2025,03,200.0,300.0,USD,,,,,2026-05-24
해상,Busan,일본,Osaka,2025,01,200.0,300.0,USD,,,,,2026-05-24
해상,Busan,일본,Osaka,2024,12,300.0,500.0,USD,,,,,2026-05-24
해상,Busan,일본,Osaka,2024,11,300.0,500.0,USD,,,,,2026-05-24
해상,Busan,일본,Osaka,2024,10,200.0,350.0,USD,,,,,2026-05-24
해상,Busan,일본,Osaka,2024,09,200.0,350.0,USD,,,,,2026-05-24
해상,Busan,일본,Osaka,2024,08,150.0,300.0,USD,,,,,2026-05-24
해상,Busan,일본,Osaka,2024,07,120.0,240.0,USD,,,,,2026-05-24
해상,Busan,일본,Osaka,2024,06,200.0,350.0,USD,,,,,2026-05-24
해상,Busan,일본,Osaka,2024,05,70.0,140.0,USD,,,,,2026-05-24
해상,Busan,일본,Osaka,2024,04,100.0,200.0,USD,,,,,2026-05-24
해상,Busan,일본,Osaka,2024,03,150.0,300.0,USD,,,,,2026-05-24
해상,Busan,일본,Osaka,2024,02,150.0,300.0,USD,,,,,2026-05-24
해상,Busan,일본,Osaka,2024,01,150.0,300.0,USD,,,,,2026-05-24
해상,Busan,일본,Osaka,2023,12,150.0,300.0,USD,,,,,2026-05-24
해상,Busan,일본,Osaka,2023,11,150.0,300.0,USD,,,,,2026-05-24
해상,Busan,일본,Osaka,2023,10,150.0,300.0,USD,,,,,2026-05-24
해상,Busan,일본,Osaka,2023,09,100.0,200.0,USD,,,,,2026-05-24
해상,Busan,일본,Osaka,2023,08,100.0,200.0,USD,,,,,2026-05-24
해상,Busan,일본,Osaka,2023,07,100.0,200.0,USD,,,,,2026-05-24
해상,Busan,일본,Osaka,2023,06,250.0,350.0,USD,,,,,2026-05-24
해상,Busan,일본,Osaka,2023,05,250.0,400.0,USD,,,,,2026-05-24
해상,Busan,일본,Osaka,2023,04,250.0,400.0,USD,,,,,2026-05-24
해상,Busan,일본,Osaka,2023,03,250.0,470.0,USD,,,,,2026-05-24
해상,Busan,일본,Osaka,2023,02,300.0,300.0,USD,,,,,2026-05-24
해상,Busan,일본,Osaka,2023,01,350.0,700.0,USD,,,,,2026-05-24
해상,Busan,일본,Osaka,2022,12,350.0,700.0,USD,,,,,2026-05-24
해상,Busan,일본,Osaka,2022,11,350.0,700.0,USD,,,,,2026-05-24
해상,Busan,일본,Osaka,2022,10,350.0,700.0,USD,,,,,2026-05-24
해상,Busan,일본,Osaka,2022,09,350.0,700.0,USD,,,,,2026-05-24
해상,Busan,일본,Osaka,2022,08,350.0,700.0,USD,,,,,2026-05-24
해상,Busan,일본,Osaka,2022,07,350.0,700.0,USD,,,,,2026-05-24
해상,Busan,일본,Osaka,2022,06,350.0,700.0,USD,,,,,2026-05-24
해상,Busan,일본,Osaka,2022,05,350.0,700.0,USD,,,,,2026-05-24
해상,Busan,일본,Osaka,2022,04,350.0,700.0,USD,,,,,2026-05-24
해상,Busan,일본,Osaka,2022,03,350.0,700.0,USD,,,,,2026-05-24
해상,Busan,일본,Osaka,2022,02,350.0,700.0,USD,,,,,2026-05-24
해상,Busan,일본,Osaka,2022,01,350.0,700.0,USD,,,,,2026-05-24
해상,Busan,일본,Osaka,2021,12,350.0,700.0,USD,,,,,2026-05-24
해상,Busan,일본,Osaka,2021,11,350.0,700.0,USD,,,,,2026-05-24
해상,Busan,일본,Osaka,2021,10,350.0,700.0,USD,,,,,2026-05-24
해상,Busan,일본,Osaka,2021,09,300.0,550.0,USD,,,,,2026-05-24
해상,Busan,일본,Osaka,2021,08,300.0,550.0,USD,,,,,2026-05-24
해상,Busan,일본,Osaka,2021,07,300.0,550.0,USD,,,,,2026-05-24
해상,Busan,일본,Osaka,2021,06,300.0,550.0,USD,,,,,2026-05-24
해상,Busan,일본,Osaka,2021,05,300.0,600.0,USD,,,,,2026-05-24
해상,Busan,일본,Osaka,2021,04,300.0,600.0,USD,,,,,2026-05-24
해상,Busan,일본,Osaka,2021,03,200.0,400.0,USD,,,,,2026-05-24
해상,Busan,일본,Osaka,2021,02,250.0,500.0,USD,,,,,2026-05-24
해상,Busan,일본,Osaka,2021,01,250.0,500.0,USD,,,,,2026-05-24
해상,Busan,일본,Osaka,2020,12,200.0,400.0,USD,,,,,2026-05-24
해상,Busan,일본,Osaka,2020,11,180.0,360.0,USD,,,,,2026-05-24
해상,Busan,일본,Osaka,2020,10,180.0,360.0,USD,,,,,2026-05-24
해상,Busan,일본,Osaka,2020,09,180.0,360.0,USD,,,,,2026-05-24
해상,Busan,일본,Osaka,2020,08,180.0,360.0,USD,,,,,2026-05-24
해상,Busan,일본,Osaka,2020,07,180.0,360.0,USD,,,,,2026-05-24
해상,Busan,일본,Osaka,2020,06,180.0,360.0,USD,,,,,2026-05-24
해상,Busan,일본,Osaka,2020,05,180.0,360.0,USD,,,,,2026-05-24
해상,Busan,일본,Osaka,2020,04,180.0,360.0,USD,,,,,2026-05-24
해상,Busan,일본,Osaka,2020,03,180.0,360.0,USD,,,,,2026-05-24
해상,Busan,일본,Osaka,2020,02,180.0,360.0,USD,,,,,2026-05-24
해상,Busan,일본,Osaka,2020,01,230.0,460.0,USD,,,,,2026-05-24
해상,Busan,일본,Osaka,2019,12,230.0,460.0,USD,,,,,2026-05-24
해상,Busan,일본,Osaka,2019,11,230.0,460.0,USD,,,,,2026-05-24
해상,Busan,일본,Osaka,2019,10,230.0,460.0,USD,,,,,2026-05-24
해상,Busan,일본,Osaka,2019,09,230.0,460.0,USD,,,,,2026-05-24
해상,Busan,일본,Osaka,2019,08,230.0,460.0,USD,,,,,2026-05-24
해상,Busan,일본,Osaka,2019,07,230.0,460.0,USD,,,,,2026-05-24
해상,Busan,일본,Osaka,2019,06,230.0,460.0,USD,,,,,2026-05-24
해상,Busan,일본,Osaka,2019,05,230.0,460.0,USD,,,,,2026-05-24
해상,Busan,일본,Osaka,2019,04,230.0,460.0,USD,,,,,2026-05-24
해상,Busan,일본,Osaka,2019,03,230.0,460.0,USD,,,,,2026-05-24
해상,Busan,일본,Osaka,2019,02,230.0,460.0,USD,,,,,2026-05-24
해상,Busan,일본,Osaka,2019,01,230.0,460.0,USD,,,,,2026-05-24
해상,Busan,일본,Osaka,2018,12,230.0,460.0,USD,,,,,2026-05-24
해상,Busan,일본,Osaka,2018,11,230.0,460.0,USD,,,,,2026-05-24
해상,Busan,일본,Osaka,2018,10,230.0,460.0,USD,,,,,2026-05-24
해상,Busan,일본,Osaka,2018,09,230.0,460.0,USD,,,,,2026-05-24
해상,Busan,일본,Osaka,2018,08,230.0,460.0,USD,,,,,2026-05-24
해상,Busan,일본,Osaka,2018,07,230.0,460.0,USD,,,,,2026-05-24
해상,Busan,일본,Osaka,2018,06,230.0,460.0,USD,,,,,2026-05-24
해상,Busan,일본,Osaka,2018,05,230.0,460.0,USD,,,,,2026-05-24
해상,Busan,일본,Osaka,2018,04,230.0,460.0,USD,,,,,2026-05-24
해상,Busan,일본,Osaka,2018,03,230.0,460.0,USD,,,,,2026-05-24
해상,Busan,일본,Osaka,2018,02,230.0,460.0,USD,,,,,2026-05-24
해상,Busan,일본,Osaka,2018,01,230.0,460.0,USD,,,,,2026-05-24
해상,Busan,일본,Tokyo,2026,05,100.0,200.0,USD,,,,,2026-05-24
해상,Busan,일본,Tokyo,2026,04,80.0,150.0,USD,,,,,2026-05-24
해상,Busan,일본,Tokyo,2026,03,200.0,300.0,USD,,,,,2026-05-24
해상,Busan,일본,Tokyo,2026,02,100.0,200.0,USD,,,,,2026-05-24
해상,Busan,일본,Tokyo,2026,01,100.0,200.0,USD,,,,,2026-05-24
해상,Busan,일본,Tokyo,2025,12,100.0,200.0,USD,,,,,2026-05-24
해상,Busan,일본,Tokyo,2025,11,200.0,300.0,USD,,,,,2026-05-24
해상,Busan,일본,Tokyo,2025,10,200.0,300.0,USD,,,,,2026-05-24
해상,Busan,일본,Tokyo,2025,09,200.0,300.0,USD,,,,,2026-05-24
해상,Busan,일본,Tokyo,2025,08,200.0,300.0,USD,,,,,2026-05-24
해상,Busan,일본,Tokyo,2025,07,200.0,300.0,USD,,,,,2026-05-24
해상,Busan,일본,Tokyo,2025,06,100.0,200.0,USD,,,,,2026-05-24
해상,Busan,일본,Tokyo,2025,05,100.0,200.0,USD,,,,,2026-05-24
해상,Busan,일본,Tokyo,2025,04,100.0,200.0,USD,,,,,2026-05-24
해상,Busan,일본,Tokyo,2025,03,200.0,300.0,USD,,,,,2026-05-24
해상,Busan,일본,Tokyo,2025,01,200.0,300.0,USD,,,,,2026-05-24
해상,Busan,일본,Tokyo,2024,12,300.0,500.0,USD,,,,,2026-05-24
해상,Busan,일본,Tokyo,2024,11,300.0,500.0,USD,,,,,2026-05-24
해상,Busan,일본,Tokyo,2024,10,300.0,300.0,USD,,,,,2026-05-24
해상,Busan,일본,Tokyo,2024,09,300.0,300.0,USD,,,,,2026-05-24
해상,Busan,일본,Tokyo,2024,08,150.0,300.0,USD,,,,,2026-05-24
해상,Busan,일본,Tokyo,2024,07,120.0,240.0,USD,,,,,2026-05-24
해상,Busan,일본,Tokyo,2024,06,200.0,350.0,USD,,,,,2026-05-24
해상,Busan,일본,Tokyo,2024,05,70.0,140.0,USD,,,,,2026-05-24
해상,Busan,일본,Tokyo,2024,04,100.0,200.0,USD,,,,,2026-05-24
해상,Busan,일본,Tokyo,2024,03,150.0,300.0,USD,,,,,2026-05-24
해상,Busan,일본,Tokyo,2024,02,150.0,300.0,USD,,,,,2026-05-24
해상,Busan,일본,Tokyo,2024,01,150.0,300.0,USD,,,,,2026-05-24
해상,Busan,일본,Tokyo,2023,12,150.0,300.0,USD,,,,,2026-05-24
해상,Busan,일본,Tokyo,2023,11,150.0,300.0,USD,,,,,2026-05-24
해상,Busan,일본,Tokyo,2023,10,150.0,300.0,USD,,,,,2026-05-24
해상,Busan,일본,Tokyo,2023,09,100.0,200.0,USD,,,,,2026-05-24
해상,Busan,일본,Tokyo,2023,08,100.0,200.0,USD,,,,,2026-05-24
해상,Busan,일본,Tokyo,2023,07,100.0,200.0,USD,,,,,2026-05-24
해상,Busan,일본,Tokyo,2023,06,180.0,350.0,USD,,,,,2026-05-24
해상,Busan,일본,Tokyo,2023,05,180.0,360.0,USD,,,,,2026-05-24
해상,Busan,일본,Tokyo,2023,04,200.0,400.0,USD,,,,,2026-05-24
해상,Busan,일본,Tokyo,2023,03,250.0,470.0,USD,,,,,2026-05-24
해상,Busan,일본,Tokyo,2023,02,300.0,300.0,USD,,,,,2026-05-24
해상,Busan,일본,Tokyo,2023,01,350.0,700.0,USD,,,,,2026-05-24
해상,Busan,일본,Tokyo,2022,12,350.0,700.0,USD,,,,,2026-05-24
해상,Busan,일본,Tokyo,2022,11,350.0,700.0,USD,,,,,2026-05-24
해상,Busan,일본,Tokyo,2022,10,350.0,700.0,USD,,,,,2026-05-24
해상,Busan,일본,Tokyo,2022,09,350.0,700.0,USD,,,,,2026-05-24
해상,Busan,일본,Tokyo,2022,08,350.0,700.0,USD,,,,,2026-05-24
해상,Busan,일본,Tokyo,2022,07,350.0,700.0,USD,,,,,2026-05-24
해상,Busan,일본,Tokyo,2022,06,350.0,700.0,USD,,,,,2026-05-24
해상,Busan,일본,Tokyo,2022,05,350.0,700.0,USD,,,,,2026-05-24
해상,Busan,일본,Tokyo,2022,04,350.0,700.0,USD,,,,,2026-05-24
해상,Busan,일본,Tokyo,2022,03,350.0,700.0,USD,,,,,2026-05-24
해상,Busan,일본,Tokyo,2022,02,350.0,700.0,USD,,,,,2026-05-24
해상,Busan,일본,Tokyo,2022,01,350.0,700.0,USD,,,,,2026-05-24
해상,Busan,일본,Tokyo,2021,12,350.0,700.0,USD,,,,,2026-05-24
해상,Busan,일본,Tokyo,2021,11,350.0,700.0,USD,,,,,2026-05-24
해상,Busan,일본,Tokyo,2021,10,350.0,700.0,USD,,,,,2026-05-24
해상,Busan,일본,Tokyo,2021,09,300.0,550.0,USD,,,,,2026-05-24
해상,Busan,일본,Tokyo,2021,08,300.0,550.0,USD,,,,,2026-05-24
해상,Busan,일본,Tokyo,2021,07,300.0,550.0,USD,,,,,2026-05-24
해상,Busan,일본,Tokyo,2021,06,300.0,550.0,USD,,,,,2026-05-24
해상,Busan,일본,Tokyo,2021,05,300.0,600.0,USD,,,,,2026-05-24
해상,Busan,일본,Tokyo,2021,04,300.0,600.0,USD,,,,,2026-05-24
해상,Busan,일본,Tokyo,2021,03,200.0,400.0,USD,,,,,2026-05-24
해상,Busan,일본,Tokyo,2021,02,250.0,500.0,USD,,,,,2026-05-24
해상,Busan,일본,Tokyo,2021,01,250.0,500.0,USD,,,,,2026-05-24
해상,Busan,일본,Tokyo,2020,12,200.0,400.0,USD,,,,,2026-05-24
해상,Busan,일본,Tokyo,2020,11,180.0,360.0,USD,,,,,2026-05-24
해상,Busan,일본,Tokyo,2020,10,180.0,360.0,USD,,,,,2026-05-24
해상,Busan,일본,Tokyo,2020,09,180.0,360.0,USD,,,,,2026-05-24
해상,Busan,일본,Tokyo,2020,08,180.0,360.0,USD,,,,,2026-05-24
해상,Busan,일본,Tokyo,2020,07,180.0,360.0,USD,,,,,2026-05-24
해상,Busan,일본,Tokyo,2020,06,180.0,360.0,USD,,,,,2026-05-24
해상,Busan,일본,Tokyo,2020,05,180.0,360.0,USD,,,,,2026-05-24
해상,Busan,일본,Tokyo,2020,04,180.0,360.0,USD,,,,,2026-05-24
해상,Busan,일본,Tokyo,2020,03,180.0,360.0,USD,,,,,2026-05-24
해상,Busan,일본,Tokyo,2020,02,180.0,360.0,USD,,,,,2026-05-24
해상,Busan,일본,Tokyo,2020,01,230.0,460.0,USD,,,,,2026-05-24
해상,Busan,일본,Tokyo,2019,12,230.0,460.0,USD,,,,,2026-05-24
해상,Busan,일본,Tokyo,2019,11,230.0,460.0,USD,,,,,2026-05-24
해상,Busan,일본,Tokyo,2019,10,230.0,460.0,USD,,,,,2026-05-24
해상,Busan,일본,Tokyo,2019,09,230.0,460.0,USD,,,,,2026-05-24
해상,Busan,일본,Tokyo,2019,08,230.0,460.0,USD,,,,,2026-05-24
해상,Busan,일본,Tokyo,2019,07,230.0,460.0,USD,,,,,2026-05-24
해상,Busan,일본,Tokyo,2019,06,230.0,460.0,USD,,,,,2026-05-24
해상,Busan,일본,Tokyo,2019,05,230.0,460.0,USD,,,,,2026-05-24
해상,Busan,일본,Tokyo,2019,04,230.0,460.0,USD,,,,,2026-05-24
해상,Busan,일본,Tokyo,2019,03,230.0,460.0,USD,,,,,2026-05-24
해상,Busan,일본,Tokyo,2019,02,230.0,460.0,USD,,,,,2026-05-24
해상,Busan,일본,Tokyo,2019,01,230.0,460.0,USD,,,,,2026-05-24
해상,Busan,일본,Tokyo,2018,12,230.0,460.0,USD,,,,,2026-05-24
해상,Busan,일본,Tokyo,2018,11,230.0,460.0,USD,,,,,2026-05-24
해상,Busan,일본,Tokyo,2018,10,230.0,460.0,USD,,,,,2026-05-24
해상,Busan,일본,Tokyo,2018,09,230.0,460.0,USD,,,,,2026-05-24
해상,Busan,일본,Tokyo,2018,08,230.0,460.0,USD,,,,,2026-05-24
해상,Busan,일본,Tokyo,2018,07,230.0,460.0,USD,,,,,2026-05-24
해상,Busan,일본,Tokyo,2018,06,230.0,460.0,USD,,,,,2026-05-24
해상,Busan,일본,Tokyo,2018,05,230.0,460.0,USD,,,,,2026-05-24
해상,Busan,일본,Tokyo,2018,04,230.0,460.0,USD,,,,,2026-05-24
해상,Busan,일본,Tokyo,2018,03,230.0,460.0,USD,,,,,2026-05-24
해상,Busan,일본,Tokyo,2018,02,230.0,460.0,USD,,,,,2026-05-24
해상,Busan,일본,Tokyo,2018,01,230.0,460.0,USD,,,,,2026-05-24
해상,Busan,일본,Yokohama,2026,05,100.0,200.0,USD,,,,,2026-05-24
해상,Busan,일본,Yokohama,2026,04,80.0,150.0,USD,,,,,2026-05-24
해상,Busan,일본,Yokohama,2026,03,200.0,300.0,USD,,,,,2026-05-24
해상,Busan,일본,Yokohama,2026,02,100.0,200.0,USD,,,,,2026-05-24
해상,Busan,일본,Yokohama,2026,01,100.0,200.0,USD,,,,,2026-05-24
해상,Busan,일본,Yokohama,2025,12,100.0,200.0,USD,,,,,2026-05-24
해상,Busan,일본,Yokohama,2025,11,200.0,300.0,USD,,,,,2026-05-24
해상,Busan,일본,Yokohama,2025,10,200.0,300.0,USD,,,,,2026-05-24
해상,Busan,일본,Yokohama,2025,09,200.0,300.0,USD,,,,,2026-05-24
해상,Busan,일본,Yokohama,2025,08,200.0,300.0,USD,,,,,2026-05-24
해상,Busan,일본,Yokohama,2025,07,100.0,200.0,USD,,,,,2026-05-24
해상,Busan,일본,Yokohama,2025,06,100.0,200.0,USD,,,,,2026-05-24
해상,Busan,일본,Yokohama,2025,05,100.0,200.0,USD,,,,,2026-05-24
해상,Busan,일본,Yokohama,2025,04,100.0,200.0,USD,,,,,2026-05-24
해상,Busan,일본,Yokohama,2025,03,150.0,300.0,USD,,,,,2026-05-24
해상,Busan,일본,Yokohama,2025,01,200.0,300.0,USD,,,,,2026-05-24
해상,Busan,일본,Yokohama,2024,12,300.0,500.0,USD,,,,,2026-05-24
해상,Busan,일본,Yokohama,2024,11,150.0,300.0,USD,,,,,2026-05-24
해상,Busan,일본,Yokohama,2024,10,200.0,350.0,USD,,,,,2026-05-24
해상,Busan,일본,Yokohama,2024,09,200.0,350.0,USD,,,,,2026-05-24
해상,Busan,일본,Yokohama,2024,08,150.0,300.0,USD,,,,,2026-05-24
해상,Busan,일본,Yokohama,2024,07,120.0,240.0,USD,,,,,2026-05-24
해상,Busan,일본,Yokohama,2024,06,200.0,350.0,USD,,,,,2026-05-24
해상,Busan,일본,Yokohama,2024,05,70.0,140.0,USD,,,,,2026-05-24
해상,Busan,일본,Yokohama,2024,04,100.0,200.0,USD,,,,,2026-05-24
해상,Busan,일본,Yokohama,2024,03,150.0,300.0,USD,,,,,2026-05-24
해상,Busan,일본,Yokohama,2024,02,150.0,300.0,USD,,,,,2026-05-24
해상,Busan,일본,Yokohama,2024,01,150.0,300.0,USD,,,,,2026-05-24
해상,Busan,일본,Yokohama,2023,12,150.0,300.0,USD,,,,,2026-05-24
해상,Busan,일본,Yokohama,2023,11,150.0,300.0,USD,,,,,2026-05-24
해상,Busan,일본,Yokohama,2023,10,150.0,300.0,USD,,,,,2026-05-24
해상,Busan,일본,Yokohama,2023,09,100.0,200.0,USD,,,,,2026-05-24
해상,Busan,일본,Yokohama,2023,08,100.0,200.0,USD,,,,,2026-05-24
해상,Busan,일본,Yokohama,2023,07,100.0,200.0,USD,,,,,2026-05-24
해상,Busan,일본,Yokohama,2023,06,250.0,350.0,USD,,,,,2026-05-24
해상,Busan,일본,Yokohama,2023,05,250.0,400.0,USD,,,,,2026-05-24
해상,Busan,일본,Yokohama,2023,04,230.0,400.0,USD,,,,,2026-05-24
해상,Busan,일본,Yokohama,2023,03,230.0,460.0,USD,,,,,2026-05-24
해상,Busan,일본,Yokohama,2023,02,300.0,300.0,USD,,,,,2026-05-24
해상,Busan,일본,Yokohama,2023,01,350.0,700.0,USD,,,,,2026-05-24
해상,Busan,일본,Yokohama,2022,12,350.0,700.0,USD,,,,,2026-05-24
해상,Busan,일본,Yokohama,2022,11,350.0,700.0,USD,,,,,2026-05-24
해상,Busan,일본,Yokohama,2022,10,350.0,700.0,USD,,,,,2026-05-24
해상,Busan,일본,Yokohama,2022,09,350.0,700.0,USD,,,,,2026-05-24
해상,Busan,일본,Yokohama,2022,08,350.0,700.0,USD,,,,,2026-05-24
해상,Busan,일본,Yokohama,2022,07,350.0,700.0,USD,,,,,2026-05-24
해상,Busan,일본,Yokohama,2022,06,350.0,700.0,USD,,,,,2026-05-24
해상,Busan,일본,Yokohama,2022,05,350.0,700.0,USD,,,,,2026-05-24
해상,Busan,일본,Yokohama,2022,04,350.0,700.0,USD,,,,,2026-05-24
해상,Busan,일본,Yokohama,2022,03,350.0,700.0,USD,,,,,2026-05-24
해상,Busan,일본,Yokohama,2022,02,350.0,700.0,USD,,,,,2026-05-24
해상,Busan,일본,Yokohama,2022,01,350.0,700.0,USD,,,,,2026-05-24
해상,Busan,일본,Yokohama,2021,12,350.0,700.0,USD,,,,,2026-05-24
해상,Busan,일본,Yokohama,2021,11,350.0,700.0,USD,,,,,2026-05-24
해상,Busan,일본,Yokohama,2021,10,350.0,700.0,USD,,,,,2026-05-24
해상,Busan,일본,Yokohama,2021,09,300.0,550.0,USD,,,,,2026-05-24
해상,Busan,일본,Yokohama,2021,08,300.0,550.0,USD,,,,,2026-05-24
해상,Busan,일본,Yokohama,2021,07,300.0,550.0,USD,,,,,2026-05-24
해상,Busan,일본,Yokohama,2021,06,300.0,550.0,USD,,,,,2026-05-24
해상,Busan,일본,Yokohama,2021,05,300.0,600.0,USD,,,,,2026-05-24
해상,Busan,일본,Yokohama,2021,04,300.0,600.0,USD,,,,,2026-05-24
해상,Busan,일본,Yokohama,2021,03,200.0,400.0,USD,,,,,2026-05-24
해상,Busan,일본,Yokohama,2021,02,250.0,500.0,USD,,,,,2026-05-24
해상,Busan,일본,Yokohama,2021,01,250.0,500.0,USD,,,,,2026-05-24
해상,Busan,일본,Yokohama,2020,12,200.0,400.0,USD,,,,,2026-05-24
해상,Busan,일본,Yokohama,2020,11,180.0,360.0,USD,,,,,2026-05-24
해상,Busan,일본,Yokohama,2020,10,180.0,360.0,USD,,,,,2026-05-24
해상,Busan,일본,Yokohama,2020,09,180.0,360.0,USD,,,,,2026-05-24
해상,Busan,일본,Yokohama,2020,08,180.0,360.0,USD,,,,,2026-05-24
해상,Busan,일본,Yokohama,2020,07,180.0,360.0,USD,,,,,2026-05-24
해상,Busan,일본,Yokohama,2020,06,180.0,360.0,USD,,,,,2026-05-24
해상,Busan,일본,Yokohama,2020,05,180.0,360.0,USD,,,,,2026-05-24
해상,Busan,일본,Yokohama,2020,04,180.0,360.0,USD,,,,,2026-05-24
해상,Busan,일본,Yokohama,2020,03,180.0,360.0,USD,,,,,2026-05-24
해상,Busan,일본,Yokohama,2020,02,180.0,360.0,USD,,,,,2026-05-24
해상,Busan,일본,Yokohama,2020,01,230.0,460.0,USD,,,,,2026-05-24
해상,Busan,일본,Yokohama,2019,12,230.0,460.0,USD,,,,,2026-05-24
해상,Busan,일본,Yokohama,2019,11,230.0,460.0,USD,,,,,2026-05-24
해상,Busan,일본,Yokohama,2019,10,230.0,460.0,USD,,,,,2026-05-24
해상,Busan,일본,Yokohama,2019,09,230.0,460.0,USD,,,,,2026-05-24
해상,Busan,일본,Yokohama,2019,08,230.0,460.0,USD,,,,,2026-05-24
해상,Busan,일본,Yokohama,2019,07,230.0,460.0,USD,,,,,2026-05-24
해상,Busan,일본,Yokohama,2019,06,230.0,460.0,USD,,,,,2026-05-24
해상,Busan,일본,Yokohama,2019,05,230.0,460.0,USD,,,,,2026-05-24
해상,Busan,일본,Yokohama,2019,04,230.0,460.0,USD,,,,,2026-05-24
해상,Busan,일본,Yokohama,2019,03,230.0,460.0,USD,,,,,2026-05-24
해상,Busan,일본,Yokohama,2019,02,230.0,460.0,USD,,,,,2026-05-24
해상,Busan,일본,Yokohama,2019,01,230.0,460.0,USD,,,,,2026-05-24
해상,Busan,일본,Yokohama,2018,12,230.0,460.0,USD,,,,,2026-05-24
해상,Busan,일본,Yokohama,2018,11,230.0,460.0,USD,,,,,2026-05-24
해상,Busan,일본,Yokohama,2018,10,230.0,460.0,USD,,,,,2026-05-24
해상,Busan,일본,Yokohama,2018,09,230.0,460.0,USD,,,,,2026-05-24
해상,Busan,일본,Yokohama,2018,08,230.0,460.0,USD,,,,,2026-05-24
해상,Busan,일본,Yokohama,2018,07,230.0,460.0,USD,,,,,2026-05-24
해상,Busan,일본,Yokohama,2018,06,230.0,460.0,USD,,,,,2026-05-24
해상,Busan,일본,Yokohama,2018,05,230.0,460.0,USD,,,,,2026-05-24
해상,Busan,일본,Yokohama,2018,04,230.0,460.0,USD,,,,,2026-05-24
해상,Busan,일본,Yokohama,2018,03,230.0,460.0,USD,,,,,2026-05-24
해상,Busan,일본,Yokohama,2018,02,230.0,460.0,USD,,,,,2026-05-24
해상,Busan,일본,Yokohama,2018,01,230.0,460.0,USD,,,,,2026-05-24
해상,Busan,일본,ToKyo(Ferry),2026,05,750.0,1500.0,USD,,,,,2026-05-24
해상,Busan,일본,ToKyo(Ferry),2026,04,750.0,1500.0,USD,,,,,2026-05-24
해상,Busan,일본,ToKyo(Ferry),2026,03,700.0,1400.0,USD,,,,,2026-05-24
해상,Busan,일본,ToKyo(Ferry),2026,02,700.0,1400.0,USD,,,,,2026-05-24
해상,Busan,일본,ToKyo(Ferry),2026,01,750.0,1500.0,USD,,,,,2026-05-24
해상,Busan,일본,ToKyo(Ferry),2025,12,750.0,1500.0,USD,,,,,2026-05-24
해상,Busan,일본,ToKyo(Ferry),2025,11,750.0,1500.0,USD,,,,,2026-05-24
해상,Busan,일본,ToKyo(Ferry),2025,10,750.0,1500.0,USD,,,,,2026-05-24
해상,Busan,일본,ToKyo(Ferry),2025,09,750.0,1500.0,USD,,,,,2026-05-24
해상,Busan,일본,ToKyo(Ferry),2025,08,750.0,1500.0,USD,,,,,2026-05-24
해상,Busan,일본,ToKyo(Ferry),2025,07,700.0,1400.0,USD,,,,,2026-05-24
해상,Busan,일본,ToKyo(Ferry),2025,06,700.0,1400.0,USD,,,,,2026-05-24
해상,Busan,일본,ToKyo(Ferry),2025,05,700.0,1400.0,USD,,,,,2026-05-24
해상,Busan,일본,ToKyo(Ferry),2025,04,700.0,1400.0,USD,,,,,2026-05-24
해상,Busan,일본,ToKyo(Ferry),2025,03,,,USD,,,,,2026-05-24
해상,Busan,일본,ToKyo(Ferry),2025,01,,,USD,,,,,2026-05-24
해상,Busan,일본,ToKyo(Ferry),2024,12,0.0,0.0,USD,,,,,2026-05-24
해상,Busan,일본,ToKyo(Ferry),2024,11,700.0,1400.0,USD,,,,,2026-05-24
해상,Busan,일본,ToKyo(Ferry),2024,10,550.0,1100.0,USD,,,,,2026-05-24
해상,Busan,일본,ToKyo(Ferry),2024,09,550.0,1100.0,USD,,,,,2026-05-24
해상,Busan,일본,ToKyo(Ferry),2024,08,550.0,1100.0,USD,,,,,2026-05-24
해상,Busan,일본,ToKyo(Ferry),2024,07,750.0,1450.0,USD,,,,,2026-05-24
해상,Busan,일본,ToKyo(Ferry),2024,06,200.0,350.0,USD,,,,,2026-05-24
해상,Busan,일본,ToKyo(Ferry),2024,05,70.0,140.0,USD,,,,,2026-05-24
해상,Busan,일본,ToKyo(Ferry),2024,02,550.0,1100.0,USD,,,,,2026-05-24
해상,Busan,일본,ToKyo(Ferry),2024,01,550.0,1100.0,USD,,,,,2026-05-24
해상,Busan,일본,ToKyo(Ferry),2023,12,550.0,1100.0,USD,,,,,2026-05-24
해상,Busan,일본,ToKyo(Ferry),2023,11,550.0,1100.0,USD,,,,,2026-05-24
해상,Busan,일본,ToKyo(Ferry),2023,10,550.0,1100.0,USD,,,,,2026-05-24
해상,Busan,일본,ToKyo(Ferry),2023,09,550.0,1100.0,USD,,,,,2026-05-24
해상,Busan,일본,ToKyo(Ferry),2023,08,550.0,1100.0,USD,,,,,2026-05-24
해상,Busan,일본,ToKyo(Ferry),2023,06,,,USD,,,,,2026-05-24
해상,Busan,일본,ToKyo(Ferry),2023,05,,,USD,,,,,2026-05-24
해상,Busan,일본,ToKyo(Ferry),2023,04,,,USD,,,,,2026-05-24
해상,Busan,일본,Osaka(Ferry),2026,05,700.0,1400.0,USD,,,,,2026-05-24
해상,Busan,일본,Osaka(Ferry),2026,04,700.0,1400.0,USD,,,,,2026-05-24
해상,Busan,일본,Osaka(Ferry),2026,03,650.0,1400.0,USD,,,,,2026-05-24
해상,Busan,일본,Osaka(Ferry),2026,02,650.0,1400.0,USD,,,,,2026-05-24
해상,Busan,일본,Osaka(Ferry),2026,01,450.0,900.0,USD,,,,,2026-05-24
해상,Busan,일본,Osaka(Ferry),2025,12,450.0,900.0,USD,,,,,2026-05-24
해상,Busan,일본,Osaka(Ferry),2025,11,450.0,900.0,USD,,,,,2026-05-24
해상,Busan,일본,Osaka(Ferry),2025,10,450.0,900.0,USD,,,,,2026-05-24
해상,Busan,일본,Osaka(Ferry),2025,09,450.0,900.0,USD,,,,,2026-05-24
해상,Busan,일본,Osaka(Ferry),2025,08,450.0,900.0,USD,,,,,2026-05-24
해상,Busan,일본,Osaka(Ferry),2025,07,650.0,1300.0,USD,,,,,2026-05-24
해상,Busan,일본,Osaka(Ferry),2025,06,650.0,1300.0,USD,,,,,2026-05-24
해상,Busan,일본,Osaka(Ferry),2025,05,650.0,1300.0,USD,,,,,2026-05-24
해상,Busan,일본,Osaka(Ferry),2025,04,650.0,1300.0,USD,,,,,2026-05-24
해상,Busan,일본,Osaka(Ferry),2025,03,,,USD,,,,,2026-05-24
해상,Busan,일본,Osaka(Ferry),2025,01,,,USD,,,,,2026-05-24
해상,Busan,일본,Osaka(Ferry),2024,12,0.0,0.0,USD,,,,,2026-05-24
해상,Busan,일본,Osaka(Ferry),2024,11,650.0,1300.0,USD,,,,,2026-05-24
해상,Busan,일본,Osaka(Ferry),2024,10,650.0,1300.0,USD,,,,,2026-05-24
해상,Busan,일본,Osaka(Ferry),2024,09,650.0,1300.0,USD,,,,,2026-05-24
해상,Busan,일본,Osaka(Ferry),2024,08,650.0,1300.0,USD,,,,,2026-05-24
해상,Busan,일본,Osaka(Ferry),2024,07,650.0,1250.0,USD,,,,,2026-05-24
해상,Busan,일본,Osaka(Ferry),2024,06,200.0,350.0,USD,,,,,2026-05-24
해상,Busan,일본,Osaka(Ferry),2024,05,70.0,140.0,USD,,,,,2026-05-24
해상,Busan,일본,Osaka(Ferry),2024,02,650.0,1300.0,USD,,,,,2026-05-24
해상,Busan,일본,Osaka(Ferry),2024,01,650.0,1300.0,USD,,,,,2026-05-24
해상,Busan,일본,Osaka(Ferry),2023,12,650.0,1300.0,USD,,,,,2026-05-24
해상,Busan,일본,Osaka(Ferry),2023,11,650.0,1300.0,USD,,,,,2026-05-24
해상,Busan,일본,Osaka(Ferry),2023,10,650.0,1300.0,USD,,,,,2026-05-24
해상,Busan,일본,Osaka(Ferry),2023,09,650.0,1300.0,USD,,,,,2026-05-24
해상,Busan,일본,Osaka(Ferry),2023,08,650.0,1300.0,USD,,,,,2026-05-24
해상,Busan,일본,Osaka(Ferry),2023,06,,,USD,,,,,2026-05-24
해상,Busan,일본,Osaka(Ferry),2023,05,,,USD,,,,,2026-05-24
해상,Busan,일본,Osaka(Ferry),2023,04,,,USD,,,,,2026-05-24
해상,Busan,일본,Hakata(Ferry),2025,08,,,USD,,,,,2026-05-24
해상,Busan,일본,Hakata(Ferry),2025,07,,,USD,,,,,2026-05-24
해상,Busan,일본,Hakata(Ferry),2025,06,,,USD,,,,,2026-05-24
해상,Busan,일본,Hakata(Ferry),2025,05,,,USD,,,,,2026-05-24
해상,Busan,일본,Hakata(Ferry),2025,04,,,USD,,,,,2026-05-24
해상,Busan,일본,Hakata(Ferry),2025,03,,,USD,,,,,2026-05-24
해상,Busan,일본,Hakata(Ferry),2025,01,,,USD,,,,,2026-05-24
해상,Busan,일본,Hakata(Ferry),2024,12,0.0,0.0,USD,,,,,2026-05-24
해상,Busan,일본,Hakata(Ferry),2024,11,0.0,0.0,USD,,,,,2026-05-24
해상,Busan,일본,Hakata(Ferry),2024,10,0.0,0.0,USD,,,,,2026-05-24
해상,Busan,일본,Hakata(Ferry),2024,09,0.0,0.0,USD,,,,,2026-05-24
해상,Busan,일본,Hakata(Ferry),2024,08,0.0,0.0,USD,,,,,2026-05-24
해상,Busan,일본,Hakata(Ferry),2024,07,0.0,0.0,USD,,,,,2026-05-24
해상,Busan,일본,Hakata(Ferry),2024,06,200.0,350.0,USD,,,,,2026-05-24
해상,Busan,일본,Hakata(Ferry),2024,01,,,USD,,,,,2026-05-24
해상,Busan,일본,Hakata(Ferry),2023,12,,,USD,,,,,2026-05-24
해상,Busan,일본,Hakata(Ferry),2023,11,,,USD,,,,,2026-05-24
해상,Busan,일본,Hakata(Ferry),2023,10,,,USD,,,,,2026-05-24
해상,Busan,일본,Hakata(Ferry),2023,09,,,USD,,,,,2026-05-24
해상,Busan,일본,Hakata(Ferry),2023,08,,,USD,,,,,2026-05-24
해상,Busan,일본,Hakata(Ferry),2023,06,,,USD,,,,,2026-05-24
해상,Busan,일본,Hakata(Ferry),2023,05,,,USD,,,,,2026-05-24
해상,Busan,일본,Hakata(Ferry),2023,04,,,USD,,,,,2026-05-24
해상,Busan,중국,Ningbo,2026,05,30.0,50.0,USD,,,,,2026-05-24
해상,Busan,중국,Ningbo,2026,04,20.0,50.0,USD,,,,,2026-05-24
해상,Busan,중국,Ningbo,2026,03,30.0,50.0,USD,,,,,2026-05-24
해상,Busan,중국,Ningbo,2026,02,30.0,50.0,USD,,,,,2026-05-24
해상,Busan,중국,Ningbo,2026,01,30.0,50.0,USD,,,,,2026-05-24
해상,Busan,중국,Ningbo,2025,12,30.0,50.0,USD,,,,,2026-05-24
해상,Busan,중국,Ningbo,2025,11,30.0,50.0,USD,,,,,2026-05-24
해상,Busan,중국,Ningbo,2025,10,30.0,50.0,USD,,,,,2026-05-24
해상,Busan,중국,Ningbo,2025,09,30.0,50.0,USD,,,,,2026-05-24
해상,Busan,중국,Ningbo,2025,08,30.0,50.0,USD,,,,,2026-05-24
해상,Busan,중국,Ningbo,2025,07,30.0,50.0,USD,,,,,2026-05-24
해상,Busan,중국,Ningbo,2025,06,30.0,50.0,USD,,,,,2026-05-24
해상,Busan,중국,Ningbo,2025,05,30.0,50.0,USD,,,,,2026-05-24
해상,Busan,중국,Ningbo,2025,04,30.0,50.0,USD,,,,,2026-05-24
해상,Busan,중국,Ningbo,2025,03,30.0,50.0,USD,,,,,2026-05-24
해상,Busan,중국,Ningbo,2025,01,30.0,50.0,USD,,,,,2026-05-24
해상,Busan,중국,Ningbo,2024,12,30.0,50.0,USD,,,,,2026-05-24
해상,Busan,중국,Ningbo,2024,11,30.0,50.0,USD,,,,,2026-05-24
해상,Busan,중국,Ningbo,2024,10,30.0,50.0,USD,,,,,2026-05-24
해상,Busan,중국,Ningbo,2024,09,50.0,80.0,USD,,,,,2026-05-24
해상,Busan,중국,Ningbo,2024,08,50.0,80.0,USD,,,,,2026-05-24
해상,Busan,중국,Ningbo,2024,07,30.0,50.0,USD,,,,,2026-05-24
해상,Busan,중국,Ningbo,2024,06,30.0,50.0,USD,,,,,2026-05-24
해상,Busan,중국,Ningbo,2024,05,20.0,40.0,USD,,,,,2026-05-24
해상,Busan,중국,Ningbo,2024,04,30.0,50.0,USD,,,,,2026-05-24
해상,Busan,중국,Ningbo,2024,03,50.0,80.0,USD,,,,,2026-05-24
해상,Busan,중국,Ningbo,2024,02,50.0,80.0,USD,,,,,2026-05-24
해상,Busan,중국,Ningbo,2024,01,30.0,50.0,USD,,,,,2026-05-24
해상,Busan,중국,Ningbo,2023,12,30.0,50.0,USD,,,,,2026-05-24
해상,Busan,중국,Ningbo,2023,11,30.0,50.0,USD,,,,,2026-05-24
해상,Busan,중국,Ningbo,2023,10,30.0,50.0,USD,,,,,2026-05-24
해상,Busan,중국,Ningbo,2023,09,30.0,50.0,USD,,,,,2026-05-24
해상,Busan,중국,Ningbo,2023,08,50.0,100.0,USD,,,,,2026-05-24
해상,Busan,중국,Ningbo,2023,07,50.0,100.0,USD,,,,,2026-05-24
해상,Busan,중국,Ningbo,2023,06,50.0,100.0,USD,,,,,2026-05-24
해상,Busan,중국,Ningbo,2023,05,30.0,50.0,USD,,,,,2026-05-24
해상,Busan,중국,Ningbo,2023,04,50.0,50.0,USD,,,,,2026-05-24
해상,Busan,중국,Ningbo,2023,03,50.0,100.0,USD,,,,,2026-05-24
해상,Busan,중국,Ningbo,2023,02,50.0,100.0,USD,,,,,2026-05-24
해상,Busan,중국,Ningbo,2023,01,80.0,130.0,USD,,,,,2026-05-24
해상,Busan,중국,Ningbo,2022,12,100.0,150.0,USD,,,,,2026-05-24
해상,Busan,중국,Ningbo,2022,11,120.0,200.0,USD,,,,,2026-05-24
해상,Busan,중국,Ningbo,2022,10,120.0,200.0,USD,,,,,2026-05-24
해상,Busan,중국,Ningbo,2022,09,120.0,200.0,USD,,,,,2026-05-24
해상,Busan,중국,Ningbo,2022,08,150.0,200.0,USD,,,,,2026-05-24
해상,Busan,중국,Ningbo,2022,07,150.0,200.0,USD,,,,,2026-05-24
해상,Busan,중국,Ningbo,2022,06,150.0,200.0,USD,,,,,2026-05-24
해상,Busan,중국,Ningbo,2022,05,150.0,200.0,USD,,,,,2026-05-24
해상,Busan,중국,Ningbo,2022,04,150.0,200.0,USD,,,,,2026-05-24
해상,Busan,중국,Ningbo,2022,03,150.0,200.0,USD,,,,,2026-05-24
해상,Busan,중국,Ningbo,2022,02,150.0,200.0,USD,,,,,2026-05-24
해상,Busan,중국,Ningbo,2022,01,150.0,200.0,USD,,,,,2026-05-24
해상,Busan,중국,Ningbo,2021,12,100.0,150.0,USD,,,,,2026-05-24
해상,Busan,중국,Ningbo,2021,11,100.0,150.0,USD,,,,,2026-05-24
해상,Busan,중국,Ningbo,2021,10,80.0,110.0,USD,,,,,2026-05-24
해상,Busan,중국,Ningbo,2021,09,80.0,110.0,USD,,,,,2026-05-24
해상,Busan,중국,Ningbo,2021,08,80.0,110.0,USD,,,,,2026-05-24
해상,Busan,중국,Ningbo,2021,07,80.0,110.0,USD,,,,,2026-05-24
해상,Busan,중국,Ningbo,2021,06,100.0,150.0,USD,,,,,2026-05-24
해상,Busan,중국,Ningbo,2021,05,100.0,150.0,USD,,,,,2026-05-24
해상,Busan,중국,Ningbo,2021,04,100.0,150.0,USD,,,,,2026-05-24
해상,Busan,중국,Ningbo,2021,03,100.0,150.0,USD,,,,,2026-05-24
해상,Busan,중국,Ningbo,2021,02,100.0,150.0,USD,,,,,2026-05-24
해상,Busan,중국,Ningbo,2021,01,100.0,150.0,USD,,,,,2026-05-24
해상,Busan,중국,Ningbo,2020,12,80.0,110.0,USD,,,,,2026-05-24
해상,Busan,중국,Ningbo,2020,11,80.0,110.0,USD,,,,,2026-05-24
해상,Busan,중국,Ningbo,2020,10,80.0,110.0,USD,,,,,2026-05-24
해상,Busan,중국,Ningbo,2020,09,80.0,110.0,USD,,,,,2026-05-24
해상,Busan,중국,Ningbo,2020,08,80.0,110.0,USD,,,,,2026-05-24
해상,Busan,중국,Ningbo,2020,07,80.0,110.0,USD,,,,,2026-05-24
해상,Busan,중국,Ningbo,2020,06,80.0,110.0,USD,,,,,2026-05-24
해상,Busan,중국,Ningbo,2020,05,80.0,110.0,USD,,,,,2026-05-24
해상,Busan,중국,Ningbo,2020,04,80.0,110.0,USD,,,,,2026-05-24
해상,Busan,중국,Ningbo,2020,03,80.0,110.0,USD,,,,,2026-05-24
해상,Busan,중국,Ningbo,2020,02,80.0,110.0,USD,,,,,2026-05-24
해상,Busan,중국,Ningbo,2020,01,80.0,110.0,USD,,,,,2026-05-24
해상,Busan,중국,Ningbo,2019,12,80.0,110.0,USD,,,,,2026-05-24
해상,Busan,중국,Ningbo,2019,11,80.0,160.0,USD,,,,,2026-05-24
해상,Busan,중국,Ningbo,2019,10,100.0,150.0,USD,,,,,2026-05-24
해상,Busan,중국,Ningbo,2019,09,100.0,150.0,USD,,,,,2026-05-24
해상,Busan,중국,Ningbo,2019,08,100.0,150.0,USD,,,,,2026-05-24
해상,Busan,중국,Ningbo,2019,07,100.0,150.0,USD,,,,,2026-05-24
해상,Busan,중국,Ningbo,2019,06,100.0,150.0,USD,,,,,2026-05-24
해상,Busan,중국,Ningbo,2019,05,100.0,150.0,USD,,,,,2026-05-24
해상,Busan,중국,Ningbo,2019,04,100.0,150.0,USD,,,,,2026-05-24
해상,Busan,중국,Ningbo,2019,03,100.0,150.0,USD,,,,,2026-05-24
해상,Busan,중국,Ningbo,2019,02,100.0,150.0,USD,,,,,2026-05-24
해상,Busan,중국,Ningbo,2019,01,100.0,150.0,USD,,,,,2026-05-24
해상,Busan,중국,Ningbo,2018,12,100.0,150.0,USD,,,,,2026-05-24
해상,Busan,중국,Ningbo,2018,11,100.0,150.0,USD,,,,,2026-05-24
해상,Busan,중국,Ningbo,2018,10,100.0,150.0,USD,,,,,2026-05-24
해상,Busan,중국,Ningbo,2018,09,100.0,150.0,USD,,,,,2026-05-24
해상,Busan,중국,Ningbo,2018,08,100.0,150.0,USD,,,,,2026-05-24
해상,Busan,중국,Ningbo,2018,07,100.0,150.0,USD,,,,,2026-05-24
해상,Busan,중국,Ningbo,2018,06,100.0,150.0,USD,,,,,2026-05-24
해상,Busan,중국,Ningbo,2018,05,100.0,150.0,USD,,,,,2026-05-24
해상,Busan,중국,Ningbo,2018,04,100.0,150.0,USD,,,,,2026-05-24
해상,Busan,중국,Ningbo,2018,03,100.0,150.0,USD,,,,,2026-05-24
해상,Busan,중국,Ningbo,2018,02,100.0,150.0,USD,,,,,2026-05-24
해상,Busan,중국,Ningbo,2018,01,100.0,150.0,USD,,,,,2026-05-24
해상,Busan,중국,Huangpu,2026,05,250.0,500.0,USD,,,,,2026-05-24
해상,Busan,중국,Huangpu,2026,04,250.0,450.0,USD,,,,,2026-05-24
해상,Busan,중국,Huangpu,2026,03,250.0,450.0,USD,,,,,2026-05-24
해상,Busan,중국,Huangpu,2026,02,250.0,450.0,USD,,,,,2026-05-24
해상,Busan,중국,Huangpu,2026,01,250.0,450.0,USD,,,,,2026-05-24
해상,Busan,중국,Huangpu,2025,12,250.0,450.0,USD,,,,,2026-05-24
해상,Busan,중국,Huangpu,2025,11,250.0,450.0,USD,,,,,2026-05-24
해상,Busan,중국,Huangpu,2025,10,250.0,450.0,USD,,,,,2026-05-24
해상,Busan,중국,Huangpu,2025,09,250.0,450.0,USD,,,,,2026-05-24
해상,Busan,중국,Huangpu,2025,08,250.0,450.0,USD,,,,,2026-05-24
해상,Busan,중국,Huangpu,2025,07,250.0,450.0,USD,,,,,2026-05-24
해상,Busan,중국,Huangpu,2025,06,250.0,450.0,USD,,,,,2026-05-24
해상,Busan,중국,Huangpu,2025,05,100.0,200.0,USD,,,,,2026-05-24
해상,Busan,중국,Huangpu,2025,04,100.0,200.0,USD,,,,,2026-05-24
해상,Busan,중국,Huangpu,2025,03,400.0,500.0,USD,,,,,2026-05-24
해상,Busan,중국,Huangpu,2025,01,400.0,500.0,USD,,,,,2026-05-24
해상,Busan,중국,Huangpu,2024,12,400.0,500.0,USD,,,,,2026-05-24
해상,Busan,중국,Huangpu,2024,11,400.0,500.0,USD,,,,,2026-05-24
해상,Busan,중국,Huangpu,2024,10,250.0,400.0,USD,,,,,2026-05-24
해상,Busan,중국,Huangpu,2024,09,400.0,600.0,USD,,,,,2026-05-24
해상,Busan,중국,Huangpu,2024,08,450.0,620.0,USD,,,,,2026-05-24
해상,Busan,중국,Huangpu,2024,07,250.0,450.0,USD,,,,,2026-05-24
해상,Busan,중국,Huangpu,2024,06,250.0,450.0,USD,,,,,2026-05-24
해상,Busan,중국,Huangpu,2024,05,100.0,160.0,USD,,,,,2026-05-24
해상,Busan,중국,Huangpu,2024,04,150.0,250.0,USD,,,,,2026-05-24
해상,Busan,중국,Huangpu,2024,03,150.0,250.0,USD,,,,,2026-05-24
해상,Busan,중국,Huangpu,2024,02,150.0,250.0,USD,,,,,2026-05-24
해상,Busan,중국,Huangpu,2024,01,50.0,100.0,USD,,,,,2026-05-24
해상,Busan,중국,Huangpu,2023,12,50.0,100.0,USD,,,,,2026-05-24
해상,Busan,중국,Huangpu,2023,11,50.0,100.0,USD,,,,,2026-05-24
해상,Busan,중국,Huangpu,2023,10,50.0,100.0,USD,,,,,2026-05-24
해상,Busan,중국,Huangpu,2023,09,50.0,100.0,USD,,,,,2026-05-24
해상,Busan,중국,Huangpu,2023,08,50.0,100.0,USD,,,,,2026-05-24
해상,Busan,중국,Huangpu,2023,07,50.0,100.0,USD,,,,,2026-05-24
해상,Busan,중국,Huangpu,2023,06,50.0,100.0,USD,,,,,2026-05-24
해상,Busan,중국,Huangpu,2023,05,100.0,150.0,USD,,,,,2026-05-24
해상,Busan,중국,Huangpu,2023,04,350.0,550.0,USD,,,,,2026-05-24
해상,Busan,중국,Huangpu,2023,03,500.0,900.0,USD,,,,,2026-05-24
해상,Busan,중국,Huangpu,2023,02,550.0,900.0,USD,,,,,2026-05-24
해상,Busan,중국,Huangpu,2023,01,550.0,900.0,USD,,,,,2026-05-24
해상,Busan,중국,Huangpu,2022,12,850.0,1250.0,USD,,,,,2026-05-24
해상,Busan,중국,Huangpu,2022,11,700.0,1200.0,USD,,,,,2026-05-24
해상,Busan,중국,Huangpu,2022,10,700.0,1200.0,USD,,,,,2026-05-24
해상,Busan,중국,Huangpu,2022,09,800.0,1300.0,USD,,,,,2026-05-24
해상,Busan,중국,Huangpu,2022,08,800.0,1300.0,USD,,,,,2026-05-24
해상,Busan,중국,Huangpu,2022,07,950.0,1650.0,USD,,,,,2026-05-24
해상,Busan,중국,Huangpu,2022,06,950.0,1650.0,USD,,,,,2026-05-24
해상,Busan,중국,Huangpu,2022,05,1000.0,1700.0,USD,,,,,2026-05-24
해상,Busan,중국,Huangpu,2022,04,1000.0,1700.0,USD,,,,,2026-05-24
해상,Busan,중국,Huangpu,2022,03,800.0,1300.0,USD,,,,,2026-05-24
해상,Busan,중국,Huangpu,2022,02,800.0,1300.0,USD,,,,,2026-05-24
해상,Busan,중국,Huangpu,2022,01,300.0,500.0,USD,,,,,2026-05-24
해상,Busan,중국,Huangpu,2021,12,300.0,500.0,USD,,,,,2026-05-24
해상,Busan,중국,Huangpu,2021,11,300.0,500.0,USD,,,,,2026-05-24
해상,Busan,중국,Huangpu,2021,10,200.0,400.0,USD,,,,,2026-05-24
해상,Busan,중국,Huangpu,2021,09,200.0,400.0,USD,,,,,2026-05-24
해상,Busan,중국,Huangpu,2021,08,200.0,400.0,USD,,,,,2026-05-24
해상,Busan,중국,Huangpu,2021,07,350.0,600.0,USD,,,,,2026-05-24
해상,Busan,중국,Huangpu,2021,06,350.0,600.0,USD,,,,,2026-05-24
해상,Busan,중국,Huangpu,2021,05,400.0,600.0,USD,,,,,2026-05-24
해상,Busan,중국,Huangpu,2021,04,400.0,600.0,USD,,,,,2026-05-24
해상,Busan,중국,Huangpu,2021,03,400.0,600.0,USD,,,,,2026-05-24
해상,Busan,중국,Huangpu,2021,02,400.0,600.0,USD,,,,,2026-05-24
해상,Busan,중국,Huangpu,2021,01,200.0,400.0,USD,,,,,2026-05-24
해상,Busan,중국,Huangpu,2020,12,200.0,400.0,USD,,,,,2026-05-24
해상,Busan,중국,Huangpu,2020,11,200.0,400.0,USD,,,,,2026-05-24
해상,Busan,중국,Huangpu,2020,10,200.0,400.0,USD,,,,,2026-05-24
해상,Busan,중국,Huangpu,2020,09,200.0,400.0,USD,,,,,2026-05-24
해상,Busan,중국,Huangpu,2020,08,200.0,400.0,USD,,,,,2026-05-24
해상,Busan,중국,Huangpu,2020,07,200.0,400.0,USD,,,,,2026-05-24
해상,Busan,중국,Huangpu,2020,06,200.0,400.0,USD,,,,,2026-05-24
해상,Busan,중국,Huangpu,2020,05,200.0,400.0,USD,,,,,2026-05-24
해상,Busan,중국,Huangpu,2020,04,200.0,400.0,USD,,,,,2026-05-24
해상,Busan,중국,Huangpu,2020,03,200.0,400.0,USD,,,,,2026-05-24
해상,Busan,중국,Huangpu,2020,02,200.0,400.0,USD,,,,,2026-05-24
해상,Busan,중국,Huangpu,2020,01,200.0,400.0,USD,,,,,2026-05-24
해상,Busan,중국,Huangpu,2019,12,200.0,400.0,USD,,,,,2026-05-24
해상,Busan,중국,Huangpu,2019,11,200.0,350.0,USD,,,,,2026-05-24
해상,Busan,중국,Huangpu,2019,10,300.0,400.0,USD,,,,,2026-05-24
해상,Busan,중국,Huangpu,2019,09,350.0,550.0,USD,,,,,2026-05-24
해상,Busan,중국,Huangpu,2019,08,350.0,550.0,USD,,,,,2026-05-24
해상,Busan,중국,Huangpu,2019,07,350.0,550.0,USD,,,,,2026-05-24
해상,Busan,중국,Huangpu,2019,06,350.0,550.0,USD,,,,,2026-05-24
해상,Busan,중국,Huangpu,2019,05,350.0,550.0,USD,,,,,2026-05-24
해상,Busan,중국,Huangpu,2019,04,350.0,550.0,USD,,,,,2026-05-24
해상,Busan,중국,Huangpu,2019,03,350.0,550.0,USD,,,,,2026-05-24
해상,Busan,중국,Huangpu,2019,02,350.0,550.0,USD,,,,,2026-05-24
해상,Busan,중국,Huangpu,2019,01,350.0,550.0,USD,,,,,2026-05-24
해상,Busan,중국,Huangpu,2018,12,350.0,550.0,USD,,,,,2026-05-24
해상,Busan,중국,Huangpu,2018,11,350.0,550.0,USD,,,,,2026-05-24
해상,Busan,중국,Huangpu,2018,10,350.0,550.0,USD,,,,,2026-05-24
해상,Busan,중국,Huangpu,2018,09,350.0,550.0,USD,,,,,2026-05-24
해상,Busan,중국,Huangpu,2018,08,350.0,550.0,USD,,,,,2026-05-24
해상,Busan,중국,Huangpu,2018,07,350.0,550.0,USD,,,,,2026-05-24
해상,Busan,중국,Huangpu,2018,06,350.0,550.0,USD,,,,,2026-05-24
해상,Busan,중국,Huangpu,2018,05,350.0,550.0,USD,,,,,2026-05-24
해상,Busan,중국,Huangpu,2018,04,350.0,550.0,USD,,,,,2026-05-24
해상,Busan,중국,Huangpu,2018,03,350.0,550.0,USD,,,,,2026-05-24
해상,Busan,중국,Huangpu,2018,02,350.0,600.0,USD,,,,,2026-05-24
해상,Busan,중국,Huangpu,2018,01,350.0,600.0,USD,,,,,2026-05-24
해상,Busan,중국,Shenzhen,2026,05,200.0,350.0,USD,,,,,2026-05-24
해상,Busan,중국,Shenzhen,2026,04,200.0,350.0,USD,,,,,2026-05-24
해상,Busan,중국,Shenzhen,2026,03,250.0,450.0,USD,,,,,2026-05-24
해상,Busan,중국,Shenzhen,2026,02,250.0,450.0,USD,,,,,2026-05-24
해상,Busan,중국,Shenzhen,2026,01,250.0,450.0,USD,,,,,2026-05-24
해상,Busan,중국,Shenzhen,2025,12,250.0,450.0,USD,,,,,2026-05-24
해상,Busan,중국,Shenzhen,2025,11,250.0,450.0,USD,,,,,2026-05-24
해상,Busan,중국,Shenzhen,2025,10,250.0,450.0,USD,,,,,2026-05-24
해상,Busan,중국,Shenzhen,2025,09,250.0,450.0,USD,,,,,2026-05-24
해상,Busan,중국,Shenzhen,2025,08,250.0,450.0,USD,,,,,2026-05-24
해상,Busan,중국,Shenzhen,2025,07,250.0,450.0,USD,,,,,2026-05-24
해상,Busan,중국,Shenzhen,2025,06,250.0,450.0,USD,,,,,2026-05-24
해상,Busan,중국,Shenzhen,2025,05,100.0,200.0,USD,,,,,2026-05-24
해상,Busan,중국,Shenzhen,2025,04,100.0,200.0,USD,,,,,2026-05-24
해상,Busan,중국,Shenzhen,2025,03,450.0,700.0,USD,,,,,2026-05-24
해상,Busan,중국,Shenzhen,2025,01,450.0,700.0,USD,,,,,2026-05-24
해상,Busan,중국,Shenzhen,2024,12,450.0,700.0,USD,,,,,2026-05-24
해상,Busan,중국,Shenzhen,2024,11,450.0,700.0,USD,,,,,2026-05-24
해상,Busan,중국,Shenzhen,2024,10,200.0,300.0,USD,,,,,2026-05-24
해상,Busan,중국,Shenzhen,2024,09,100.0,150.0,USD,,,,,2026-05-24
해상,Busan,중국,Shenzhen,2024,08,500.0,750.0,USD,,,,,2026-05-24
해상,Busan,중국,Shenzhen,2024,07,550.0,900.0,USD,,,,,2026-05-24
해상,Busan,중국,Shenzhen,2024,06,550.0,900.0,USD,,,,,2026-05-24
해상,Busan,중국,Shenzhen,2024,05,200.0,300.0,USD,,,,,2026-05-24
해상,Busan,중국,Shenzhen,2024,04,450.0,250.0,USD,,,,,2026-05-24
해상,Busan,중국,Shenzhen,2024,03,150.0,300.0,USD,,,,,2026-05-24
해상,Busan,중국,Shenzhen,2024,02,150.0,300.0,USD,,,,,2026-05-24
해상,Busan,중국,Shenzhen,2024,01,150.0,250.0,USD,,,,,2026-05-24
해상,Busan,중국,Shenzhen,2023,12,100.0,250.0,USD,,,,,2026-05-24
해상,Busan,중국,Shenzhen,2023,11,100.0,200.0,USD,,,,,2026-05-24
해상,Busan,중국,Shenzhen,2023,10,150.0,250.0,USD,,,,,2026-05-24
해상,Busan,중국,Shenzhen,2023,09,150.0,250.0,USD,,,,,2026-05-24
해상,Busan,중국,Shenzhen,2023,08,150.0,280.0,USD,,,,,2026-05-24
해상,Busan,중국,Shenzhen,2023,07,150.0,280.0,USD,,,,,2026-05-24
해상,Busan,중국,Shenzhen,2023,06,150.0,280.0,USD,,,,,2026-05-24
해상,Busan,중국,Shenzhen,2023,05,130.0,200.0,USD,,,,,2026-05-24
해상,Busan,중국,Shenzhen,2023,04,300.0,550.0,USD,,,,,2026-05-24
해상,Busan,중국,Shenzhen,2023,03,450.0,800.0,USD,,,,,2026-05-24
해상,Busan,중국,Shenzhen,2023,02,550.0,900.0,USD,,,,,2026-05-24
해상,Busan,중국,Shenzhen,2023,01,550.0,900.0,USD,,,,,2026-05-24
해상,Busan,중국,Shenzhen,2022,12,200.0,350.0,USD,,,,,2026-05-24
해상,Busan,중국,Shenzhen,2022,11,650.0,1200.0,USD,,,,,2026-05-24
해상,Busan,중국,Shenzhen,2022,10,650.0,1200.0,USD,,,,,2026-05-24
해상,Busan,중국,Shenzhen,2022,09,650.0,1200.0,USD,,,,,2026-05-24
해상,Busan,중국,Shenzhen,2022,08,1300.0,1300.0,USD,,,,,2026-05-24
해상,Busan,중국,Shenzhen,2022,07,0.0,0.0,USD,,,,,2026-05-24
해상,Busan,중국,Shenzhen,2022,06,0.0,0.0,USD,,,,,2026-05-24
해상,Busan,중국,Shenzhen,2022,05,0.0,0.0,USD,,,,,2026-05-24
해상,Busan,중국,Shenzhen,2022,04,0.0,0.0,USD,,,,,2026-05-24
해상,Busan,중국,Shenzhen,2022,03,600.0,1200.0,USD,,,,,2026-05-24
해상,Busan,중국,Shenzhen,2022,02,600.0,1200.0,USD,,,,,2026-05-24
해상,Busan,중국,Shenzhen,2022,01,100.0,200.0,USD,,,,,2026-05-24
해상,Busan,중국,Shenzhen,2021,12,100.0,200.0,USD,,,,,2026-05-24
해상,Busan,중국,Shenzhen,2021,11,100.0,200.0,USD,,,,,2026-05-24
해상,Busan,중국,Shenzhen,2021,10,100.0,200.0,USD,,,,,2026-05-24
해상,Busan,중국,Shenzhen,2021,09,100.0,200.0,USD,,,,,2026-05-24
해상,Busan,중국,Shenzhen,2021,08,100.0,200.0,USD,,,,,2026-05-24
해상,Busan,중국,Shenzhen,2021,07,300.0,500.0,USD,,,,,2026-05-24
해상,Busan,중국,Shenzhen,2021,06,250.0,450.0,USD,,,,,2026-05-24
해상,Busan,중국,Shenzhen,2021,05,300.0,500.0,USD,,,,,2026-05-24
해상,Busan,중국,Shenzhen,2021,04,300.0,500.0,USD,,,,,2026-05-24
해상,Busan,중국,Shenzhen,2021,03,300.0,500.0,USD,,,,,2026-05-24
해상,Busan,중국,Shenzhen,2021,02,300.0,500.0,USD,,,,,2026-05-24
해상,Busan,중국,Shenzhen,2021,01,100.0,200.0,USD,,,,,2026-05-24
해상,Busan,중국,Shenzhen,2020,12,100.0,200.0,USD,,,,,2026-05-24
해상,Busan,중국,Shenzhen,2020,11,100.0,200.0,USD,,,,,2026-05-24
해상,Busan,중국,Shenzhen,2020,10,100.0,200.0,USD,,,,,2026-05-24
해상,Busan,중국,Shenzhen,2020,09,100.0,200.0,USD,,,,,2026-05-24
해상,Busan,중국,Shenzhen,2020,08,100.0,200.0,USD,,,,,2026-05-24
해상,Busan,중국,Shenzhen,2020,07,200.0,400.0,USD,,,,,2026-05-24
해상,Busan,중국,Shenzhen,2020,06,200.0,400.0,USD,,,,,2026-05-24
해상,Busan,중국,Shenzhen,2020,05,200.0,400.0,USD,,,,,2026-05-24
해상,Busan,중국,Shenzhen,2020,04,200.0,400.0,USD,,,,,2026-05-24
해상,Busan,중국,Shenzhen,2020,03,200.0,400.0,USD,,,,,2026-05-24
해상,Busan,중국,Shenzhen,2020,02,200.0,400.0,USD,,,,,2026-05-24
해상,Busan,중국,Shenzhen,2020,01,200.0,400.0,USD,,,,,2026-05-24
해상,Busan,중국,Shenzhen,2019,12,200.0,400.0,USD,,,,,2026-05-24
해상,Busan,중국,Shenzhen,2019,11,200.0,350.0,USD,,,,,2026-05-24
해상,Busan,중국,Shenzhen,2019,10,200.0,400.0,USD,,,,,2026-05-24
해상,Busan,중국,Shenzhen,2019,09,300.0,500.0,USD,,,,,2026-05-24
해상,Busan,중국,Shenzhen,2019,08,300.0,500.0,USD,,,,,2026-05-24
해상,Busan,중국,Shenzhen,2019,07,300.0,500.0,USD,,,,,2026-05-24
해상,Busan,중국,Shenzhen,2019,06,300.0,500.0,USD,,,,,2026-05-24
해상,Busan,중국,Shenzhen,2019,05,300.0,500.0,USD,,,,,2026-05-24
해상,Busan,중국,Shenzhen,2019,04,300.0,500.0,USD,,,,,2026-05-24
해상,Busan,중국,Shenzhen,2019,03,300.0,500.0,USD,,,,,2026-05-24
해상,Busan,중국,Shenzhen,2019,02,300.0,500.0,USD,,,,,2026-05-24
해상,Busan,중국,Shenzhen,2019,01,300.0,500.0,USD,,,,,2026-05-24
해상,Busan,중국,Shenzhen,2018,12,300.0,500.0,USD,,,,,2026-05-24
해상,Busan,중국,Shenzhen,2018,11,300.0,500.0,USD,,,,,2026-05-24
해상,Busan,중국,Shenzhen,2018,10,300.0,500.0,USD,,,,,2026-05-24
해상,Busan,중국,Shenzhen,2018,09,300.0,500.0,USD,,,,,2026-05-24
해상,Busan,중국,Shenzhen,2018,08,300.0,500.0,USD,,,,,2026-05-24
해상,Busan,중국,Shenzhen,2018,07,300.0,500.0,USD,,,,,2026-05-24
해상,Busan,중국,Shenzhen,2018,06,300.0,500.0,USD,,,,,2026-05-24
해상,Busan,중국,Shenzhen,2018,05,300.0,500.0,USD,,,,,2026-05-24
해상,Busan,중국,Shenzhen,2018,04,300.0,500.0,USD,,,,,2026-05-24
해상,Busan,중국,Shenzhen,2018,03,400.0,600.0,USD,,,,,2026-05-24
해상,Busan,중국,Shenzhen,2018,02,600.0,1000.0,USD,,,,,2026-05-24
해상,Busan,중국,Shenzhen,2018,01,600.0,1000.0,USD,,,,,2026-05-24
해상,Busan,중국,Xiamen,2026,05,200.0,350.0,USD,,,,,2026-05-24
해상,Busan,중국,Xiamen,2026,04,200.0,350.0,USD,,,,,2026-05-24
해상,Busan,중국,Xiamen,2026,03,100.0,200.0,USD,,,,,2026-05-24
해상,Busan,중국,Xiamen,2026,02,150.0,250.0,USD,,,,,2026-05-24
해상,Busan,중국,Xiamen,2026,01,150.0,250.0,USD,,,,,2026-05-24
해상,Busan,중국,Xiamen,2025,12,100.0,200.0,USD,,,,,2026-05-24
해상,Busan,중국,Xiamen,2025,11,100.0,450.0,USD,,,,,2026-05-24
해상,Busan,중국,Xiamen,2025,10,50.0,100.0,USD,,,,,2026-05-24
해상,Busan,중국,Xiamen,2025,09,50.0,100.0,USD,,,,,2026-05-24
해상,Busan,중국,Xiamen,2025,08,50.0,100.0,USD,,,,,2026-05-24
해상,Busan,중국,Xiamen,2025,07,50.0,100.0,USD,,,,,2026-05-24
해상,Busan,중국,Xiamen,2025,06,250.0,450.0,USD,,,,,2026-05-24
해상,Busan,중국,Xiamen,2025,05,250.0,450.0,USD,,,,,2026-05-24
해상,Busan,중국,Xiamen,2025,04,250.0,450.0,USD,,,,,2026-05-24
해상,Busan,중국,Xiamen,2025,03,450.0,700.0,USD,,,,,2026-05-24
해상,Busan,중국,Xiamen,2025,01,450.0,700.0,USD,,,,,2026-05-24
해상,Busan,중국,Xiamen,2024,12,450.0,700.0,USD,,,,,2026-05-24
해상,Busan,중국,Xiamen,2024,11,450.0,700.0,USD,,,,,2026-05-24
해상,Busan,중국,Xiamen,2024,10,50.0,100.0,USD,,,,,2026-05-24
해상,Busan,중국,Xiamen,2024,09,450.0,700.0,USD,,,,,2026-05-24
해상,Busan,중국,Xiamen,2024,08,500.0,750.0,USD,,,,,2026-05-24
해상,Busan,중국,Xiamen,2024,07,50.0,100.0,USD,,,,,2026-05-24
해상,Busan,중국,Xiamen,2024,06,250.0,350.0,USD,,,,,2026-05-24
해상,Busan,중국,Xiamen,2024,05,100.0,200.0,USD,,,,,2026-05-24
해상,Busan,중국,Xiamen,2024,04,200.0,300.0,USD,,,,,2026-05-24
해상,Busan,중국,Xiamen,2024,03,150.0,300.0,USD,,,,,2026-05-24
해상,Busan,중국,Xiamen,2024,02,150.0,300.0,USD,,,,,2026-05-24
해상,Busan,중국,Xiamen,2024,01,150.0,250.0,USD,,,,,2026-05-24
해상,Busan,중국,Xiamen,2023,12,150.0,250.0,USD,,,,,2026-05-24
해상,Busan,중국,Xiamen,2023,11,150.0,200.0,USD,,,,,2026-05-24
해상,Busan,중국,Xiamen,2023,10,150.0,250.0,USD,,,,,2026-05-24
해상,Busan,중국,Xiamen,2023,09,150.0,250.0,USD,,,,,2026-05-24
해상,Busan,중국,Xiamen,2023,08,150.0,280.0,USD,,,,,2026-05-24
해상,Busan,중국,Xiamen,2023,07,150.0,280.0,USD,,,,,2026-05-24
해상,Busan,중국,Xiamen,2023,06,150.0,280.0,USD,,,,,2026-05-24
해상,Busan,중국,Xiamen,2023,05,150.0,300.0,USD,,,,,2026-05-24
해상,Busan,중국,Xiamen,2023,04,300.0,500.0,USD,,,,,2026-05-24
해상,Busan,중국,Xiamen,2023,03,400.0,600.0,USD,,,,,2026-05-24
해상,Busan,중국,Xiamen,2023,02,500.0,700.0,USD,,,,,2026-05-24
해상,Busan,중국,Xiamen,2023,01,350.0,600.0,USD,,,,,2026-05-24
해상,Busan,중국,Xiamen,2022,12,100.0,200.0,USD,,,,,2026-05-24
해상,Busan,중국,Xiamen,2022,11,700.0,1200.0,USD,,,,,2026-05-24
해상,Busan,중국,Xiamen,2022,10,700.0,1200.0,USD,,,,,2026-05-24
해상,Busan,중국,Xiamen,2022,09,700.0,1050.0,USD,,,,,2026-05-24
해상,Busan,중국,Xiamen,2022,08,750.0,1050.0,USD,,,,,2026-05-24
해상,Busan,중국,Xiamen,2022,07,900.0,1450.0,USD,,,,,2026-05-24
해상,Busan,중국,Xiamen,2022,06,900.0,1450.0,USD,,,,,2026-05-24
해상,Busan,중국,Xiamen,2022,05,950.0,1600.0,USD,,,,,2026-05-24
해상,Busan,중국,Xiamen,2022,04,950.0,1600.0,USD,,,,,2026-05-24
해상,Busan,중국,Xiamen,2022,03,600.0,1800.0,USD,,,,,2026-05-24
해상,Busan,중국,Xiamen,2022,02,600.0,1800.0,USD,,,,,2026-05-24
해상,Busan,중국,Xiamen,2022,01,300.0,500.0,USD,,,,,2026-05-24
해상,Busan,중국,Xiamen,2021,12,250.0,450.0,USD,,,,,2026-05-24
해상,Busan,중국,Xiamen,2021,11,250.0,450.0,USD,,,,,2026-05-24
해상,Busan,중국,Xiamen,2021,10,250.0,450.0,USD,,,,,2026-05-24
해상,Busan,중국,Xiamen,2021,09,250.0,450.0,USD,,,,,2026-05-24
해상,Busan,중국,Xiamen,2021,08,250.0,450.0,USD,,,,,2026-05-24
해상,Busan,중국,Xiamen,2021,07,350.0,700.0,USD,,,,,2026-05-24
해상,Busan,중국,Xiamen,2021,06,400.0,700.0,USD,,,,,2026-05-24
해상,Busan,중국,Xiamen,2021,05,500.0,680.0,USD,,,,,2026-05-24
해상,Busan,중국,Xiamen,2021,04,500.0,680.0,USD,,,,,2026-05-24
해상,Busan,중국,Xiamen,2021,03,500.0,680.0,USD,,,,,2026-05-24
해상,Busan,중국,Xiamen,2021,02,500.0,680.0,USD,,,,,2026-05-24
해상,Busan,중국,Xiamen,2021,01,250.0,450.0,USD,,,,,2026-05-24
해상,Busan,중국,Xiamen,2020,12,250.0,450.0,USD,,,,,2026-05-24
해상,Busan,중국,Xiamen,2020,11,250.0,450.0,USD,,,,,2026-05-24
해상,Busan,중국,Xiamen,2020,10,250.0,450.0,USD,,,,,2026-05-24
해상,Busan,중국,Xiamen,2020,09,250.0,450.0,USD,,,,,2026-05-24
해상,Busan,중국,Xiamen,2020,08,250.0,450.0,USD,,,,,2026-05-24
해상,Busan,중국,Xiamen,2020,07,250.0,450.0,USD,,,,,2026-05-24
해상,Busan,중국,Xiamen,2020,06,250.0,450.0,USD,,,,,2026-05-24
해상,Busan,중국,Xiamen,2020,05,250.0,450.0,USD,,,,,2026-05-24
해상,Busan,중국,Xiamen,2020,04,250.0,450.0,USD,,,,,2026-05-24
해상,Busan,중국,Xiamen,2020,03,250.0,450.0,USD,,,,,2026-05-24
해상,Busan,중국,Xiamen,2020,02,250.0,400.0,USD,,,,,2026-05-24
해상,Busan,중국,Xiamen,2020,01,250.0,400.0,USD,,,,,2026-05-24
해상,Busan,중국,Xiamen,2019,12,250.0,400.0,USD,,,,,2026-05-24
해상,Busan,중국,Xiamen,2019,11,250.0,400.0,USD,,,,,2026-05-24
해상,Busan,중국,Xiamen,2019,10,250.0,400.0,USD,,,,,2026-05-24
해상,Busan,중국,Xiamen,2019,09,250.0,400.0,USD,,,,,2026-05-24
해상,Busan,중국,Xiamen,2019,08,250.0,400.0,USD,,,,,2026-05-24
해상,Busan,중국,Xiamen,2019,07,250.0,400.0,USD,,,,,2026-05-24
해상,Busan,중국,Xiamen,2019,06,250.0,400.0,USD,,,,,2026-05-24
해상,Busan,중국,Xiamen,2019,05,250.0,400.0,USD,,,,,2026-05-24
해상,Busan,중국,Xiamen,2019,04,250.0,400.0,USD,,,,,2026-05-24
해상,Busan,중국,Xiamen,2019,03,300.0,500.0,USD,,,,,2026-05-24
해상,Busan,중국,Xiamen,2019,02,300.0,500.0,USD,,,,,2026-05-24
해상,Busan,중국,Xiamen,2019,01,300.0,500.0,USD,,,,,2026-05-24
해상,Busan,중국,Xiamen,2018,12,300.0,500.0,USD,,,,,2026-05-24
해상,Busan,중국,Xiamen,2018,11,300.0,500.0,USD,,,,,2026-05-24
해상,Busan,중국,Xiamen,2018,10,300.0,500.0,USD,,,,,2026-05-24
해상,Busan,중국,Xiamen,2018,09,300.0,500.0,USD,,,,,2026-05-24
해상,Busan,중국,Xiamen,2018,08,300.0,500.0,USD,,,,,2026-05-24
해상,Busan,중국,Xiamen,2018,07,300.0,500.0,USD,,,,,2026-05-24
해상,Busan,중국,Xiamen,2018,06,300.0,500.0,USD,,,,,2026-05-24
해상,Busan,중국,Xiamen,2018,05,300.0,500.0,USD,,,,,2026-05-24
해상,Busan,중국,Xiamen,2018,04,300.0,500.0,USD,,,,,2026-05-24
해상,Busan,중국,Xiamen,2018,03,300.0,500.0,USD,,,,,2026-05-24
해상,Busan,중국,Xiamen,2018,02,500.0,850.0,USD,,,,,2026-05-24
해상,Busan,중국,Xiamen,2018,01,500.0,850.0,USD,,,,,2026-05-24
해상,Busan,중국,HongKong,2026,05,100.0,200.0,USD,,,,,2026-05-24
해상,Busan,중국,HongKong,2026,04,100.0,150.0,USD,,,,,2026-05-24
해상,Busan,중국,HongKong,2026,03,100.0,150.0,USD,,,,,2026-05-24
해상,Busan,중국,HongKong,2026,02,100.0,150.0,USD,,,,,2026-05-24
해상,Busan,중국,HongKong,2026,01,100.0,150.0,USD,,,,,2026-05-24
해상,Busan,중국,HongKong,2025,12,100.0,150.0,USD,,,,,2026-05-24
해상,Busan,중국,HongKong,2025,11,100.0,150.0,USD,,,,,2026-05-24
해상,Busan,중국,HongKong,2025,10,100.0,150.0,USD,,,,,2026-05-24
해상,Busan,중국,HongKong,2025,09,100.0,150.0,USD,,,,,2026-05-24
해상,Busan,중국,HongKong,2025,08,100.0,150.0,USD,,,,,2026-05-24
해상,Busan,중국,HongKong,2025,07,100.0,150.0,USD,,,,,2026-05-24
해상,Busan,중국,HongKong,2025,06,100.0,150.0,USD,,,,,2026-05-24
해상,Busan,중국,HongKong,2025,05,100.0,200.0,USD,,,,,2026-05-24
해상,Busan,중국,HongKong,2025,04,100.0,200.0,USD,,,,,2026-05-24
해상,Busan,중국,HongKong,2025,03,100.0,200.0,USD,,,,,2026-05-24
해상,Busan,중국,HongKong,2025,01,100.0,200.0,USD,,,,,2026-05-24
해상,Busan,중국,HongKong,2024,12,100.0,200.0,USD,,,,,2026-05-24
해상,Busan,중국,HongKong,2024,11,100.0,200.0,USD,,,,,2026-05-24
해상,Busan,중국,HongKong,2024,10,100.0,150.0,USD,,,,,2026-05-24
해상,Busan,중국,HongKong,2024,09,100.0,150.0,USD,,,,,2026-05-24
해상,Busan,중국,HongKong,2024,08,150.0,200.0,USD,,,,,2026-05-24
해상,Busan,중국,HongKong,2024,07,100.0,150.0,USD,,,,,2026-05-24
해상,Busan,중국,HongKong,2024,06,100.0,150.0,USD,,,,,2026-05-24
해상,Busan,중국,HongKong,2024,05,50.0,80.0,USD,,,,,2026-05-24
해상,Busan,중국,HongKong,2024,04,50.0,80.0,USD,,,,,2026-05-24
해상,Busan,중국,HongKong,2024,03,50.0,80.0,USD,,,,,2026-05-24
해상,Busan,중국,HongKong,2024,02,50.0,80.0,USD,,,,,2026-05-24
해상,Busan,중국,HongKong,2024,01,50.0,80.0,USD,,,,,2026-05-24
해상,Busan,중국,HongKong,2023,12,50.0,80.0,USD,,,,,2026-05-24
해상,Busan,중국,HongKong,2023,11,50.0,50.0,USD,,,,,2026-05-24
해상,Busan,중국,HongKong,2023,10,50.0,80.0,USD,,,,,2026-05-24
해상,Busan,중국,HongKong,2023,09,50.0,80.0,USD,,,,,2026-05-24
해상,Busan,중국,HongKong,2023,08,50.0,100.0,USD,,,,,2026-05-24
해상,Busan,중국,HongKong,2023,07,50.0,100.0,USD,,,,,2026-05-24
해상,Busan,중국,HongKong,2023,06,50.0,100.0,USD,,,,,2026-05-24
해상,Busan,중국,HongKong,2023,05,100.0,160.0,USD,,,,,2026-05-24
해상,Busan,중국,HongKong,2023,04,150.0,250.0,USD,,,,,2026-05-24
해상,Busan,중국,HongKong,2023,03,150.0,300.0,USD,,,,,2026-05-24
해상,Busan,중국,HongKong,2023,02,150.0,300.0,USD,,,,,2026-05-24
해상,Busan,중국,HongKong,2023,01,300.0,500.0,USD,,,,,2026-05-24
해상,Busan,중국,HongKong,2022,12,300.0,500.0,USD,,,,,2026-05-24
해상,Busan,중국,HongKong,2022,11,300.0,600.0,USD,,,,,2026-05-24
해상,Busan,중국,HongKong,2022,10,300.0,600.0,USD,,,,,2026-05-24
해상,Busan,중국,HongKong,2022,09,400.0,800.0,USD,,,,,2026-05-24
해상,Busan,중국,HongKong,2022,08,500.0,900.0,USD,,,,,2026-05-24
해상,Busan,중국,HongKong,2022,07,500.0,900.0,USD,,,,,2026-05-24
해상,Busan,중국,HongKong,2022,06,500.0,900.0,USD,,,,,2026-05-24
해상,Busan,중국,HongKong,2022,05,500.0,900.0,USD,,,,,2026-05-24
해상,Busan,중국,HongKong,2022,04,500.0,900.0,USD,,,,,2026-05-24
해상,Busan,중국,HongKong,2022,03,500.0,900.0,USD,,,,,2026-05-24
해상,Busan,중국,HongKong,2022,02,500.0,900.0,USD,,,,,2026-05-24
해상,Busan,중국,HongKong,2022,01,200.0,300.0,USD,,,,,2026-05-24
해상,Busan,중국,HongKong,2021,12,200.0,300.0,USD,,,,,2026-05-24
해상,Busan,중국,HongKong,2021,11,200.0,300.0,USD,,,,,2026-05-24
해상,Busan,중국,HongKong,2021,10,100.0,150.0,USD,,,,,2026-05-24
해상,Busan,중국,HongKong,2021,09,100.0,150.0,USD,,,,,2026-05-24
해상,Busan,중국,HongKong,2021,08,100.0,150.0,USD,,,,,2026-05-24
해상,Busan,중국,HongKong,2021,07,150.0,300.0,USD,,,,,2026-05-24
해상,Busan,중국,HongKong,2021,06,150.0,250.0,USD,,,,,2026-05-24
해상,Busan,중국,HongKong,2021,05,350.0,500.0,USD,,,,,2026-05-24
해상,Busan,중국,HongKong,2021,04,350.0,500.0,USD,,,,,2026-05-24
해상,Busan,중국,HongKong,2021,03,350.0,500.0,USD,,,,,2026-05-24
해상,Busan,중국,HongKong,2021,02,350.0,500.0,USD,,,,,2026-05-24
해상,Busan,중국,HongKong,2021,01,100.0,200.0,USD,,,,,2026-05-24
해상,Busan,중국,HongKong,2020,12,100.0,150.0,USD,,,,,2026-05-24
해상,Busan,중국,HongKong,2020,11,100.0,150.0,USD,,,,,2026-05-24
해상,Busan,중국,HongKong,2020,10,100.0,150.0,USD,,,,,2026-05-24
해상,Busan,중국,HongKong,2020,09,100.0,150.0,USD,,,,,2026-05-24
해상,Busan,중국,HongKong,2020,08,100.0,150.0,USD,,,,,2026-05-24
해상,Busan,중국,HongKong,2020,07,100.0,150.0,USD,,,,,2026-05-24
해상,Busan,중국,HongKong,2020,06,50.0,150.0,USD,,,,,2026-05-24
해상,Busan,중국,HongKong,2020,05,50.0,150.0,USD,,,,,2026-05-24
해상,Busan,중국,HongKong,2020,04,50.0,150.0,USD,,,,,2026-05-24
해상,Busan,중국,HongKong,2020,03,50.0,150.0,USD,,,,,2026-05-24
해상,Busan,중국,HongKong,2020,02,50.0,100.0,USD,,,,,2026-05-24
해상,Busan,중국,HongKong,2020,01,50.0,100.0,USD,,,,,2026-05-24
해상,Busan,중국,HongKong,2019,12,50.0,100.0,USD,,,,,2026-05-24
해상,Busan,중국,HongKong,2019,11,50.0,100.0,USD,,,,,2026-05-24
해상,Busan,중국,HongKong,2019,10,100.0,120.0,USD,,,,,2026-05-24
해상,Busan,중국,HongKong,2019,09,100.0,150.0,USD,,,,,2026-05-24
해상,Busan,중국,HongKong,2019,08,100.0,150.0,USD,,,,,2026-05-24
해상,Busan,중국,HongKong,2019,07,100.0,150.0,USD,,,,,2026-05-24
해상,Busan,중국,HongKong,2019,06,100.0,150.0,USD,,,,,2026-05-24
해상,Busan,중국,HongKong,2019,05,100.0,150.0,USD,,,,,2026-05-24
해상,Busan,중국,HongKong,2019,04,100.0,150.0,USD,,,,,2026-05-24
해상,Busan,중국,HongKong,2019,03,100.0,150.0,USD,,,,,2026-05-24
해상,Busan,중국,HongKong,2019,02,100.0,150.0,USD,,,,,2026-05-24
해상,Busan,중국,HongKong,2019,01,100.0,150.0,USD,,,,,2026-05-24
해상,Busan,중국,HongKong,2018,12,100.0,150.0,USD,,,,,2026-05-24
해상,Busan,중국,HongKong,2018,11,100.0,150.0,USD,,,,,2026-05-24
해상,Busan,중국,HongKong,2018,10,100.0,150.0,USD,,,,,2026-05-24
해상,Busan,중국,HongKong,2018,09,100.0,150.0,USD,,,,,2026-05-24
해상,Busan,중국,HongKong,2018,08,100.0,150.0,USD,,,,,2026-05-24
해상,Busan,중국,HongKong,2018,07,100.0,150.0,USD,,,,,2026-05-24
해상,Busan,중국,HongKong,2018,06,100.0,150.0,USD,,,,,2026-05-24
해상,Busan,중국,HongKong,2018,05,100.0,150.0,USD,,,,,2026-05-24
해상,Busan,중국,HongKong,2018,04,100.0,150.0,USD,,,,,2026-05-24
해상,Busan,중국,HongKong,2018,03,100.0,150.0,USD,,,,,2026-05-24
해상,Busan,중국,HongKong,2018,02,200.0,300.0,USD,,,,,2026-05-24
해상,Busan,중국,HongKong,2018,01,200.0,300.0,USD,,,,,2026-05-24
해상,Busan,중국,Xingang,2026,05,30.0,60.0,USD,,,,,2026-05-24
해상,Busan,중국,Xingang,2026,04,20.0,30.0,USD,,,,,2026-05-24
해상,Busan,중국,Xingang,2026,03,30.0,50.0,USD,,,,,2026-05-24
해상,Busan,중국,Xingang,2026,02,30.0,52.0,USD,,,,,2026-05-24
해상,Busan,중국,Xingang,2026,01,30.0,52.0,USD,,,,,2026-05-24
해상,Busan,중국,Xingang,2025,12,30.0,52.0,USD,,,,,2026-05-24
해상,Busan,중국,Xingang,2025,11,30.0,52.0,USD,,,,,2026-05-24
해상,Busan,중국,Xingang,2025,10,30.0,52.0,USD,,,,,2026-05-24
해상,Busan,중국,Xingang,2025,09,30.0,52.0,USD,,,,,2026-05-24
해상,Busan,중국,Xingang,2025,08,30.0,52.0,USD,,,,,2026-05-24
해상,Busan,중국,Xingang,2025,07,30.0,52.0,USD,,,,,2026-05-24
해상,Busan,중국,Xingang,2025,06,30.0,50.0,USD,,,,,2026-05-24
해상,Busan,중국,Xingang,2025,05,30.0,50.0,USD,,,,,2026-05-24
해상,Busan,중국,Xingang,2025,04,30.0,50.0,USD,,,,,2026-05-24
해상,Busan,중국,Xingang,2025,03,50.0,80.0,USD,,,,,2026-05-24
해상,Busan,중국,Xingang,2025,01,50.0,80.0,USD,,,,,2026-05-24
해상,Busan,중국,Xingang,2024,12,50.0,80.0,USD,,,,,2026-05-24
해상,Busan,중국,Xingang,2024,11,50.0,80.0,USD,,,,,2026-05-24
해상,Busan,중국,Xingang,2024,10,50.0,80.0,USD,,,,,2026-05-24
해상,Busan,중국,Xingang,2024,09,50.0,80.0,USD,,,,,2026-05-24
해상,Busan,중국,Xingang,2024,08,50.0,80.0,USD,,,,,2026-05-24
해상,Busan,중국,Xingang,2024,07,50.0,100.0,USD,,,,,2026-05-24
해상,Busan,중국,Xingang,2024,06,50.0,100.0,USD,,,,,2026-05-24
해상,Busan,중국,Xingang,2024,05,20.0,40.0,USD,,,,,2026-05-24
해상,Busan,중국,Xingang,2024,04,50.0,80.0,USD,,,,,2026-05-24
해상,Busan,중국,Xingang,2024,03,50.0,80.0,USD,,,,,2026-05-24
해상,Busan,중국,Xingang,2024,02,50.0,80.0,USD,,,,,2026-05-24
해상,Busan,중국,Xingang,2024,01,50.0,80.0,USD,,,,,2026-05-24
해상,Busan,중국,Xingang,2023,12,50.0,80.0,USD,,,,,2026-05-24
해상,Busan,중국,Xingang,2023,11,50.0,80.0,USD,,,,,2026-05-24
해상,Busan,중국,Xingang,2023,10,50.0,80.0,USD,,,,,2026-05-24
해상,Busan,중국,Xingang,2023,09,50.0,80.0,USD,,,,,2026-05-24
해상,Busan,중국,Xingang,2023,08,50.0,80.0,USD,,,,,2026-05-24
해상,Busan,중국,Xingang,2023,07,50.0,80.0,USD,,,,,2026-05-24
해상,Busan,중국,Xingang,2023,06,50.0,80.0,USD,,,,,2026-05-24
해상,Busan,중국,Xingang,2023,05,50.0,80.0,USD,,,,,2026-05-24
해상,Busan,중국,Xingang,2023,04,50.0,50.0,USD,,,,,2026-05-24
해상,Busan,중국,Xingang,2023,03,50.0,100.0,USD,,,,,2026-05-24
해상,Busan,중국,Xingang,2023,02,80.0,120.0,USD,,,,,2026-05-24
해상,Busan,중국,Xingang,2023,01,80.0,130.0,USD,,,,,2026-05-24
해상,Busan,중국,Xingang,2022,12,100.0,150.0,USD,,,,,2026-05-24
해상,Busan,중국,Xingang,2022,11,150.0,200.0,USD,,,,,2026-05-24
해상,Busan,중국,Xingang,2022,10,150.0,200.0,USD,,,,,2026-05-24
해상,Busan,중국,Xingang,2022,09,150.0,200.0,USD,,,,,2026-05-24
해상,Busan,중국,Xingang,2022,08,150.0,200.0,USD,,,,,2026-05-24
해상,Busan,중국,Xingang,2022,07,150.0,200.0,USD,,,,,2026-05-24
해상,Busan,중국,Xingang,2022,06,150.0,200.0,USD,,,,,2026-05-24
해상,Busan,중국,Xingang,2022,05,150.0,200.0,USD,,,,,2026-05-24
해상,Busan,중국,Xingang,2022,04,150.0,200.0,USD,,,,,2026-05-24
해상,Busan,중국,Xingang,2022,03,150.0,200.0,USD,,,,,2026-05-24
해상,Busan,중국,Xingang,2022,02,150.0,200.0,USD,,,,,2026-05-24
해상,Busan,중국,Xingang,2022,01,150.0,200.0,USD,,,,,2026-05-24
해상,Busan,중국,Xingang,2021,12,100.0,150.0,USD,,,,,2026-05-24
해상,Busan,중국,Xingang,2021,11,100.0,150.0,USD,,,,,2026-05-24
해상,Busan,중국,Xingang,2021,10,80.0,110.0,USD,,,,,2026-05-24
해상,Busan,중국,Xingang,2021,09,80.0,110.0,USD,,,,,2026-05-24
해상,Busan,중국,Xingang,2021,08,80.0,110.0,USD,,,,,2026-05-24
해상,Busan,중국,Xingang,2021,07,80.0,110.0,USD,,,,,2026-05-24
해상,Busan,중국,Xingang,2021,06,100.0,150.0,USD,,,,,2026-05-24
해상,Busan,중국,Xingang,2021,05,100.0,150.0,USD,,,,,2026-05-24
해상,Busan,중국,Xingang,2021,04,100.0,150.0,USD,,,,,2026-05-24
해상,Busan,중국,Xingang,2021,03,100.0,150.0,USD,,,,,2026-05-24
해상,Busan,중국,Xingang,2021,02,100.0,150.0,USD,,,,,2026-05-24
해상,Busan,중국,Xingang,2021,01,100.0,150.0,USD,,,,,2026-05-24
해상,Busan,중국,Xingang,2020,12,80.0,110.0,USD,,,,,2026-05-24
해상,Busan,중국,Xingang,2020,11,80.0,110.0,USD,,,,,2026-05-24
해상,Busan,중국,Xingang,2020,10,80.0,110.0,USD,,,,,2026-05-24
해상,Busan,중국,Xingang,2020,09,80.0,110.0,USD,,,,,2026-05-24
해상,Busan,중국,Xingang,2020,08,80.0,110.0,USD,,,,,2026-05-24
해상,Busan,중국,Xingang,2020,07,80.0,110.0,USD,,,,,2026-05-24
해상,Busan,중국,Xingang,2020,06,80.0,110.0,USD,,,,,2026-05-24
해상,Busan,중국,Xingang,2020,05,80.0,110.0,USD,,,,,2026-05-24
해상,Busan,중국,Xingang,2020,04,80.0,110.0,USD,,,,,2026-05-24
해상,Busan,중국,Xingang,2020,03,80.0,110.0,USD,,,,,2026-05-24
해상,Busan,중국,Xingang,2020,02,80.0,110.0,USD,,,,,2026-05-24
해상,Busan,중국,Xingang,2020,01,80.0,110.0,USD,,,,,2026-05-24
해상,Busan,중국,Xingang,2019,12,80.0,110.0,USD,,,,,2026-05-24
해상,Busan,중국,Xingang,2019,11,80.0,160.0,USD,,,,,2026-05-24
해상,Busan,중국,Xingang,2019,10,100.0,150.0,USD,,,,,2026-05-24
해상,Busan,중국,Xingang,2019,09,100.0,150.0,USD,,,,,2026-05-24
해상,Busan,중국,Xingang,2019,08,100.0,150.0,USD,,,,,2026-05-24
해상,Busan,중국,Xingang,2019,07,100.0,150.0,USD,,,,,2026-05-24
해상,Busan,중국,Xingang,2019,06,100.0,150.0,USD,,,,,2026-05-24
해상,Busan,중국,Xingang,2019,05,100.0,150.0,USD,,,,,2026-05-24
해상,Busan,중국,Xingang,2019,04,100.0,150.0,USD,,,,,2026-05-24
해상,Busan,중국,Xingang,2019,03,100.0,150.0,USD,,,,,2026-05-24
해상,Busan,중국,Xingang,2019,02,100.0,150.0,USD,,,,,2026-05-24
해상,Busan,중국,Xingang,2019,01,100.0,150.0,USD,,,,,2026-05-24
해상,Busan,중국,Xingang,2018,12,100.0,150.0,USD,,,,,2026-05-24
해상,Busan,중국,Xingang,2018,11,100.0,150.0,USD,,,,,2026-05-24
해상,Busan,중국,Xingang,2018,10,100.0,150.0,USD,,,,,2026-05-24
해상,Busan,중국,Xingang,2018,09,100.0,150.0,USD,,,,,2026-05-24
해상,Busan,중국,Xingang,2018,08,100.0,150.0,USD,,,,,2026-05-24
해상,Busan,중국,Xingang,2018,07,100.0,150.0,USD,,,,,2026-05-24
해상,Busan,중국,Xingang,2018,06,100.0,150.0,USD,,,,,2026-05-24
해상,Busan,중국,Xingang,2018,05,100.0,150.0,USD,,,,,2026-05-24
해상,Busan,중국,Xingang,2018,04,100.0,150.0,USD,,,,,2026-05-24
해상,Busan,중국,Xingang,2018,03,100.0,150.0,USD,,,,,2026-05-24
해상,Busan,중국,Xingang,2018,02,100.0,150.0,USD,,,,,2026-05-24
해상,Busan,중국,Xingang,2018,01,100.0,150.0,USD,,,,,2026-05-24
해상,Busan,중국,Yantai,2026,05,50.0,100.0,USD,,,,,2026-05-24
해상,Busan,중국,Yantai,2026,04,50.0,100.0,USD,,,,,2026-05-24
해상,Busan,중국,Yantai,2026,03,50.0,100.0,USD,,,,,2026-05-24
해상,Busan,중국,Yantai,2026,02,50.0,100.0,USD,,,,,2026-05-24
해상,Busan,중국,Yantai,2026,01,50.0,100.0,USD,,,,,2026-05-24
해상,Busan,중국,Yantai,2025,12,50.0,100.0,USD,,,,,2026-05-24
해상,Busan,중국,Yantai,2025,11,50.0,100.0,USD,,,,,2026-05-24
해상,Busan,중국,Yantai,2025,10,50.0,100.0,USD,,,,,2026-05-24
해상,Busan,중국,Yantai,2025,09,50.0,100.0,USD,,,,,2026-05-24
해상,Busan,중국,Yantai,2025,08,50.0,100.0,USD,,,,,2026-05-24
해상,Busan,중국,Yantai,2025,07,50.0,100.0,USD,,,,,2026-05-24
해상,Busan,중국,Yantai,2025,06,50.0,100.0,USD,,,,,2026-05-24
해상,Busan,중국,Yantai,2025,05,50.0,100.0,USD,,,,,2026-05-24
해상,Busan,중국,Yantai,2025,04,50.0,100.0,USD,,,,,2026-05-24
해상,Busan,중국,Yantai,2025,03,120.0,250.0,USD,,,,,2026-05-24
해상,Busan,중국,Yantai,2025,01,120.0,250.0,USD,,,,,2026-05-24
해상,Busan,중국,Yantai,2024,12,120.0,250.0,USD,,,,,2026-05-24
해상,Busan,중국,Yantai,2024,11,120.0,250.0,USD,,,,,2026-05-24
해상,Busan,중국,Yantai,2024,10,50.0,80.0,USD,,,,,2026-05-24
해상,Busan,중국,Yantai,2024,09,50.0,80.0,USD,,,,,2026-05-24
해상,Busan,중국,Yantai,2024,08,50.0,80.0,USD,,,,,2026-05-24
해상,Busan,중국,Yantai,2024,07,100.0,150.0,USD,,,,,2026-05-24
해상,Busan,중국,Yantai,2024,06,100.0,150.0,USD,,,,,2026-05-24
해상,Busan,중국,Yantai,2024,05,50.0,80.0,USD,,,,,2026-05-24
해상,Busan,중국,Yantai,2024,04,80.0,100.0,USD,,,,,2026-05-24
해상,Busan,중국,Yantai,2024,03,50.0,80.0,USD,,,,,2026-05-24
해상,Busan,중국,Yantai,2024,02,50.0,80.0,USD,,,,,2026-05-24
해상,Busan,중국,Yantai,2024,01,50.0,80.0,USD,,,,,2026-05-24
해상,Busan,중국,Yantai,2023,12,150.0,250.0,USD,,,,,2026-05-24
해상,Busan,중국,Yantai,2023,11,50.0,80.0,USD,,,,,2026-05-24
해상,Busan,중국,Yantai,2023,10,50.0,80.0,USD,,,,,2026-05-24
해상,Busan,중국,Yantai,2023,09,50.0,80.0,USD,,,,,2026-05-24
해상,Busan,중국,Yantai,2023,08,100.0,150.0,USD,,,,,2026-05-24
해상,Busan,중국,Yantai,2023,07,100.0,150.0,USD,,,,,2026-05-24
해상,Busan,중국,Yantai,2023,06,100.0,150.0,USD,,,,,2026-05-24
해상,Busan,중국,Yantai,2023,05,100.0,150.0,USD,,,,,2026-05-24
해상,Busan,중국,Yantai,2023,04,100.0,150.0,USD,,,,,2026-05-24
해상,Busan,중국,Yantai,2023,03,100.0,150.0,USD,,,,,2026-05-24
해상,Busan,중국,Yantai,2023,02,100.0,150.0,USD,,,,,2026-05-24
해상,Busan,중국,Yantai,2023,01,150.0,300.0,USD,,,,,2026-05-24
해상,Busan,중국,Yantai,2022,12,150.0,300.0,USD,,,,,2026-05-24
해상,Busan,중국,Yantai,2022,11,300.0,550.0,USD,,,,,2026-05-24
해상,Busan,중국,Yantai,2022,10,300.0,550.0,USD,,,,,2026-05-24
해상,Busan,중국,Yantai,2022,09,0.0,0.0,USD,,,,,2026-05-24
해상,Busan,중국,Yantai,2022,08,300.0,550.0,USD,,,,,2026-05-24
해상,Busan,중국,Weihai,2026,05,50.0,100.0,USD,,,,,2026-05-24
해상,Busan,중국,Weihai,2026,04,50.0,100.0,USD,,,,,2026-05-24
해상,Busan,중국,Weihai,2026,03,50.0,100.0,USD,,,,,2026-05-24
해상,Busan,중국,Weihai,2026,02,50.0,100.0,USD,,,,,2026-05-24
해상,Busan,중국,Weihai,2026,01,50.0,100.0,USD,,,,,2026-05-24
해상,Busan,중국,Weihai,2025,12,50.0,100.0,USD,,,,,2026-05-24
해상,Busan,중국,Weihai,2025,11,50.0,100.0,USD,,,,,2026-05-24
해상,Busan,중국,Weihai,2025,10,50.0,100.0,USD,,,,,2026-05-24
해상,Busan,중국,Weihai,2025,09,50.0,100.0,USD,,,,,2026-05-24
해상,Busan,중국,Weihai,2025,08,50.0,100.0,USD,,,,,2026-05-24
해상,Busan,중국,Weihai,2025,07,50.0,100.0,USD,,,,,2026-05-24
해상,Busan,중국,Weihai,2025,06,50.0,100.0,USD,,,,,2026-05-24
해상,Busan,중국,Weihai,2025,05,50.0,100.0,USD,,,,,2026-05-24
해상,Busan,중국,Weihai,2025,04,50.0,100.0,USD,,,,,2026-05-24
해상,Busan,중국,Weihai,2025,03,100.0,160.0,USD,,,,,2026-05-24
해상,Busan,중국,Weihai,2025,01,100.0,160.0,USD,,,,,2026-05-24
해상,Busan,중국,Weihai,2024,12,100.0,160.0,USD,,,,,2026-05-24
해상,Busan,중국,Weihai,2024,11,100.0,160.0,USD,,,,,2026-05-24
해상,Busan,중국,Weihai,2024,10,50.0,80.0,USD,,,,,2026-05-24
해상,Busan,중국,Weihai,2024,09,50.0,80.0,USD,,,,,2026-05-24
해상,Busan,중국,Weihai,2024,08,50.0,80.0,USD,,,,,2026-05-24
해상,Busan,중국,Weihai,2024,07,100.0,150.0,USD,,,,,2026-05-24
해상,Busan,중국,Weihai,2024,06,150.0,300.0,USD,,,,,2026-05-24
해상,Busan,중국,Weihai,2024,05,50.0,80.0,USD,,,,,2026-05-24
해상,Busan,중국,Weihai,2024,04,60.0,100.0,USD,,,,,2026-05-24
해상,Busan,중국,Weihai,2024,03,50.0,80.0,USD,,,,,2026-05-24
해상,Busan,중국,Weihai,2024,02,50.0,80.0,USD,,,,,2026-05-24
해상,Busan,중국,Weihai,2024,01,50.0,80.0,USD,,,,,2026-05-24
해상,Busan,중국,Weihai,2023,12,150.0,250.0,USD,,,,,2026-05-24
해상,Busan,중국,Weihai,2023,11,50.0,80.0,USD,,,,,2026-05-24
해상,Busan,중국,Weihai,2023,10,50.0,80.0,USD,,,,,2026-05-24
해상,Busan,중국,Weihai,2023,09,50.0,80.0,USD,,,,,2026-05-24
해상,Busan,중국,Weihai,2023,08,100.0,200.0,USD,,,,,2026-05-24
해상,Busan,중국,Weihai,2023,07,100.0,200.0,USD,,,,,2026-05-24
해상,Busan,중국,Weihai,2023,06,100.0,200.0,USD,,,,,2026-05-24
해상,Busan,중국,Weihai,2023,05,100.0,200.0,USD,,,,,2026-05-24
해상,Busan,중국,Weihai,2023,04,150.0,250.0,USD,,,,,2026-05-24
해상,Busan,중국,Weihai,2023,03,150.0,300.0,USD,,,,,2026-05-24
해상,Busan,중국,Weihai,2023,02,150.0,300.0,USD,,,,,2026-05-24
해상,Busan,중국,Weihai,2023,01,100.0,150.0,USD,,,,,2026-05-24
해상,Busan,중국,Weihai,2022,12,100.0,150.0,USD,,,,,2026-05-24
해상,Busan,중국,Weihai,2022,11,100.0,200.0,USD,,,,,2026-05-24
해상,Busan,중국,Weihai,2022,10,100.0,200.0,USD,,,,,2026-05-24
해상,Busan,중국,Weihai,2022,09,0.0,0.0,USD,,,,,2026-05-24
해상,Busan,중국,Weihai,2022,08,150.0,200.0,USD,,,,,2026-05-24
해상,Busan,중국,Shanghai,2026,05,30.0,50.0,USD,,,,,2026-05-24
해상,Busan,중국,Shanghai,2026,04,20.0,30.0,USD,,,,,2026-05-24
해상,Busan,중국,Shanghai,2026,03,30.0,50.0,USD,,,,,2026-05-24
해상,Busan,중국,Shanghai,2026,02,30.0,50.0,USD,,,,,2026-05-24
해상,Busan,중국,Shanghai,2026,01,30.0,50.0,USD,,,,,2026-05-24
해상,Busan,중국,Shanghai,2025,12,30.0,50.0,USD,,,,,2026-05-24
해상,Busan,중국,Shanghai,2025,11,30.0,50.0,USD,,,,,2026-05-24
해상,Busan,중국,Shanghai,2025,10,30.0,50.0,USD,,,,,2026-05-24
해상,Busan,중국,Shanghai,2025,09,30.0,50.0,USD,,,,,2026-05-24
해상,Busan,중국,Shanghai,2025,08,30.0,50.0,USD,,,,,2026-05-24
해상,Busan,중국,Shanghai,2025,07,30.0,50.0,USD,,,,,2026-05-24
해상,Busan,중국,Shanghai,2025,06,30.0,50.0,USD,,,,,2026-05-24
해상,Busan,중국,Shanghai,2025,05,30.0,50.0,USD,,,,,2026-05-24
해상,Busan,중국,Shanghai,2025,04,30.0,50.0,USD,,,,,2026-05-24
해상,Busan,중국,Shanghai,2025,03,50.0,80.0,USD,,,,,2026-05-24
해상,Busan,중국,Shanghai,2025,01,50.0,80.0,USD,,,,,2026-05-24
해상,Busan,중국,Shanghai,2024,12,50.0,80.0,USD,,,,,2026-05-24
해상,Busan,중국,Shanghai,2024,11,50.0,80.0,USD,,,,,2026-05-24
해상,Busan,중국,Shanghai,2024,10,50.0,80.0,USD,,,,,2026-05-24
해상,Busan,중국,Shanghai,2024,09,50.0,80.0,USD,,,,,2026-05-24
해상,Busan,중국,Shanghai,2024,08,50.0,80.0,USD,,,,,2026-05-24
해상,Busan,중국,Shanghai,2024,07,30.0,50.0,USD,,,,,2026-05-24
해상,Busan,중국,Shanghai,2024,06,30.0,50.0,USD,,,,,2026-05-24
해상,Busan,중국,Shanghai,2024,05,20.0,40.0,USD,,,,,2026-05-24
해상,Busan,중국,Shanghai,2024,04,30.0,50.0,USD,,,,,2026-05-24
해상,Busan,중국,Shanghai,2024,03,50.0,80.0,USD,,,,,2026-05-24
해상,Busan,중국,Shanghai,2024,02,50.0,80.0,USD,,,,,2026-05-24
해상,Busan,중국,Shanghai,2024,01,30.0,50.0,USD,,,,,2026-05-24
해상,Busan,중국,Shanghai,2023,12,30.0,50.0,USD,,,,,2026-05-24
해상,Busan,중국,Shanghai,2023,11,30.0,50.0,USD,,,,,2026-05-24
해상,Busan,중국,Shanghai,2023,10,30.0,50.0,USD,,,,,2026-05-24
해상,Busan,중국,Shanghai,2023,09,30.0,50.0,USD,,,,,2026-05-24
해상,Busan,중국,Shanghai,2023,08,30.0,50.0,USD,,,,,2026-05-24
해상,Busan,중국,Shanghai,2023,07,30.0,50.0,USD,,,,,2026-05-24
해상,Busan,중국,Shanghai,2023,06,30.0,50.0,USD,,,,,2026-05-24
해상,Busan,중국,Shanghai,2023,05,30.0,50.0,USD,,,,,2026-05-24
해상,Busan,중국,Shanghai,2023,04,50.0,50.0,USD,,,,,2026-05-24
해상,Busan,중국,Shanghai,2023,03,50.0,80.0,USD,,,,,2026-05-24
해상,Busan,중국,Shanghai,2023,02,50.0,100.0,USD,,,,,2026-05-24
해상,Busan,중국,Shanghai,2023,01,80.0,130.0,USD,,,,,2026-05-24
해상,Busan,중국,Shanghai,2022,12,100.0,150.0,USD,,,,,2026-05-24
해상,Busan,중국,Shanghai,2022,11,120.0,200.0,USD,,,,,2026-05-24
해상,Busan,중국,Shanghai,2022,10,130.0,200.0,USD,,,,,2026-05-24
해상,Busan,중국,Shanghai,2022,09,120.0,200.0,USD,,,,,2026-05-24
해상,Busan,중국,Shanghai,2022,08,150.0,200.0,USD,,,,,2026-05-24
해상,Busan,중국,Shanghai,2022,07,150.0,200.0,USD,,,,,2026-05-24
해상,Busan,중국,Shanghai,2022,06,150.0,200.0,USD,,,,,2026-05-24
해상,Busan,중국,Shanghai,2022,05,150.0,200.0,USD,,,,,2026-05-24
해상,Busan,중국,Shanghai,2022,04,150.0,200.0,USD,,,,,2026-05-24
해상,Busan,중국,Shanghai,2022,03,150.0,200.0,USD,,,,,2026-05-24
해상,Busan,중국,Shanghai,2022,02,150.0,200.0,USD,,,,,2026-05-24
해상,Busan,중국,Shanghai,2022,01,150.0,200.0,USD,,,,,2026-05-24
해상,Busan,중국,Shanghai,2021,12,100.0,150.0,USD,,,,,2026-05-24
해상,Busan,중국,Shanghai,2021,11,100.0,150.0,USD,,,,,2026-05-24
해상,Busan,중국,Shanghai,2021,10,80.0,110.0,USD,,,,,2026-05-24
해상,Busan,중국,Shanghai,2021,09,80.0,110.0,USD,,,,,2026-05-24
해상,Busan,중국,Shanghai,2021,08,80.0,110.0,USD,,,,,2026-05-24
해상,Busan,중국,Shanghai,2021,07,80.0,110.0,USD,,,,,2026-05-24
해상,Busan,중국,Shanghai,2021,06,100.0,150.0,USD,,,,,2026-05-24
해상,Busan,중국,Shanghai,2021,05,100.0,150.0,USD,,,,,2026-05-24
해상,Busan,중국,Shanghai,2021,04,100.0,150.0,USD,,,,,2026-05-24
해상,Busan,중국,Shanghai,2021,03,100.0,150.0,USD,,,,,2026-05-24
해상,Busan,중국,Shanghai,2021,02,100.0,150.0,USD,,,,,2026-05-24
해상,Busan,중국,Shanghai,2021,01,100.0,150.0,USD,,,,,2026-05-24
해상,Busan,중국,Shanghai,2020,12,80.0,110.0,USD,,,,,2026-05-24
해상,Busan,중국,Shanghai,2020,11,80.0,110.0,USD,,,,,2026-05-24
해상,Busan,중국,Shanghai,2020,10,80.0,110.0,USD,,,,,2026-05-24
해상,Busan,중국,Shanghai,2020,09,80.0,110.0,USD,,,,,2026-05-24
해상,Busan,중국,Shanghai,2020,08,80.0,110.0,USD,,,,,2026-05-24
해상,Busan,중국,Shanghai,2020,07,80.0,110.0,USD,,,,,2026-05-24
해상,Busan,중국,Shanghai,2020,06,80.0,110.0,USD,,,,,2026-05-24
해상,Busan,중국,Shanghai,2020,05,80.0,110.0,USD,,,,,2026-05-24
해상,Busan,중국,Shanghai,2020,04,80.0,110.0,USD,,,,,2026-05-24
해상,Busan,중국,Shanghai,2020,03,80.0,110.0,USD,,,,,2026-05-24
해상,Busan,중국,Shanghai,2020,02,80.0,110.0,USD,,,,,2026-05-24
해상,Busan,중국,Shanghai,2020,01,80.0,110.0,USD,,,,,2026-05-24
해상,Busan,중국,Shanghai,2019,12,80.0,110.0,USD,,,,,2026-05-24
해상,Busan,중국,Shanghai,2019,11,80.0,160.0,USD,,,,,2026-05-24
해상,Busan,중국,Shanghai,2019,10,100.0,150.0,USD,,,,,2026-05-24
해상,Busan,중국,Shanghai,2019,09,100.0,150.0,USD,,,,,2026-05-24
해상,Busan,중국,Shanghai,2019,08,100.0,150.0,USD,,,,,2026-05-24
해상,Busan,중국,Shanghai,2019,07,100.0,150.0,USD,,,,,2026-05-24
해상,Busan,중국,Shanghai,2019,06,100.0,150.0,USD,,,,,2026-05-24
해상,Busan,중국,Shanghai,2019,05,100.0,150.0,USD,,,,,2026-05-24
해상,Busan,중국,Shanghai,2019,04,100.0,150.0,USD,,,,,2026-05-24
해상,Busan,중국,Shanghai,2019,03,100.0,150.0,USD,,,,,2026-05-24
해상,Busan,중국,Shanghai,2019,02,100.0,150.0,USD,,,,,2026-05-24
해상,Busan,중국,Shanghai,2019,01,100.0,150.0,USD,,,,,2026-05-24
해상,Busan,중국,Shanghai,2018,12,100.0,150.0,USD,,,,,2026-05-24
해상,Busan,중국,Shanghai,2018,11,100.0,150.0,USD,,,,,2026-05-24
해상,Busan,중국,Shanghai,2018,10,100.0,150.0,USD,,,,,2026-05-24
해상,Busan,중국,Shanghai,2018,09,100.0,150.0,USD,,,,,2026-05-24
해상,Busan,중국,Shanghai,2018,08,100.0,150.0,USD,,,,,2026-05-24
해상,Busan,중국,Shanghai,2018,07,100.0,150.0,USD,,,,,2026-05-24
해상,Busan,중국,Shanghai,2018,06,100.0,150.0,USD,,,,,2026-05-24
해상,Busan,중국,Shanghai,2018,05,100.0,150.0,USD,,,,,2026-05-24
해상,Busan,중국,Shanghai,2018,04,100.0,150.0,USD,,,,,2026-05-24
해상,Busan,중국,Shanghai,2018,03,100.0,150.0,USD,,,,,2026-05-24
해상,Busan,중국,Shanghai,2018,02,100.0,150.0,USD,,,,,2026-05-24
해상,Busan,중국,Shanghai,2018,01,100.0,150.0,USD,,,,,2026-05-24
해상,Busan,중국,Lianyungang,2026,05,40.0,80.0,USD,,,,,2026-05-24
해상,Busan,중국,Lianyungang,2026,04,21.0,32.0,USD,,,,,2026-05-24
해상,Busan,중국,Lianyungang,2026,03,30.0,60.0,USD,,,,,2026-05-24
해상,Busan,중국,Lianyungang,2026,02,30.0,60.0,USD,,,,,2026-05-24
해상,Busan,중국,Lianyungang,2026,01,30.0,60.0,USD,,,,,2026-05-24
해상,Busan,중국,Lianyungang,2025,12,30.0,60.0,USD,,,,,2026-05-24
해상,Busan,중국,Lianyungang,2025,11,30.0,60.0,USD,,,,,2026-05-24
해상,Busan,중국,Lianyungang,2025,10,30.0,60.0,USD,,,,,2026-05-24
해상,Busan,중국,Lianyungang,2025,09,30.0,60.0,USD,,,,,2026-05-24
해상,Busan,중국,Lianyungang,2025,08,30.0,60.0,USD,,,,,2026-05-24
해상,Busan,중국,Lianyungang,2025,07,30.0,60.0,USD,,,,,2026-05-24
해상,Busan,중국,Lianyungang,2025,06,30.0,50.0,USD,,,,,2026-05-24
해상,Busan,중국,Lianyungang,2025,05,30.0,50.0,USD,,,,,2026-05-24
해상,Busan,중국,Lianyungang,2025,04,30.0,50.0,USD,,,,,2026-05-24
해상,Busan,중국,Lianyungang,2025,03,50.0,80.0,USD,,,,,2026-05-24
해상,Busan,중국,Lianyungang,2025,01,50.0,80.0,USD,,,,,2026-05-24
해상,Busan,중국,Lianyungang,2024,12,50.0,80.0,USD,,,,,2026-05-24
해상,Busan,중국,Lianyungang,2024,11,50.0,80.0,USD,,,,,2026-05-24
해상,Busan,중국,Lianyungang,2024,10,50.0,80.0,USD,,,,,2026-05-24
해상,Busan,중국,Lianyungang,2024,09,50.0,80.0,USD,,,,,2026-05-24
해상,Busan,중국,Lianyungang,2024,08,50.0,80.0,USD,,,,,2026-05-24
해상,Busan,중국,Lianyungang,2024,07,40.0,80.0,USD,,,,,2026-05-24
해상,Busan,중국,Lianyungang,2024,06,40.0,80.0,USD,,,,,2026-05-24
해상,Busan,중국,Lianyungang,2024,05,20.0,40.0,USD,,,,,2026-05-24
해상,Busan,중국,Lianyungang,2024,04,30.0,50.0,USD,,,,,2026-05-24
해상,Busan,중국,Lianyungang,2024,03,50.0,80.0,USD,,,,,2026-05-24
해상,Busan,중국,Lianyungang,2024,02,50.0,80.0,USD,,,,,2026-05-24
해상,Busan,중국,Lianyungang,2024,01,30.0,50.0,USD,,,,,2026-05-24
해상,Busan,중국,Lianyungang,2023,12,30.0,50.0,USD,,,,,2026-05-24
해상,Busan,중국,Lianyungang,2023,11,30.0,50.0,USD,,,,,2026-05-24
해상,Busan,중국,Lianyungang,2023,10,30.0,50.0,USD,,,,,2026-05-24
해상,Busan,중국,Lianyungang,2023,09,30.0,50.0,USD,,,,,2026-05-24
해상,Busan,중국,Lianyungang,2023,08,40.0,80.0,USD,,,,,2026-05-24
해상,Busan,중국,Lianyungang,2023,07,40.0,80.0,USD,,,,,2026-05-24
해상,Busan,중국,Lianyungang,2023,06,40.0,80.0,USD,,,,,2026-05-24
해상,Busan,중국,Lianyungang,2023,05,40.0,80.0,USD,,,,,2026-05-24
해상,Busan,중국,Lianyungang,2023,04,50.0,80.0,USD,,,,,2026-05-24
해상,Busan,중국,Lianyungang,2023,03,50.0,100.0,USD,,,,,2026-05-24
해상,Busan,중국,Lianyungang,2023,02,50.0,100.0,USD,,,,,2026-05-24
해상,Busan,중국,Lianyungang,2023,01,80.0,130.0,USD,,,,,2026-05-24
해상,Busan,중국,Lianyungang,2022,12,100.0,150.0,USD,,,,,2026-05-24
해상,Busan,중국,Lianyungang,2022,11,150.0,300.0,USD,,,,,2026-05-24
해상,Busan,중국,Lianyungang,2022,10,150.0,300.0,USD,,,,,2026-05-24
해상,Busan,중국,Lianyungang,2022,09,200.0,300.0,USD,,,,,2026-05-24
해상,Busan,중국,Lianyungang,2022,08,200.0,350.0,USD,,,,,2026-05-24
해상,Busan,중국,Lianyungang,2022,07,100.0,200.0,USD,,,,,2026-05-24
해상,Busan,중국,Lianyungang,2022,06,100.0,200.0,USD,,,,,2026-05-24
해상,Busan,중국,Lianyungang,2022,05,100.0,200.0,USD,,,,,2026-05-24
해상,Busan,중국,Lianyungang,2022,04,100.0,200.0,USD,,,,,2026-05-24
해상,Busan,중국,Lianyungang,2022,03,100.0,200.0,USD,,,,,2026-05-24
해상,Busan,중국,Lianyungang,2022,02,100.0,200.0,USD,,,,,2026-05-24
해상,Busan,중국,Lianyungang,2022,01,100.0,150.0,USD,,,,,2026-05-24
해상,Busan,중국,Lianyungang,2021,12,100.0,150.0,USD,,,,,2026-05-24
해상,Busan,중국,Lianyungang,2021,11,100.0,150.0,USD,,,,,2026-05-24
해상,Busan,중국,Lianyungang,2021,10,100.0,150.0,USD,,,,,2026-05-24
해상,Busan,중국,Lianyungang,2021,09,100.0,150.0,USD,,,,,2026-05-24
해상,Busan,중국,Lianyungang,2021,08,100.0,150.0,USD,,,,,2026-05-24
해상,Busan,중국,Lianyungang,2021,07,100.0,150.0,USD,,,,,2026-05-24
해상,Busan,중국,Lianyungang,2021,06,100.0,150.0,USD,,,,,2026-05-24
해상,Busan,중국,Lianyungang,2021,05,280.0,480.0,USD,,,,,2026-05-24
해상,Busan,중국,Lianyungang,2021,04,280.0,480.0,USD,,,,,2026-05-24
해상,Busan,중국,Lianyungang,2021,03,280.0,480.0,USD,,,,,2026-05-24
해상,Busan,중국,Lianyungang,2021,02,280.0,480.0,USD,,,,,2026-05-24
해상,Busan,중국,Lianyungang,2021,01,100.0,150.0,USD,,,,,2026-05-24
해상,Busan,중국,Lianyungang,2020,12,100.0,150.0,USD,,,,,2026-05-24
해상,Busan,중국,Lianyungang,2020,11,100.0,150.0,USD,,,,,2026-05-24
해상,Busan,중국,Lianyungang,2020,10,100.0,150.0,USD,,,,,2026-05-24
해상,Busan,중국,Lianyungang,2020,09,100.0,150.0,USD,,,,,2026-05-24
해상,Busan,중국,Lianyungang,2020,08,100.0,150.0,USD,,,,,2026-05-24
해상,Busan,중국,Lianyungang,2020,07,100.0,150.0,USD,,,,,2026-05-24
해상,Busan,중국,Lianyungang,2020,06,100.0,150.0,USD,,,,,2026-05-24
해상,Busan,중국,Lianyungang,2020,05,100.0,150.0,USD,,,,,2026-05-24
해상,Busan,중국,Lianyungang,2020,04,100.0,150.0,USD,,,,,2026-05-24
해상,Busan,중국,Lianyungang,2020,03,100.0,150.0,USD,,,,,2026-05-24
해상,Busan,중국,Lianyungang,2020,02,100.0,150.0,USD,,,,,2026-05-24
해상,Busan,중국,Lianyungang,2020,01,100.0,150.0,USD,,,,,2026-05-24
해상,Busan,중국,Lianyungang,2019,12,100.0,150.0,USD,,,,,2026-05-24
해상,Busan,중국,Lianyungang,2019,11,100.0,150.0,USD,,,,,2026-05-24
해상,Busan,중국,Lianyungang,2019,10,100.0,150.0,USD,,,,,2026-05-24
해상,Busan,중국,Lianyungang,2019,09,100.0,150.0,USD,,,,,2026-05-24
해상,Busan,중국,Lianyungang,2019,08,100.0,150.0,USD,,,,,2026-05-24
해상,Busan,중국,Lianyungang,2019,07,100.0,150.0,USD,,,,,2026-05-24
해상,Busan,중국,Lianyungang,2019,06,100.0,150.0,USD,,,,,2026-05-24
해상,Busan,중국,Lianyungang,2019,05,100.0,150.0,USD,,,,,2026-05-24
해상,Busan,중국,Lianyungang,2019,04,100.0,150.0,USD,,,,,2026-05-24
해상,Busan,중국,Lianyungang,2019,03,150.0,200.0,USD,,,,,2026-05-24
해상,Busan,중국,Lianyungang,2019,02,150.0,200.0,USD,,,,,2026-05-24
해상,Busan,중국,Lianyungang,2019,01,150.0,200.0,USD,,,,,2026-05-24
해상,Busan,중국,Lianyungang,2018,12,150.0,200.0,USD,,,,,2026-05-24
해상,Busan,중국,Lianyungang,2018,11,150.0,200.0,USD,,,,,2026-05-24
해상,Busan,중국,Lianyungang,2018,10,150.0,200.0,USD,,,,,2026-05-24
해상,Busan,중국,Lianyungang,2018,09,150.0,200.0,USD,,,,,2026-05-24
해상,Busan,중국,Lianyungang,2018,08,150.0,200.0,USD,,,,,2026-05-24
해상,Busan,중국,Lianyungang,2018,07,150.0,200.0,USD,,,,,2026-05-24
해상,Busan,중국,Lianyungang,2018,06,150.0,200.0,USD,,,,,2026-05-24
해상,Busan,중국,Lianyungang,2018,05,150.0,200.0,USD,,,,,2026-05-24
해상,Busan,중국,Lianyungang,2018,04,150.0,200.0,USD,,,,,2026-05-24
해상,Busan,중국,Lianyungang,2018,03,150.0,200.0,USD,,,,,2026-05-24
해상,Busan,중국,Lianyungang,2018,02,150.0,200.0,USD,,,,,2026-05-24
해상,Busan,중국,Lianyungang,2018,01,150.0,200.0,USD,,,,,2026-05-24
해상,Busan,중국,Qingdao,2026,05,30.0,50.0,USD,,,,,2026-05-24
해상,Busan,중국,Qingdao,2026,04,20.0,30.0,USD,,,,,2026-05-24
해상,Busan,중국,Qingdao,2026,03,30.0,50.0,USD,,,,,2026-05-24
해상,Busan,중국,Qingdao,2026,02,30.0,50.0,USD,,,,,2026-05-24
해상,Busan,중국,Qingdao,2026,01,30.0,50.0,USD,,,,,2026-05-24
해상,Busan,중국,Qingdao,2025,12,30.0,50.0,USD,,,,,2026-05-24
해상,Busan,중국,Qingdao,2025,11,30.0,50.0,USD,,,,,2026-05-24
해상,Busan,중국,Qingdao,2025,10,30.0,50.0,USD,,,,,2026-05-24
해상,Busan,중국,Qingdao,2025,09,30.0,50.0,USD,,,,,2026-05-24
해상,Busan,중국,Qingdao,2025,08,30.0,50.0,USD,,,,,2026-05-24
해상,Busan,중국,Qingdao,2025,07,30.0,50.0,USD,,,,,2026-05-24
해상,Busan,중국,Qingdao,2025,06,30.0,50.0,USD,,,,,2026-05-24
해상,Busan,중국,Qingdao,2025,05,30.0,50.0,USD,,,,,2026-05-24
해상,Busan,중국,Qingdao,2025,04,30.0,50.0,USD,,,,,2026-05-24
해상,Busan,중국,Qingdao,2025,03,50.0,80.0,USD,,,,,2026-05-24
해상,Busan,중국,Qingdao,2025,01,50.0,80.0,USD,,,,,2026-05-24
해상,Busan,중국,Qingdao,2024,12,50.0,80.0,USD,,,,,2026-05-24
해상,Busan,중국,Qingdao,2024,11,50.0,80.0,USD,,,,,2026-05-24
해상,Busan,중국,Qingdao,2024,10,50.0,80.0,USD,,,,,2026-05-24
해상,Busan,중국,Qingdao,2024,09,50.0,80.0,USD,,,,,2026-05-24
해상,Busan,중국,Qingdao,2024,08,50.0,80.0,USD,,,,,2026-05-24
해상,Busan,중국,Qingdao,2024,07,30.0,50.0,USD,,,,,2026-05-24
해상,Busan,중국,Qingdao,2024,06,30.0,50.0,USD,,,,,2026-05-24
해상,Busan,중국,Qingdao,2024,05,20.0,40.0,USD,,,,,2026-05-24
해상,Busan,중국,Qingdao,2024,04,30.0,50.0,USD,,,,,2026-05-24
해상,Busan,중국,Qingdao,2024,03,50.0,80.0,USD,,,,,2026-05-24
해상,Busan,중국,Qingdao,2024,02,50.0,80.0,USD,,,,,2026-05-24
해상,Busan,중국,Qingdao,2024,01,30.0,50.0,USD,,,,,2026-05-24
해상,Busan,중국,Qingdao,2023,12,30.0,50.0,USD,,,,,2026-05-24
해상,Busan,중국,Qingdao,2023,11,30.0,50.0,USD,,,,,2026-05-24
해상,Busan,중국,Qingdao,2023,10,30.0,50.0,USD,,,,,2026-05-24
해상,Busan,중국,Qingdao,2023,09,30.0,50.0,USD,,,,,2026-05-24
해상,Busan,중국,Qingdao,2023,08,50.0,80.0,USD,,,,,2026-05-24
해상,Busan,중국,Qingdao,2023,07,50.0,80.0,USD,,,,,2026-05-24
해상,Busan,중국,Qingdao,2023,06,50.0,80.0,USD,,,,,2026-05-24
해상,Busan,중국,Qingdao,2023,05,50.0,80.0,USD,,,,,2026-05-24
해상,Busan,중국,Qingdao,2023,04,50.0,80.0,USD,,,,,2026-05-24
해상,Busan,중국,Qingdao,2023,03,50.0,100.0,USD,,,,,2026-05-24
해상,Busan,중국,Qingdao,2023,02,50.0,100.0,USD,,,,,2026-05-24
해상,Busan,중국,Qingdao,2023,01,80.0,130.0,USD,,,,,2026-05-24
해상,Busan,중국,Qingdao,2022,12,100.0,150.0,USD,,,,,2026-05-24
해상,Busan,중국,Qingdao,2022,11,110.0,150.0,USD,,,,,2026-05-24
해상,Busan,중국,Qingdao,2022,10,100.0,150.0,USD,,,,,2026-05-24
해상,Busan,중국,Qingdao,2022,09,110.0,150.0,USD,,,,,2026-05-24
해상,Busan,중국,Qingdao,2022,08,150.0,200.0,USD,,,,,2026-05-24
해상,Busan,중국,Qingdao,2022,07,150.0,200.0,USD,,,,,2026-05-24
해상,Busan,중국,Qingdao,2022,06,150.0,200.0,USD,,,,,2026-05-24
해상,Busan,중국,Qingdao,2022,05,150.0,200.0,USD,,,,,2026-05-24
해상,Busan,중국,Qingdao,2022,04,150.0,200.0,USD,,,,,2026-05-24
해상,Busan,중국,Qingdao,2022,03,150.0,200.0,USD,,,,,2026-05-24
해상,Busan,중국,Qingdao,2022,02,150.0,200.0,USD,,,,,2026-05-24
해상,Busan,중국,Qingdao,2022,01,150.0,200.0,USD,,,,,2026-05-24
해상,Busan,중국,Qingdao,2021,12,100.0,150.0,USD,,,,,2026-05-24
해상,Busan,중국,Qingdao,2021,11,100.0,150.0,USD,,,,,2026-05-24
해상,Busan,중국,Qingdao,2021,10,80.0,110.0,USD,,,,,2026-05-24
해상,Busan,중국,Qingdao,2021,09,80.0,110.0,USD,,,,,2026-05-24
해상,Busan,중국,Qingdao,2021,08,80.0,110.0,USD,,,,,2026-05-24
해상,Busan,중국,Qingdao,2021,07,80.0,110.0,USD,,,,,2026-05-24
해상,Busan,중국,Qingdao,2021,06,100.0,150.0,USD,,,,,2026-05-24
해상,Busan,중국,Qingdao,2021,05,100.0,150.0,USD,,,,,2026-05-24
해상,Busan,중국,Qingdao,2021,04,100.0,150.0,USD,,,,,2026-05-24
해상,Busan,중국,Qingdao,2021,03,100.0,150.0,USD,,,,,2026-05-24
해상,Busan,중국,Qingdao,2021,02,100.0,150.0,USD,,,,,2026-05-24
해상,Busan,중국,Qingdao,2021,01,100.0,150.0,USD,,,,,2026-05-24
해상,Busan,중국,Qingdao,2020,12,80.0,110.0,USD,,,,,2026-05-24
해상,Busan,중국,Qingdao,2020,11,80.0,110.0,USD,,,,,2026-05-24
해상,Busan,중국,Qingdao,2020,10,80.0,110.0,USD,,,,,2026-05-24
해상,Busan,중국,Qingdao,2020,09,80.0,110.0,USD,,,,,2026-05-24
해상,Busan,중국,Qingdao,2020,08,80.0,110.0,USD,,,,,2026-05-24
해상,Busan,중국,Qingdao,2020,07,80.0,110.0,USD,,,,,2026-05-24
해상,Busan,중국,Qingdao,2020,06,80.0,110.0,USD,,,,,2026-05-24
해상,Busan,중국,Qingdao,2020,05,80.0,110.0,USD,,,,,2026-05-24
해상,Busan,중국,Qingdao,2020,04,80.0,110.0,USD,,,,,2026-05-24
해상,Busan,중국,Qingdao,2020,03,80.0,110.0,USD,,,,,2026-05-24
해상,Busan,중국,Qingdao,2020,02,80.0,110.0,USD,,,,,2026-05-24
해상,Busan,중국,Qingdao,2020,01,80.0,110.0,USD,,,,,2026-05-24
해상,Busan,중국,Qingdao,2019,12,80.0,110.0,USD,,,,,2026-05-24
해상,Busan,중국,Qingdao,2019,11,80.0,160.0,USD,,,,,2026-05-24
해상,Busan,중국,Qingdao,2019,10,100.0,150.0,USD,,,,,2026-05-24
해상,Busan,중국,Qingdao,2019,09,100.0,150.0,USD,,,,,2026-05-24
해상,Busan,중국,Qingdao,2019,08,100.0,150.0,USD,,,,,2026-05-24
해상,Busan,중국,Qingdao,2019,07,100.0,150.0,USD,,,,,2026-05-24
해상,Busan,중국,Qingdao,2019,06,100.0,150.0,USD,,,,,2026-05-24
해상,Busan,중국,Qingdao,2019,05,100.0,150.0,USD,,,,,2026-05-24
해상,Busan,중국,Qingdao,2019,04,100.0,150.0,USD,,,,,2026-05-24
해상,Busan,중국,Qingdao,2019,03,100.0,150.0,USD,,,,,2026-05-24
해상,Busan,중국,Qingdao,2019,02,100.0,150.0,USD,,,,,2026-05-24
해상,Busan,중국,Qingdao,2019,01,100.0,150.0,USD,,,,,2026-05-24
해상,Busan,중국,Qingdao,2018,12,100.0,150.0,USD,,,,,2026-05-24
해상,Busan,중국,Qingdao,2018,11,100.0,150.0,USD,,,,,2026-05-24
해상,Busan,중국,Qingdao,2018,10,100.0,150.0,USD,,,,,2026-05-24
해상,Busan,중국,Qingdao,2018,09,100.0,150.0,USD,,,,,2026-05-24
해상,Busan,중국,Qingdao,2018,08,100.0,150.0,USD,,,,,2026-05-24
해상,Busan,중국,Qingdao,2018,07,100.0,150.0,USD,,,,,2026-05-24
해상,Busan,중국,Qingdao,2018,06,100.0,150.0,USD,,,,,2026-05-24
해상,Busan,중국,Qingdao,2018,05,100.0,150.0,USD,,,,,2026-05-24
해상,Busan,중국,Qingdao,2018,04,100.0,150.0,USD,,,,,2026-05-24
해상,Busan,중국,Qingdao,2018,03,100.0,150.0,USD,,,,,2026-05-24
해상,Busan,중국,Qingdao,2018,02,100.0,150.0,USD,,,,,2026-05-24
해상,Busan,중국,Qingdao,2018,01,100.0,150.0,USD,,,,,2026-05-24
해상,Busan,중국,Dalian,2026,05,30.0,50.0,USD,,,,,2026-05-24
해상,Busan,중국,Dalian,2026,04,20.0,30.0,USD,,,,,2026-05-24
해상,Busan,중국,Dalian,2026,03,30.0,50.0,USD,,,,,2026-05-24
해상,Busan,중국,Dalian,2026,02,30.0,50.0,USD,,,,,2026-05-24
해상,Busan,중국,Dalian,2026,01,30.0,50.0,USD,,,,,2026-05-24
해상,Busan,중국,Dalian,2025,12,30.0,50.0,USD,,,,,2026-05-24
해상,Busan,중국,Dalian,2025,11,30.0,50.0,USD,,,,,2026-05-24
해상,Busan,중국,Dalian,2025,10,30.0,50.0,USD,,,,,2026-05-24
해상,Busan,중국,Dalian,2025,09,30.0,50.0,USD,,,,,2026-05-24
해상,Busan,중국,Dalian,2025,08,30.0,50.0,USD,,,,,2026-05-24
해상,Busan,중국,Dalian,2025,07,30.0,50.0,USD,,,,,2026-05-24
해상,Busan,중국,Dalian,2025,06,30.0,50.0,USD,,,,,2026-05-24
해상,Busan,중국,Dalian,2025,05,30.0,50.0,USD,,,,,2026-05-24
해상,Busan,중국,Dalian,2025,04,30.0,50.0,USD,,,,,2026-05-24
해상,Busan,중국,Dalian,2025,03,50.0,80.0,USD,,,,,2026-05-24
해상,Busan,중국,Dalian,2025,01,50.0,80.0,USD,,,,,2026-05-24
해상,Busan,중국,Dalian,2024,12,50.0,80.0,USD,,,,,2026-05-24
해상,Busan,중국,Dalian,2024,11,50.0,80.0,USD,,,,,2026-05-24
해상,Busan,중국,Dalian,2024,10,50.0,80.0,USD,,,,,2026-05-24
해상,Busan,중국,Dalian,2024,09,50.0,80.0,USD,,,,,2026-05-24
해상,Busan,중국,Dalian,2024,08,50.0,80.0,USD,,,,,2026-05-24
해상,Busan,중국,Dalian,2024,07,30.0,50.0,USD,,,,,2026-05-24
해상,Busan,중국,Dalian,2024,06,30.0,50.0,USD,,,,,2026-05-24
해상,Busan,중국,Dalian,2024,05,20.0,40.0,USD,,,,,2026-05-24
해상,Busan,중국,Dalian,2024,04,30.0,50.0,USD,,,,,2026-05-24
해상,Busan,중국,Dalian,2024,03,50.0,80.0,USD,,,,,2026-05-24
해상,Busan,중국,Dalian,2024,02,50.0,80.0,USD,,,,,2026-05-24
해상,Busan,중국,Dalian,2024,01,30.0,50.0,USD,,,,,2026-05-24
해상,Busan,중국,Dalian,2023,12,30.0,50.0,USD,,,,,2026-05-24
해상,Busan,중국,Dalian,2023,11,30.0,50.0,USD,,,,,2026-05-24
해상,Busan,중국,Dalian,2023,10,30.0,50.0,USD,,,,,2026-05-24
해상,Busan,중국,Dalian,2023,09,30.0,50.0,USD,,,,,2026-05-24
해상,Busan,중국,Dalian,2023,08,30.0,50.0,USD,,,,,2026-05-24
해상,Busan,중국,Dalian,2023,07,30.0,50.0,USD,,,,,2026-05-24
해상,Busan,중국,Dalian,2023,06,30.0,50.0,USD,,,,,2026-05-24
해상,Busan,중국,Dalian,2023,05,30.0,50.0,USD,,,,,2026-05-24
해상,Busan,중국,Dalian,2023,04,50.0,51.0,USD,,,,,2026-05-24
해상,Busan,중국,Dalian,2023,03,50.0,100.0,USD,,,,,2026-05-24
해상,Busan,중국,Dalian,2023,02,50.0,100.0,USD,,,,,2026-05-24
해상,Busan,중국,Dalian,2023,01,80.0,130.0,USD,,,,,2026-05-24
해상,Busan,중국,Dalian,2022,12,100.0,150.0,USD,,,,,2026-05-24
해상,Busan,중국,Dalian,2022,11,130.0,180.0,USD,,,,,2026-05-24
해상,Busan,중국,Dalian,2022,10,100.0,150.0,USD,,,,,2026-05-24
해상,Busan,중국,Dalian,2022,09,150.0,200.0,USD,,,,,2026-05-24
해상,Busan,중국,Dalian,2022,08,150.0,200.0,USD,,,,,2026-05-24
해상,Busan,중국,Dalian,2022,07,150.0,200.0,USD,,,,,2026-05-24
해상,Busan,중국,Dalian,2022,06,150.0,200.0,USD,,,,,2026-05-24
해상,Busan,중국,Dalian,2022,05,150.0,200.0,USD,,,,,2026-05-24
해상,Busan,중국,Dalian,2022,04,150.0,200.0,USD,,,,,2026-05-24
해상,Busan,중국,Dalian,2022,03,150.0,200.0,USD,,,,,2026-05-24
해상,Busan,중국,Dalian,2022,02,150.0,200.0,USD,,,,,2026-05-24
해상,Busan,중국,Dalian,2022,01,150.0,200.0,USD,,,,,2026-05-24
해상,Busan,중국,Dalian,2021,12,100.0,150.0,USD,,,,,2026-05-24
해상,Busan,중국,Dalian,2021,11,100.0,150.0,USD,,,,,2026-05-24
해상,Busan,중국,Dalian,2021,10,80.0,110.0,USD,,,,,2026-05-24
해상,Busan,중국,Dalian,2021,09,80.0,110.0,USD,,,,,2026-05-24
해상,Busan,중국,Dalian,2021,08,80.0,110.0,USD,,,,,2026-05-24
해상,Busan,중국,Dalian,2021,07,80.0,110.0,USD,,,,,2026-05-24
해상,Busan,중국,Dalian,2021,06,100.0,150.0,USD,,,,,2026-05-24
해상,Busan,중국,Dalian,2021,05,100.0,150.0,USD,,,,,2026-05-24
해상,Busan,중국,Dalian,2021,04,100.0,150.0,USD,,,,,2026-05-24
해상,Busan,중국,Dalian,2021,03,100.0,150.0,USD,,,,,2026-05-24
해상,Busan,중국,Dalian,2021,02,100.0,150.0,USD,,,,,2026-05-24
해상,Busan,중국,Dalian,2021,01,100.0,150.0,USD,,,,,2026-05-24
해상,Busan,중국,Dalian,2020,12,80.0,110.0,USD,,,,,2026-05-24
해상,Busan,중국,Dalian,2020,11,80.0,110.0,USD,,,,,2026-05-24
해상,Busan,중국,Dalian,2020,10,80.0,110.0,USD,,,,,2026-05-24
해상,Busan,중국,Dalian,2020,09,80.0,110.0,USD,,,,,2026-05-24
해상,Busan,중국,Dalian,2020,08,80.0,110.0,USD,,,,,2026-05-24
해상,Busan,중국,Dalian,2020,07,80.0,110.0,USD,,,,,2026-05-24
해상,Busan,중국,Dalian,2020,06,80.0,110.0,USD,,,,,2026-05-24
해상,Busan,중국,Dalian,2020,05,80.0,110.0,USD,,,,,2026-05-24
해상,Busan,중국,Dalian,2020,04,80.0,110.0,USD,,,,,2026-05-24
해상,Busan,중국,Dalian,2020,03,80.0,110.0,USD,,,,,2026-05-24
해상,Busan,중국,Dalian,2020,02,80.0,110.0,USD,,,,,2026-05-24
해상,Busan,중국,Dalian,2020,01,80.0,110.0,USD,,,,,2026-05-24
해상,Busan,중국,Dalian,2019,12,80.0,110.0,USD,,,,,2026-05-24
해상,Busan,중국,Dalian,2019,11,80.0,160.0,USD,,,,,2026-05-24
해상,Busan,중국,Dalian,2019,10,100.0,150.0,USD,,,,,2026-05-24
해상,Busan,중국,Dalian,2019,09,100.0,150.0,USD,,,,,2026-05-24
해상,Busan,중국,Dalian,2019,08,100.0,150.0,USD,,,,,2026-05-24
해상,Busan,중국,Dalian,2019,07,100.0,150.0,USD,,,,,2026-05-24
해상,Busan,중국,Dalian,2019,06,100.0,150.0,USD,,,,,2026-05-24
해상,Busan,중국,Dalian,2019,05,100.0,150.0,USD,,,,,2026-05-24
해상,Busan,중국,Dalian,2019,04,100.0,150.0,USD,,,,,2026-05-24
해상,Busan,중국,Dalian,2019,03,100.0,150.0,USD,,,,,2026-05-24
해상,Busan,중국,Dalian,2019,02,100.0,150.0,USD,,,,,2026-05-24
해상,Busan,중국,Dalian,2019,01,100.0,150.0,USD,,,,,2026-05-24
해상,Busan,중국,Dalian,2018,12,100.0,150.0,USD,,,,,2026-05-24
해상,Busan,중국,Dalian,2018,11,100.0,150.0,USD,,,,,2026-05-24
해상,Busan,중국,Dalian,2018,10,100.0,150.0,USD,,,,,2026-05-24
해상,Busan,중국,Dalian,2018,09,100.0,150.0,USD,,,,,2026-05-24
해상,Busan,중국,Dalian,2018,08,100.0,150.0,USD,,,,,2026-05-24
해상,Busan,중국,Dalian,2018,07,100.0,150.0,USD,,,,,2026-05-24
해상,Busan,중국,Dalian,2018,06,100.0,150.0,USD,,,,,2026-05-24
해상,Busan,중국,Dalian,2018,05,100.0,150.0,USD,,,,,2026-05-24
해상,Busan,중국,Dalian,2018,04,100.0,150.0,USD,,,,,2026-05-24
해상,Busan,중국,Dalian,2018,03,100.0,150.0,USD,,,,,2026-05-24
해상,Busan,중국,Dalian,2018,02,100.0,150.0,USD,,,,,2026-05-24
해상,Busan,중국,Dalian,2018,01,100.0,150.0,USD,,,,,2026-05-24
해상,Busan,중국,Dandong,2026,05,30.0,50.0,USD,,,,,2026-05-24
해상,Busan,중국,Dandong,2026,04,30.0,50.0,USD,,,,,2026-05-24
해상,Busan,중국,Dandong,2026,03,30.0,50.0,USD,,,,,2026-05-24
해상,Busan,중국,Dandong,2026,02,30.0,50.0,USD,,,,,2026-05-24
해상,Busan,중국,Dandong,2026,01,30.0,50.0,USD,,,,,2026-05-24
해상,Busan,중국,Dandong,2025,12,30.0,50.0,USD,,,,,2026-05-24
해상,Busan,중국,Dandong,2025,11,30.0,50.0,USD,,,,,2026-05-24
해상,Busan,중국,Dandong,2025,10,30.0,50.0,USD,,,,,2026-05-24
해상,Busan,중국,Dandong,2025,09,30.0,50.0,USD,,,,,2026-05-24
해상,Busan,중국,Dandong,2025,08,30.0,50.0,USD,,,,,2026-05-24
해상,Busan,중국,Dandong,2025,07,30.0,50.0,USD,,,,,2026-05-24
해상,Busan,중국,Dandong,2025,06,30.0,50.0,USD,,,,,2026-05-24
해상,Busan,중국,Dandong,2025,05,30.0,50.0,USD,,,,,2026-05-24
해상,Busan,중국,Dandong,2025,04,30.0,50.0,USD,,,,,2026-05-24
해상,Busan,중국,Dandong,2025,03,50.0,80.0,USD,,,,,2026-05-24
해상,Busan,중국,Dandong,2025,01,50.0,80.0,USD,,,,,2026-05-24
해상,Busan,중국,Dandong,2024,12,50.0,80.0,USD,,,,,2026-05-24
해상,Busan,중국,Dandong,2024,11,50.0,80.0,USD,,,,,2026-05-24
해상,Busan,중국,Dandong,2024,10,50.0,80.0,USD,,,,,2026-05-24
해상,Busan,중국,Dandong,2024,09,50.0,80.0,USD,,,,,2026-05-24
해상,Busan,중국,Dandong,2024,08,50.0,80.0,USD,,,,,2026-05-24
해상,Busan,중국,Dandong,2024,07,50.0,80.0,USD,,,,,2026-05-24
해상,Busan,중국,Dandong,2024,06,50.0,80.0,USD,,,,,2026-05-24
해상,Busan,중국,Dandong,2024,05,50.0,80.0,USD,,,,,2026-05-24
해상,Busan,중국,Dandong,2024,04,50.0,80.0,USD,,,,,2026-05-24
해상,Busan,중국,Dandong,2024,03,50.0,80.0,USD,,,,,2026-05-24
해상,Busan,중국,Dandong,2024,02,50.0,80.0,USD,,,,,2026-05-24
해상,Busan,중국,Dandong,2024,01,50.0,100.0,USD,,,,,2026-05-24
해상,Busan,중국,Dandong,2023,12,50.0,80.0,USD,,,,,2026-05-24
해상,Busan,중국,Dandong,2023,11,50.0,80.0,USD,,,,,2026-05-24
해상,Busan,중국,Dandong,2023,10,50.0,80.0,USD,,,,,2026-05-24
해상,Busan,중국,Dandong,2023,09,50.0,80.0,USD,,,,,2026-05-24
해상,Busan,중국,Dandong,2023,08,50.0,80.0,USD,,,,,2026-05-24
해상,Busan,중국,Dandong,2023,07,50.0,80.0,USD,,,,,2026-05-24
해상,Busan,중국,Dandong,2023,06,50.0,80.0,USD,,,,,2026-05-24
해상,Busan,중국,Dandong,2023,05,50.0,80.0,USD,,,,,2026-05-24
해상,Busan,중국,Dandong,2023,04,50.0,80.0,USD,,,,,2026-05-24
해상,Busan,중국,Dandong,2023,03,50.0,100.0,USD,,,,,2026-05-24
해상,Busan,중국,Dandong,2023,02,50.0,100.0,USD,,,,,2026-05-24
해상,Busan,중국,Dandong,2023,01,120.0,200.0,USD,,,,,2026-05-24
해상,Busan,중국,Dandong,2022,12,100.0,150.0,USD,,,,,2026-05-24
해상,Busan,중국,Dandong,2022,11,150.0,200.0,USD,,,,,2026-05-24
해상,Busan,중국,Dandong,2022,10,150.0,200.0,USD,,,,,2026-05-24
해상,Busan,중국,Dandong,2022,09,150.0,200.0,USD,,,,,2026-05-24
해상,Busan,중국,Dandong,2022,08,200.0,400.0,USD,,,,,2026-05-24
해상,Busan,중국,Dandong,2022,07,150.0,200.0,USD,,,,,2026-05-24
해상,Busan,중국,Dandong,2022,06,150.0,200.0,USD,,,,,2026-05-24
해상,Busan,중국,Dandong,2022,05,150.0,200.0,USD,,,,,2026-05-24
해상,Busan,중국,Dandong,2022,04,150.0,200.0,USD,,,,,2026-05-24
해상,Busan,중국,Dandong,2022,03,0.0,0.0,USD,,,,,2026-05-24
해상,Busan,중국,Dandong,2022,02,0.0,0.0,USD,,,,,2026-05-24
해상,Busan,중국,Dandong,2022,01,0.0,0.0,USD,,,,,2026-05-24
해상,Busan,중국,Dandong,2021,12,73.0,73.0,USD,,,,,2026-05-24
해상,Busan,중국,Dandong,2021,11,73.0,73.0,USD,,,,,2026-05-24
해상,Busan,중국,Dandong,2021,10,73.0,73.0,USD,,,,,2026-05-24
해상,Busan,중국,Dandong,2021,09,73.0,73.0,USD,,,,,2026-05-24
해상,Busan,중국,Dandong,2021,08,0.0,0.0,USD,,,,,2026-05-24
해상,Busan,중국,Dandong,2021,07,400.0,600.0,USD,,,,,2026-05-24
해상,Busan,중국,Dandong,2021,06,300.0,550.0,USD,,,,,2026-05-24
해상,Busan,중국,Dandong,2021,05,400.0,600.0,USD,,,,,2026-05-24
해상,Busan,중국,Dandong,2021,04,400.0,600.0,USD,,,,,2026-05-24
해상,Busan,중국,Dandong,2021,03,400.0,600.0,USD,,,,,2026-05-24
해상,Busan,중국,Dandong,2021,02,400.0,600.0,USD,,,,,2026-05-24
해상,Busan,중국,Dandong,2021,01,400.0,600.0,USD,,,,,2026-05-24
해상,Busan,중국,Dandong,2020,12,280.0,450.0,USD,,,,,2026-05-24
해상,Busan,중국,Dandong,2020,11,280.0,450.0,USD,,,,,2026-05-24
해상,Busan,중국,Dandong,2020,10,280.0,450.0,USD,,,,,2026-05-24
해상,Busan,중국,Dandong,2020,09,100.0,150.0,USD,,,,,2026-05-24
해상,Busan,중국,Dandong,2020,08,100.0,150.0,USD,,,,,2026-05-24
해상,Busan,중국,Dandong,2020,07,100.0,150.0,USD,,,,,2026-05-24
해상,Busan,중국,Dandong,2020,06,100.0,150.0,USD,,,,,2026-05-24
해상,Busan,중국,Dandong,2020,05,100.0,150.0,USD,,,,,2026-05-24
해상,Busan,중국,Dandong,2020,04,100.0,150.0,USD,,,,,2026-05-24
해상,Busan,중국,Dandong,2020,03,100.0,150.0,USD,,,,,2026-05-24
해상,Busan,중국,Dandong,2020,02,600.0,750.0,USD,,,,,2026-05-24
해상,Busan,중국,Dandong,2020,01,600.0,750.0,USD,,,,,2026-05-24
해상,Busan,중국,Dandong,2019,12,600.0,750.0,USD,,,,,2026-05-24
해상,Busan,중국,Dandong,2019,11,600.0,800.0,USD,,,,,2026-05-24
해상,Busan,중국,Dandong,2019,10,600.0,750.0,USD,,,,,2026-05-24
해상,Busan,중국,Dandong,2019,09,600.0,750.0,USD,,,,,2026-05-24
해상,Busan,중국,Dandong,2019,08,600.0,750.0,USD,,,,,2026-05-24
해상,Busan,중국,Dandong,2019,07,600.0,750.0,USD,,,,,2026-05-24
해상,Busan,중국,Dandong,2019,06,600.0,750.0,USD,,,,,2026-05-24
해상,Busan,중국,Dandong,2019,05,600.0,750.0,USD,,,,,2026-05-24
해상,Busan,중국,Dandong,2019,04,600.0,750.0,USD,,,,,2026-05-24
해상,Busan,중국,Dandong,2019,03,600.0,750.0,USD,,,,,2026-05-24
해상,Busan,중국,Dandong,2019,02,600.0,750.0,USD,,,,,2026-05-24
해상,Busan,중국,Dandong,2019,01,600.0,750.0,USD,,,,,2026-05-24
해상,Busan,중국,Dandong,2018,12,600.0,750.0,USD,,,,,2026-05-24
해상,Busan,중국,Dandong,2018,11,600.0,750.0,USD,,,,,2026-05-24
해상,Busan,중국,Dandong,2018,10,600.0,750.0,USD,,,,,2026-05-24
해상,Busan,중국,Dandong,2018,09,600.0,750.0,USD,,,,,2026-05-24
해상,Busan,중국,Dandong,2018,08,600.0,750.0,USD,,,,,2026-05-24
해상,Busan,중국,Dandong,2018,07,600.0,750.0,USD,,,,,2026-05-24
해상,Busan,중국,Dandong,2018,06,600.0,750.0,USD,,,,,2026-05-24
해상,Busan,중국,Dandong,2018,05,600.0,750.0,USD,,,,,2026-05-24
해상,Busan,중국,Dandong,2018,04,600.0,750.0,USD,,,,,2026-05-24
해상,Busan,중국,Dandong,2018,03,600.0,750.0,USD,,,,,2026-05-24
해상,Busan,중국,Dandong,2018,02,600.0,750.0,USD,,,,,2026-05-24
해상,Busan,중국,Dandong,2018,01,600.0,750.0,USD,,,,,2026-05-24
해상,Busan,아프리카,Abidjan,2026,05,3050.0,4100.0,USD,,,,,2026-05-24
해상,Busan,아프리카,Abidjan,2026,04,3050.0,4150.0,USD,,,,,2026-05-24
해상,Busan,아프리카,Abidjan,2026,03,2600.0,3500.0,USD,,,,,2026-05-24
해상,Busan,아프리카,Abidjan,2026,02,2850.0,3500.0,USD,,,,,2026-05-24
해상,Busan,아프리카,Abidjan,2026,01,2600.0,3200.0,USD,,,,,2026-05-24
해상,Busan,아프리카,Abidjan,2025,12,2700.0,3850.0,USD,,,,,2026-05-24
해상,Busan,아프리카,Abidjan,2025,11,3300.0,4200.0,USD,,,,,2026-05-24
해상,Busan,아프리카,Abidjan,2025,10,2800.0,3800.0,USD,,,,,2026-05-24
해상,Busan,아프리카,Abidjan,2025,09,3400.0,4100.0,USD,,,,,2026-05-24
해상,Busan,아프리카,Abidjan,2025,08,3100.0,5300.0,USD,,,,,2026-05-24
해상,Busan,아프리카,Abidjan,2025,07,4300.0,5900.0,USD,,,,,2026-05-24
해상,Busan,아프리카,Abidjan,2025,06,3200.0,4700.0,USD,,,,,2026-05-24
해상,Busan,아프리카,Abidjan,2025,05,2800.0,3700.0,USD,,,,,2026-05-24
해상,Busan,아프리카,Abidjan,2025,04,2800.0,3700.0,USD,,,,,2026-05-24
해상,Busan,아프리카,Abidjan,2025,03,2750.0,4500.0,USD,,,,,2026-05-24
해상,Busan,아프리카,Abidjan,2025,01,3750.0,5900.0,USD,,,,,2026-05-24
해상,Busan,아프리카,Abidjan,2024,12,3550.0,5400.0,USD,,,,,2026-05-24
해상,Busan,아프리카,Abidjan,2024,11,3550.0,5100.0,USD,,,,,2026-05-24
해상,Busan,아프리카,Abidjan,2024,10,3550.0,5000.0,USD,,,,,2026-05-24
해상,Busan,아프리카,Abidjan,2024,09,3900.0,5500.0,USD,,,,,2026-05-24
해상,Busan,아프리카,Abidjan,2024,08,4500.0,6800.0,USD,,,,,2026-05-24
해상,Busan,아프리카,Abidjan,2024,07,4700.0,7100.0,USD,,,,,2026-05-24
해상,Busan,아프리카,Abidjan,2024,06,5700.0,7900.0,USD,,,,,2026-05-24
해상,Busan,아프리카,Abidjan,2024,05,2300.0,3700.0,USD,,,,,2026-05-24
해상,Busan,아프리카,Abidjan,2024,04,1500.0,2200.0,USD,,,,,2026-05-24
해상,Busan,아프리카,Abidjan,2024,03,1850.0,2700.0,USD,,,,,2026-05-24
해상,Busan,아프리카,Abidjan,2024,02,1800.0,2000.0,USD,,,,,2026-05-24
해상,Busan,아프리카,Abidjan,2024,01,1900.0,2100.0,USD,,,,,2026-05-24
해상,Busan,아프리카,Abidjan,2023,12,2600.0,3400.0,USD,,,,,2026-05-24
해상,Busan,아프리카,Abidjan,2023,11,1950.0,2200.0,USD,,,,,2026-05-24
해상,Busan,아프리카,Abidjan,2023,10,1700.0,2000.0,USD,,,,,2026-05-24
해상,Busan,아프리카,Abidjan,2023,09,1950.0,2300.0,USD,,,,,2026-05-24
해상,Busan,아프리카,Abidjan,2023,08,2300.0,2800.0,USD,,,,,2026-05-24
해상,Busan,아프리카,Abidjan,2023,07,2150.0,2600.0,USD,,,,,2026-05-24
해상,Busan,아프리카,Abidjan,2023,06,2150.0,2600.0,USD,,,,,2026-05-24
해상,Busan,아프리카,Abidjan,2023,05,1800.0,2300.0,USD,,,,,2026-05-24
해상,Busan,아프리카,Abidjan,2023,04,1800.0,2300.0,USD,,,,,2026-05-24
해상,Busan,아프리카,Abidjan,2023,03,2300.0,3500.0,USD,,,,,2026-05-24
해상,Busan,아프리카,Abidjan,2023,02,2300.0,3400.0,USD,,,,,2026-05-24
해상,Busan,아프리카,Abidjan,2023,01,2600.0,3500.0,USD,,,,,2026-05-24
해상,Busan,아프리카,Abidjan,2022,12,2850.0,4200.0,USD,,,,,2026-05-24
해상,Busan,아프리카,Abidjan,2022,11,3300.0,4500.0,USD,,,,,2026-05-24
해상,Busan,아프리카,Abidjan,2022,10,4400.0,6500.0,USD,,,,,2026-05-24
해상,Busan,아프리카,Abidjan,2022,09,4400.0,6500.0,USD,,,,,2026-05-24
해상,Busan,아프리카,Abidjan,2022,08,4500.0,5000.0,USD,,,,,2026-05-24
해상,Busan,아프리카,Abidjan,2022,07,5250.0,8100.0,USD,,,,,2026-05-24
해상,Busan,아프리카,Abidjan,2022,06,6000.0,8700.0,USD,,,,,2026-05-24
해상,Busan,아프리카,Abidjan,2022,05,6000.0,8700.0,USD,,,,,2026-05-24
해상,Busan,아프리카,Abidjan,2022,04,5800.0,8500.0,USD,,,,,2026-05-24
해상,Busan,아프리카,Abidjan,2022,03,5800.0,8500.0,USD,,,,,2026-05-24
해상,Busan,아프리카,Abidjan,2022,02,5800.0,8500.0,USD,,,,,2026-05-24
해상,Busan,아프리카,Abidjan,2022,01,5700.0,8350.0,USD,,,,,2026-05-24
해상,Busan,아프리카,Abidjan,2021,12,5700.0,8350.0,USD,,,,,2026-05-24
해상,Busan,아프리카,Abidjan,2021,11,5700.0,8350.0,USD,,,,,2026-05-24
해상,Busan,아프리카,Abidjan,2021,10,5700.0,8550.0,USD,,,,,2026-05-24
해상,Busan,아프리카,Abidjan,2021,09,5700.0,8650.0,USD,,,,,2026-05-24
해상,Busan,아프리카,Abidjan,2021,08,5350.0,7600.0,USD,,,,,2026-05-24
해상,Busan,아프리카,Abidjan,2021,07,5150.0,7800.0,USD,,,,,2026-05-24
해상,Busan,아프리카,Abidjan,2021,06,4300.0,6150.0,USD,,,,,2026-05-24
해상,Busan,아프리카,Abidjan,2021,05,3415.0,6250.0,USD,,,,,2026-05-24
해상,Busan,아프리카,Abidjan,2021,04,3100.0,5050.0,USD,,,,,2026-05-24
해상,Busan,아프리카,Abidjan,2021,03,2900.0,4850.0,USD,,,,,2026-05-24
해상,Busan,아프리카,Abidjan,2021,02,2900.0,4850.0,USD,,,,,2026-05-24
해상,Busan,아프리카,Abidjan,2021,01,2900.0,4850.0,USD,,,,,2026-05-24
해상,Busan,아프리카,Abidjan,2020,12,2300.0,4000.0,USD,,,,,2026-05-24
해상,Busan,아프리카,Abidjan,2020,11,1950.0,3400.0,USD,,,,,2026-05-24
해상,Busan,아프리카,Abidjan,2020,10,1925.0,3350.0,USD,,,,,2026-05-24
해상,Busan,아프리카,Abidjan,2020,09,1783.0,2966.0,USD,,,,,2026-05-24
해상,Busan,아프리카,Abidjan,2020,08,1850.0,3300.0,USD,,,,,2026-05-24
해상,Busan,아프리카,Abidjan,2020,07,1850.0,3300.0,USD,,,,,2026-05-24
해상,Busan,아프리카,Abidjan,2020,06,1850.0,3300.0,USD,,,,,2026-05-24
해상,Busan,아프리카,Abidjan,2020,05,1950.0,3400.0,USD,,,,,2026-05-24
해상,Busan,아프리카,Abidjan,2020,04,1750.0,2950.0,USD,,,,,2026-05-24
해상,Busan,아프리카,Abidjan,2020,03,1800.0,3200.0,USD,,,,,2026-05-24
해상,Busan,아프리카,Abidjan,2020,02,1800.0,3200.0,USD,,,,,2026-05-24
해상,Busan,아프리카,Abidjan,2020,01,1900.0,3300.0,USD,,,,,2026-05-24
해상,Busan,아프리카,Abidjan,2019,12,1800.0,3050.0,USD,,,,,2026-05-24
해상,Busan,아프리카,Abidjan,2019,11,1800.0,3350.0,USD,,,,,2026-05-24
해상,Busan,아프리카,Abidjan,2019,10,1600.0,2900.0,USD,,,,,2026-05-24
해상,Busan,아프리카,Abidjan,2019,09,1800.0,3300.0,USD,,,,,2026-05-24
해상,Busan,아프리카,Abidjan,2019,08,1900.0,3150.0,USD,,,,,2026-05-24
해상,Busan,아프리카,Abidjan,2019,07,1900.0,3150.0,USD,,,,,2026-05-24
해상,Busan,아프리카,Abidjan,2019,06,1900.0,3050.0,USD,,,,,2026-05-24
해상,Busan,아프리카,Abidjan,2019,05,1650.0,3050.0,USD,,,,,2026-05-24
해상,Busan,아프리카,Abidjan,2019,04,1650.0,3050.0,USD,,,,,2026-05-24
해상,Busan,아프리카,Abidjan,2019,03,1650.0,3050.0,USD,,,,,2026-05-24
해상,Busan,아프리카,Abidjan,2019,02,1800.0,2900.0,USD,,,,,2026-05-24
해상,Busan,아프리카,Abidjan,2019,01,1650.0,2700.0,USD,,,,,2026-05-24
해상,Busan,아프리카,Abidjan,2018,12,1650.0,2700.0,USD,,,,,2026-05-24
해상,Busan,아프리카,Abidjan,2018,11,1650.0,2700.0,USD,,,,,2026-05-24
해상,Busan,아프리카,Abidjan,2018,10,1800.0,2800.0,USD,,,,,2026-05-24
해상,Busan,아프리카,Abidjan,2018,09,1600.0,2600.0,USD,,,,,2026-05-24
해상,Busan,아프리카,Abidjan,2018,08,1600.0,2600.0,USD,,,,,2026-05-24
해상,Busan,아프리카,Abidjan,2018,07,1700.0,2600.0,USD,,,,,2026-05-24
해상,Busan,아프리카,Abidjan,2018,06,1500.0,2500.0,USD,,,,,2026-05-24
해상,Busan,아프리카,Abidjan,2018,05,1400.0,2500.0,USD,,,,,2026-05-24
해상,Busan,아프리카,Abidjan,2018,04,1400.0,2500.0,USD,,,,,2026-05-24
해상,Busan,아프리카,Abidjan,2018,03,1500.0,2700.0,USD,,,,,2026-05-24
해상,Busan,아프리카,Abidjan,2018,02,1500.0,2700.0,USD,,,,,2026-05-24
해상,Busan,아프리카,Abidjan,2018,01,1500.0,2700.0,USD,,,,,2026-05-24
해상,Busan,아프리카,Apapa,2026,05,3450.0,3850.0,USD,,,,,2026-05-24
해상,Busan,아프리카,Apapa,2026,04,3450.0,4550.0,USD,,,,,2026-05-24
해상,Busan,아프리카,Apapa,2026,03,3300.0,4000.0,USD,,,,,2026-05-24
해상,Busan,아프리카,Apapa,2026,02,3300.0,3900.0,USD,,,,,2026-05-24
해상,Busan,아프리카,Apapa,2026,01,3100.0,4000.0,USD,,,,,2026-05-24
해상,Busan,아프리카,Apapa,2025,12,3100.0,4350.0,USD,,,,,2026-05-24
해상,Busan,아프리카,Apapa,2025,11,3400.0,5000.0,USD,,,,,2026-05-24
해상,Busan,아프리카,Apapa,2025,10,3200.0,4200.0,USD,,,,,2026-05-24
해상,Busan,아프리카,Apapa,2025,09,3500.0,5100.0,USD,,,,,2026-05-24
해상,Busan,아프리카,Apapa,2025,08,3100.0,5300.0,USD,,,,,2026-05-24
해상,Busan,아프리카,Apapa,2025,07,4500.0,6500.0,USD,,,,,2026-05-24
해상,Busan,아프리카,Apapa,2025,06,3300.0,5000.0,USD,,,,,2026-05-24
해상,Busan,아프리카,Apapa,2025,05,3000.0,4100.0,USD,,,,,2026-05-24
해상,Busan,아프리카,Apapa,2025,04,2900.0,4000.0,USD,,,,,2026-05-24
해상,Busan,아프리카,Apapa,2025,03,3000.0,5500.0,USD,,,,,2026-05-24
해상,Busan,아프리카,Apapa,2025,01,4300.0,5700.0,USD,,,,,2026-05-24
해상,Busan,아프리카,Apapa,2024,12,3900.0,5900.0,USD,,,,,2026-05-24
해상,Busan,아프리카,Apapa,2024,11,3900.0,5900.0,USD,,,,,2026-05-24
해상,Busan,아프리카,Apapa,2024,10,3950.0,5600.0,USD,,,,,2026-05-24
해상,Busan,아프리카,Apapa,2024,09,4200.0,6300.0,USD,,,,,2026-05-24
해상,Busan,아프리카,Apapa,2024,08,5200.0,7200.0,USD,,,,,2026-05-24
해상,Busan,아프리카,Apapa,2024,07,5300.0,7500.0,USD,,,,,2026-05-24
해상,Busan,아프리카,Apapa,2024,06,5700.0,7900.0,USD,,,,,2026-05-24
해상,Busan,아프리카,Apapa,2024,05,2800.0,4400.0,USD,,,,,2026-05-24
해상,Busan,아프리카,Apapa,2024,04,1500.0,2200.0,USD,,,,,2026-05-24
해상,Busan,아프리카,Apapa,2024,03,2300.0,3650.0,USD,,,,,2026-05-24
해상,Busan,아프리카,Apapa,2024,02,2300.0,2500.0,USD,,,,,2026-05-24
해상,Busan,아프리카,Apapa,2024,01,2300.0,2500.0,USD,,,,,2026-05-24
해상,Busan,아프리카,Apapa,2023,12,3300.0,4200.0,USD,,,,,2026-05-24
해상,Busan,아프리카,Apapa,2023,11,2700.0,3000.0,USD,,,,,2026-05-24
해상,Busan,아프리카,Apapa,2023,10,2450.0,2800.0,USD,,,,,2026-05-24
해상,Busan,아프리카,Apapa,2023,09,2700.0,3100.0,USD,,,,,2026-05-24
해상,Busan,아프리카,Apapa,2023,08,3000.0,3600.0,USD,,,,,2026-05-24
해상,Busan,아프리카,Apapa,2023,07,2800.0,3400.0,USD,,,,,2026-05-24
해상,Busan,아프리카,Apapa,2023,06,2950.0,3450.0,USD,,,,,2026-05-24
해상,Busan,아프리카,Apapa,2023,05,2600.0,3100.0,USD,,,,,2026-05-24
해상,Busan,아프리카,Apapa,2023,04,2600.0,3100.0,USD,,,,,2026-05-24
해상,Busan,아프리카,Apapa,2023,03,3500.0,3600.0,USD,,,,,2026-05-24
해상,Busan,아프리카,Apapa,2023,02,3500.0,4650.0,USD,,,,,2026-05-24
해상,Busan,아프리카,Apapa,2023,01,3450.0,4450.0,USD,,,,,2026-05-24
해상,Busan,아프리카,Apapa,2022,12,3700.0,5400.0,USD,,,,,2026-05-24
해상,Busan,아프리카,Apapa,2022,11,4800.0,6400.0,USD,,,,,2026-05-24
해상,Busan,아프리카,Apapa,2022,10,5600.0,8400.0,USD,,,,,2026-05-24
해상,Busan,아프리카,Apapa,2022,09,5600.0,8400.0,USD,,,,,2026-05-24
해상,Busan,아프리카,Apapa,2022,08,5300.0,6200.0,USD,,,,,2026-05-24
해상,Busan,아프리카,Apapa,2022,07,6200.0,9250.0,USD,,,,,2026-05-24
해상,Busan,아프리카,Apapa,2022,06,6800.0,8800.0,USD,,,,,2026-05-24
해상,Busan,아프리카,Apapa,2022,05,6800.0,8800.0,USD,,,,,2026-05-24
해상,Busan,아프리카,Apapa,2022,04,6500.0,8500.0,USD,,,,,2026-05-24
해상,Busan,아프리카,Apapa,2022,03,6400.0,8400.0,USD,,,,,2026-05-24
해상,Busan,아프리카,Apapa,2022,02,7000.0,10500.0,USD,,,,,2026-05-24
해상,Busan,아프리카,Apapa,2022,01,7000.0,10500.0,USD,,,,,2026-05-24
해상,Busan,아프리카,Apapa,2021,12,7000.0,10500.0,USD,,,,,2026-05-24
해상,Busan,아프리카,Apapa,2021,11,7000.0,10500.0,USD,,,,,2026-05-24
해상,Busan,아프리카,Apapa,2021,10,7600.0,11500.0,USD,,,,,2026-05-24
해상,Busan,아프리카,Apapa,2021,09,7600.0,12000.0,USD,,,,,2026-05-24
해상,Busan,아프리카,Apapa,2021,08,7650.0,8200.0,USD,,,,,2026-05-24
해상,Busan,아프리카,Apapa,2021,07,6450.0,8200.0,USD,,,,,2026-05-24
해상,Busan,아프리카,Apapa,2021,06,5500.0,6450.0,USD,,,,,2026-05-24
해상,Busan,아프리카,Apapa,2021,05,4450.0,6350.0,USD,,,,,2026-05-24
해상,Busan,아프리카,Apapa,2021,04,4200.0,6050.0,USD,,,,,2026-05-24
해상,Busan,아프리카,Apapa,2021,03,4200.0,5700.0,USD,,,,,2026-05-24
해상,Busan,아프리카,Apapa,2021,02,4200.0,5700.0,USD,,,,,2026-05-24
해상,Busan,아프리카,Apapa,2021,01,4200.0,5700.0,USD,,,,,2026-05-24
해상,Busan,아프리카,Apapa,2020,12,3950.0,4900.0,USD,,,,,2026-05-24
해상,Busan,아프리카,Apapa,2020,11,3950.0,4900.0,USD,,,,,2026-05-24
해상,Busan,아프리카,Apapa,2020,10,3950.0,4900.0,USD,,,,,2026-05-24
해상,Busan,아프리카,Apapa,2020,09,3400.0,4233.0,USD,,,,,2026-05-24
해상,Busan,아프리카,Apapa,2020,08,3200.0,4100.0,USD,,,,,2026-05-24
해상,Busan,아프리카,Apapa,2020,07,3200.0,4100.0,USD,,,,,2026-05-24
해상,Busan,아프리카,Apapa,2020,06,3200.0,4100.0,USD,,,,,2026-05-24
해상,Busan,아프리카,Apapa,2020,05,2250.0,3150.0,USD,,,,,2026-05-24
해상,Busan,아프리카,Apapa,2020,04,2750.0,3500.0,USD,,,,,2026-05-24
해상,Busan,아프리카,Apapa,2020,03,2750.0,3350.0,USD,,,,,2026-05-24
해상,Busan,아프리카,Apapa,2020,02,2750.0,3350.0,USD,,,,,2026-05-24
해상,Busan,아프리카,Apapa,2020,01,2850.0,3550.0,USD,,,,,2026-05-24
해상,Busan,아프리카,Apapa,2019,12,2300.0,3300.0,USD,,,,,2026-05-24
해상,Busan,아프리카,Apapa,2019,11,2400.0,3400.0,USD,,,,,2026-05-24
해상,Busan,아프리카,Apapa,2019,10,2400.0,3600.0,USD,,,,,2026-05-24
해상,Busan,아프리카,Apapa,2019,09,2400.0,3600.0,USD,,,,,2026-05-24
해상,Busan,아프리카,Apapa,2019,08,1700.0,3000.0,USD,,,,,2026-05-24
해상,Busan,아프리카,Apapa,2019,07,2450.0,3400.0,USD,,,,,2026-05-24
해상,Busan,아프리카,Apapa,2019,06,2400.0,3300.0,USD,,,,,2026-05-24
해상,Busan,아프리카,Apapa,2019,05,2400.0,3300.0,USD,,,,,2026-05-24
해상,Busan,아프리카,Apapa,2019,04,2400.0,3300.0,USD,,,,,2026-05-24
해상,Busan,아프리카,Apapa,2019,03,2400.0,4500.0,USD,,,,,2026-05-24
해상,Busan,아프리카,Apapa,2019,02,2800.0,3600.0,USD,,,,,2026-05-24
해상,Busan,아프리카,Apapa,2019,01,2200.0,3300.0,USD,,,,,2026-05-24
해상,Busan,아프리카,Apapa,2018,12,2200.0,3300.0,USD,,,,,2026-05-24
해상,Busan,아프리카,Apapa,2018,11,2200.0,3300.0,USD,,,,,2026-05-24
해상,Busan,아프리카,Apapa,2018,10,1900.0,2900.0,USD,,,,,2026-05-24
해상,Busan,아프리카,Apapa,2018,09,1600.0,2600.0,USD,,,,,2026-05-24
해상,Busan,아프리카,Apapa,2018,08,1600.0,2600.0,USD,,,,,2026-05-24
해상,Busan,아프리카,Apapa,2018,07,1700.0,2600.0,USD,,,,,2026-05-24
해상,Busan,아프리카,Apapa,2018,06,1500.0,2400.0,USD,,,,,2026-05-24
해상,Busan,아프리카,Apapa,2018,05,1400.0,2500.0,USD,,,,,2026-05-24
해상,Busan,아프리카,Apapa,2018,04,1400.0,2500.0,USD,,,,,2026-05-24
해상,Busan,아프리카,Apapa,2018,03,1500.0,2700.0,USD,,,,,2026-05-24
해상,Busan,아프리카,Apapa,2018,02,1500.0,2700.0,USD,,,,,2026-05-24
해상,Busan,아프리카,Apapa,2018,01,1500.0,2700.0,USD,,,,,2026-05-24
해상,Busan,아프리카,Tema,2026,05,3050.0,3500.0,USD,,,,,2026-05-24
해상,Busan,아프리카,Tema,2026,04,3050.0,4150.0,USD,,,,,2026-05-24
해상,Busan,아프리카,Tema,2026,03,2600.0,3500.0,USD,,,,,2026-05-24
해상,Busan,아프리카,Tema,2026,02,2850.0,3500.0,USD,,,,,2026-05-24
해상,Busan,아프리카,Tema,2026,01,2600.0,3200.0,USD,,,,,2026-05-24
해상,Busan,아프리카,Tema,2025,12,2700.0,3850.0,USD,,,,,2026-05-24
해상,Busan,아프리카,Tema,2025,11,3300.0,4300.0,USD,,,,,2026-05-24
해상,Busan,아프리카,Tema,2025,10,2900.0,3800.0,USD,,,,,2026-05-24
해상,Busan,아프리카,Tema,2025,09,3400.0,4100.0,USD,,,,,2026-05-24
해상,Busan,아프리카,Tema,2025,08,3100.0,5300.0,USD,,,,,2026-05-24
해상,Busan,아프리카,Tema,2025,07,4300.0,6100.0,USD,,,,,2026-05-24
해상,Busan,아프리카,Tema,2025,06,3200.0,4800.0,USD,,,,,2026-05-24
해상,Busan,아프리카,Tema,2025,05,2800.0,3700.0,USD,,,,,2026-05-24
해상,Busan,아프리카,Tema,2025,04,2800.0,3700.0,USD,,,,,2026-05-24
해상,Busan,아프리카,Tema,2025,03,2750.0,4500.0,USD,,,,,2026-05-24
해상,Busan,아프리카,Tema,2025,01,3800.0,5400.0,USD,,,,,2026-05-24
해상,Busan,아프리카,Tema,2024,12,3550.0,5400.0,USD,,,,,2026-05-24
해상,Busan,아프리카,Tema,2024,11,3550.0,5100.0,USD,,,,,2026-05-24
해상,Busan,아프리카,Tema,2024,10,3550.0,4950.0,USD,,,,,2026-05-24
해상,Busan,아프리카,Tema,2024,09,3900.0,5700.0,USD,,,,,2026-05-24
해상,Busan,아프리카,Tema,2024,08,4500.0,6800.0,USD,,,,,2026-05-24
해상,Busan,아프리카,Tema,2024,07,4700.0,7100.0,USD,,,,,2026-05-24
해상,Busan,아프리카,Tema,2024,06,5700.0,7900.0,USD,,,,,2026-05-24
해상,Busan,아프리카,Tema,2024,05,2300.0,3700.0,USD,,,,,2026-05-24
해상,Busan,아프리카,Tema,2024,04,1900.0,2800.0,USD,,,,,2026-05-24
해상,Busan,아프리카,Tema,2024,03,1850.0,2700.0,USD,,,,,2026-05-24
해상,Busan,아프리카,Tema,2024,02,1800.0,2000.0,USD,,,,,2026-05-24
해상,Busan,아프리카,Tema,2024,01,1900.0,2100.0,USD,,,,,2026-05-24
해상,Busan,아프리카,Tema,2023,12,2000.0,2800.0,USD,,,,,2026-05-24
해상,Busan,아프리카,Tema,2023,11,1950.0,2200.0,USD,,,,,2026-05-24
해상,Busan,아프리카,Tema,2023,10,1700.0,2000.0,USD,,,,,2026-05-24
해상,Busan,아프리카,Tema,2023,09,1950.0,2300.0,USD,,,,,2026-05-24
해상,Busan,아프리카,Tema,2023,08,2500.0,3000.0,USD,,,,,2026-05-24
해상,Busan,아프리카,Tema,2023,07,2200.0,2650.0,USD,,,,,2026-05-24
해상,Busan,아프리카,Tema,2023,06,1700.0,2200.0,USD,,,,,2026-05-24
해상,Busan,아프리카,Tema,2023,05,1800.0,2300.0,USD,,,,,2026-05-24
해상,Busan,아프리카,Tema,2023,04,1800.0,2300.0,USD,,,,,2026-05-24
해상,Busan,아프리카,Tema,2023,03,2400.0,3600.0,USD,,,,,2026-05-24
해상,Busan,아프리카,Tema,2023,02,2300.0,3400.0,USD,,,,,2026-05-24
해상,Busan,아프리카,Tema,2023,01,2600.0,3500.0,USD,,,,,2026-05-24
해상,Busan,아프리카,Tema,2022,12,2850.0,4200.0,USD,,,,,2026-05-24
해상,Busan,아프리카,Tema,2022,11,3200.0,4400.0,USD,,,,,2026-05-24
해상,Busan,아프리카,Tema,2022,10,4400.0,6500.0,USD,,,,,2026-05-24
해상,Busan,아프리카,Tema,2022,09,4400.0,6500.0,USD,,,,,2026-05-24
해상,Busan,아프리카,Tema,2022,08,4300.0,4550.0,USD,,,,,2026-05-24
해상,Busan,아프리카,Tema,2022,07,5000.0,7750.0,USD,,,,,2026-05-24
해상,Busan,아프리카,Tema,2022,06,5700.0,8300.0,USD,,,,,2026-05-24
해상,Busan,아프리카,Tema,2022,05,5700.0,8300.0,USD,,,,,2026-05-24
해상,Busan,아프리카,Tema,2022,04,5500.0,8000.0,USD,,,,,2026-05-24
해상,Busan,아프리카,Tema,2022,03,5500.0,8100.0,USD,,,,,2026-05-24
해상,Busan,아프리카,Tema,2022,02,5800.0,8500.0,USD,,,,,2026-05-24
해상,Busan,아프리카,Tema,2022,01,6000.0,8500.0,USD,,,,,2026-05-24
해상,Busan,아프리카,Tema,2021,12,6200.0,9150.0,USD,,,,,2026-05-24
해상,Busan,아프리카,Tema,2021,11,6200.0,9150.0,USD,,,,,2026-05-24
해상,Busan,아프리카,Tema,2021,10,5700.0,8550.0,USD,,,,,2026-05-24
해상,Busan,아프리카,Tema,2021,09,5750.0,8700.0,USD,,,,,2026-05-24
해상,Busan,아프리카,Tema,2021,08,5500.0,7400.0,USD,,,,,2026-05-24
해상,Busan,아프리카,Tema,2021,07,5300.0,7800.0,USD,,,,,2026-05-24
해상,Busan,아프리카,Tema,2021,06,4550.0,6450.0,USD,,,,,2026-05-24
해상,Busan,아프리카,Tema,2021,05,4450.0,6250.0,USD,,,,,2026-05-24
해상,Busan,아프리카,Tema,2021,04,3100.0,5350.0,USD,,,,,2026-05-24
해상,Busan,아프리카,Tema,2021,03,2900.0,5200.0,USD,,,,,2026-05-24
해상,Busan,아프리카,Tema,2021,02,2900.0,5200.0,USD,,,,,2026-05-24
해상,Busan,아프리카,Tema,2021,01,2900.0,5200.0,USD,,,,,2026-05-24
해상,Busan,아프리카,Tema,2020,12,2300.0,4300.0,USD,,,,,2026-05-24
해상,Busan,아프리카,Tema,2020,11,1950.0,2350.0,USD,,,,,2026-05-24
해상,Busan,아프리카,Tema,2020,10,1925.0,2325.0,USD,,,,,2026-05-24
해상,Busan,아프리카,Tema,2020,09,1816.0,2700.0,USD,,,,,2026-05-24
해상,Busan,아프리카,Tema,2020,08,1900.0,2300.0,USD,,,,,2026-05-24
해상,Busan,아프리카,Tema,2020,07,1600.0,2300.0,USD,,,,,2026-05-24
해상,Busan,아프리카,Tema,2020,06,1900.0,2300.0,USD,,,,,2026-05-24
해상,Busan,아프리카,Tema,2020,05,1350.0,2300.0,USD,,,,,2026-05-24
해상,Busan,아프리카,Tema,2020,04,1750.0,2175.0,USD,,,,,2026-05-24
해상,Busan,아프리카,Tema,2020,03,1800.0,2370.0,USD,,,,,2026-05-24
해상,Busan,아프리카,Tema,2020,02,1800.0,2370.0,USD,,,,,2026-05-24
해상,Busan,아프리카,Tema,2020,01,1900.0,2350.0,USD,,,,,2026-05-24
해상,Busan,아프리카,Tema,2019,12,1800.0,2500.0,USD,,,,,2026-05-24
해상,Busan,아프리카,Tema,2019,11,1800.0,2500.0,USD,,,,,2026-05-24
해상,Busan,아프리카,Tema,2019,10,1600.0,2700.0,USD,,,,,2026-05-24
해상,Busan,아프리카,Tema,2019,09,1850.0,2700.0,USD,,,,,2026-05-24
해상,Busan,아프리카,Tema,2019,08,1600.0,3050.0,USD,,,,,2026-05-24
해상,Busan,아프리카,Tema,2019,07,1600.0,3050.0,USD,,,,,2026-05-24
해상,Busan,아프리카,Tema,2019,06,1600.0,3050.0,USD,,,,,2026-05-24
해상,Busan,아프리카,Tema,2019,05,1650.0,3050.0,USD,,,,,2026-05-24
해상,Busan,아프리카,Tema,2019,04,1650.0,3050.0,USD,,,,,2026-05-24
해상,Busan,아프리카,Tema,2019,03,1650.0,3050.0,USD,,,,,2026-05-24
해상,Busan,아프리카,Tema,2019,02,1450.0,2450.0,USD,,,,,2026-05-24
해상,Busan,아프리카,Tema,2019,01,1700.0,2800.0,USD,,,,,2026-05-24
해상,Busan,아프리카,Tema,2018,12,1700.0,2800.0,USD,,,,,2026-05-24
해상,Busan,아프리카,Tema,2018,11,1700.0,2800.0,USD,,,,,2026-05-24
해상,Busan,아프리카,Tema,2018,10,1800.0,2800.0,USD,,,,,2026-05-24
해상,Busan,아프리카,Tema,2018,09,1600.0,2600.0,USD,,,,,2026-05-24
해상,Busan,아프리카,Tema,2018,08,1600.0,2600.0,USD,,,,,2026-05-24
해상,Busan,아프리카,Tema,2018,07,1700.0,2600.0,USD,,,,,2026-05-24
해상,Busan,아프리카,Tema,2018,06,1500.0,2500.0,USD,,,,,2026-05-24
해상,Busan,아프리카,Tema,2018,05,1400.0,2500.0,USD,,,,,2026-05-24
해상,Busan,아프리카,Tema,2018,04,1400.0,2500.0,USD,,,,,2026-05-24
해상,Busan,아프리카,Tema,2018,03,1500.0,2700.0,USD,,,,,2026-05-24
해상,Busan,아프리카,Tema,2018,02,1500.0,2700.0,USD,,,,,2026-05-24
해상,Busan,아프리카,Tema,2018,01,1500.0,2700.0,USD,,,,,2026-05-24
해상,Busan,아프리카,Mombasa,2026,05,3050.0,3500.0,USD,,,,,2026-05-24
해상,Busan,아프리카,Mombasa,2026,04,2900.0,4050.0,USD,,,,,2026-05-24
해상,Busan,아프리카,Mombasa,2026,03,2300.0,2900.0,USD,,,,,2026-05-24
해상,Busan,아프리카,Mombasa,2026,02,2400.0,2700.0,USD,,,,,2026-05-24
해상,Busan,아프리카,Mombasa,2026,01,2300.0,3000.0,USD,,,,,2026-05-24
해상,Busan,아프리카,Mombasa,2025,12,2600.0,3700.0,USD,,,,,2026-05-24
해상,Busan,아프리카,Mombasa,2025,11,3100.0,4500.0,USD,,,,,2026-05-24
해상,Busan,아프리카,Mombasa,2025,10,3000.0,4000.0,USD,,,,,2026-05-24
해상,Busan,아프리카,Mombasa,2025,09,2750.0,4100.0,USD,,,,,2026-05-24
해상,Busan,아프리카,Mombasa,2025,08,2900.0,3900.0,USD,,,,,2026-05-24
해상,Busan,아프리카,Mombasa,2025,07,3100.0,4700.0,USD,,,,,2026-05-24
해상,Busan,아프리카,Mombasa,2025,06,2400.0,3300.0,USD,,,,,2026-05-24
해상,Busan,아프리카,Mombasa,2025,05,2300.0,2600.0,USD,,,,,2026-05-24
해상,Busan,아프리카,Mombasa,2025,04,2300.0,2700.0,USD,,,,,2026-05-24
해상,Busan,아프리카,Mombasa,2025,03,2100.0,2550.0,USD,,,,,2026-05-24
해상,Busan,아프리카,Mombasa,2025,01,2300.0,2700.0,USD,,,,,2026-05-24
해상,Busan,아프리카,Mombasa,2024,12,3200.0,3800.0,USD,,,,,2026-05-24
해상,Busan,아프리카,Mombasa,2024,11,2700.0,3600.0,USD,,,,,2026-05-24
해상,Busan,아프리카,Mombasa,2024,10,3650.0,3900.0,USD,,,,,2026-05-24
해상,Busan,아프리카,Mombasa,2024,09,3300.0,3900.0,USD,,,,,2026-05-24
해상,Busan,아프리카,Mombasa,2024,08,3800.0,5100.0,USD,,,,,2026-05-24
해상,Busan,아프리카,Mombasa,2024,07,4750.0,5600.0,USD,,,,,2026-05-24
해상,Busan,아프리카,Mombasa,2024,06,5200.0,6100.0,USD,,,,,2026-05-24
해상,Busan,아프리카,Mombasa,2024,05,3250.0,3000.0,USD,,,,,2026-05-24
해상,Busan,아프리카,Mombasa,2024,04,1800.0,2500.0,USD,,,,,2026-05-24
해상,Busan,아프리카,Mombasa,2024,03,2000.0,2400.0,USD,,,,,2026-05-24
해상,Busan,아프리카,Mombasa,2024,02,1800.0,2200.0,USD,,,,,2026-05-24
해상,Busan,아프리카,Mombasa,2024,01,1700.0,2200.0,USD,,,,,2026-05-24
해상,Busan,아프리카,Mombasa,2023,12,2200.0,3000.0,USD,,,,,2026-05-24
해상,Busan,아프리카,Mombasa,2023,11,1800.0,2400.0,USD,,,,,2026-05-24
해상,Busan,아프리카,Mombasa,2023,10,1600.0,2000.0,USD,,,,,2026-05-24
해상,Busan,아프리카,Mombasa,2023,09,1600.0,1900.0,USD,,,,,2026-05-24
해상,Busan,아프리카,Mombasa,2023,08,1500.0,2000.0,USD,,,,,2026-05-24
해상,Busan,아프리카,Mombasa,2023,07,1350.0,1550.0,USD,,,,,2026-05-24
해상,Busan,아프리카,Mombasa,2023,06,1350.0,1550.0,USD,,,,,2026-05-24
해상,Busan,아프리카,Mombasa,2023,05,1400.0,2100.0,USD,,,,,2026-05-24
해상,Busan,아프리카,Mombasa,2023,04,1400.0,2100.0,USD,,,,,2026-05-24
해상,Busan,아프리카,Mombasa,2023,03,2250.0,2800.0,USD,,,,,2026-05-24
해상,Busan,아프리카,Mombasa,2023,02,2250.0,2800.0,USD,,,,,2026-05-24
해상,Busan,아프리카,Mombasa,2023,01,2550.0,4250.0,USD,,,,,2026-05-24
해상,Busan,아프리카,Mombasa,2022,12,1900.0,3600.0,USD,,,,,2026-05-24
해상,Busan,아프리카,Mombasa,2022,11,2850.0,4200.0,USD,,,,,2026-05-24
해상,Busan,아프리카,Mombasa,2022,10,2900.0,4800.0,USD,,,,,2026-05-24
해상,Busan,아프리카,Mombasa,2022,09,2900.0,4800.0,USD,,,,,2026-05-24
해상,Busan,아프리카,Mombasa,2022,08,2500.0,3100.0,USD,,,,,2026-05-24
해상,Busan,아프리카,Mombasa,2022,07,3100.0,4900.0,USD,,,,,2026-05-24
해상,Busan,아프리카,Mombasa,2022,06,3200.0,5100.0,USD,,,,,2026-05-24
해상,Busan,아프리카,Mombasa,2022,05,3300.0,6500.0,USD,,,,,2026-05-24
해상,Busan,아프리카,Mombasa,2022,04,3300.0,6500.0,USD,,,,,2026-05-24
해상,Busan,아프리카,Mombasa,2022,03,3500.0,6690.0,USD,,,,,2026-05-24
해상,Busan,아프리카,Mombasa,2022,02,4000.0,7000.0,USD,,,,,2026-05-24
해상,Busan,아프리카,Mombasa,2022,01,4000.0,7000.0,USD,,,,,2026-05-24
해상,Busan,아프리카,Mombasa,2021,12,3400.0,6500.0,USD,,,,,2026-05-24
해상,Busan,아프리카,Mombasa,2021,11,3400.0,6500.0,USD,,,,,2026-05-24
해상,Busan,아프리카,Mombasa,2021,10,3400.0,6500.0,USD,,,,,2026-05-24
해상,Busan,아프리카,Mombasa,2021,09,3600.0,6500.0,USD,,,,,2026-05-24
해상,Busan,아프리카,Mombasa,2021,08,3600.0,6400.0,USD,,,,,2026-05-24
해상,Busan,아프리카,Mombasa,2021,07,3600.0,7000.0,USD,,,,,2026-05-24
해상,Busan,아프리카,Mombasa,2021,06,2750.0,5500.0,USD,,,,,2026-05-24
해상,Busan,아프리카,Mombasa,2021,05,2350.0,4600.0,USD,,,,,2026-05-24
해상,Busan,아프리카,Mombasa,2021,04,2600.0,5000.0,USD,,,,,2026-05-24
해상,Busan,아프리카,Mombasa,2021,03,3100.0,5800.0,USD,,,,,2026-05-24
해상,Busan,아프리카,Mombasa,2021,02,3100.0,5800.0,USD,,,,,2026-05-24
해상,Busan,아프리카,Mombasa,2021,01,3100.0,6000.0,USD,,,,,2026-05-24
해상,Busan,아프리카,Mombasa,2020,12,2200.0,4700.0,USD,,,,,2026-05-24
해상,Busan,아프리카,Mombasa,2020,11,1800.0,3400.0,USD,,,,,2026-05-24
해상,Busan,아프리카,Mombasa,2020,10,1250.0,2175.0,USD,,,,,2026-05-24
해상,Busan,아프리카,Mombasa,2020,09,1316.0,2100.0,USD,,,,,2026-05-24
해상,Busan,아프리카,Mombasa,2020,08,1250.0,1850.0,USD,,,,,2026-05-24
해상,Busan,아프리카,Mombasa,2020,07,1250.0,1800.0,USD,,,,,2026-05-24
해상,Busan,아프리카,Mombasa,2020,06,1250.0,1850.0,USD,,,,,2026-05-24
해상,Busan,아프리카,Mombasa,2020,05,1600.0,2100.0,USD,,,,,2026-05-24
해상,Busan,아프리카,Mombasa,2020,04,1125.0,1650.0,USD,,,,,2026-05-24
해상,Busan,아프리카,Mombasa,2020,03,1400.0,1800.0,USD,,,,,2026-05-24
해상,Busan,아프리카,Mombasa,2020,02,1400.0,1800.0,USD,,,,,2026-05-24
해상,Busan,아프리카,Mombasa,2020,01,1550.0,2300.0,USD,,,,,2026-05-24
해상,Busan,아프리카,Mombasa,2019,12,1250.0,1900.0,USD,,,,,2026-05-24
해상,Busan,아프리카,Mombasa,2019,11,1200.0,1900.0,USD,,,,,2026-05-24
해상,Busan,아프리카,Mombasa,2019,10,1050.0,1650.0,USD,,,,,2026-05-24
해상,Busan,아프리카,Mombasa,2019,09,1100.0,1700.0,USD,,,,,2026-05-24
해상,Busan,아프리카,Mombasa,2019,08,1100.0,1700.0,USD,,,,,2026-05-24
해상,Busan,아프리카,Mombasa,2019,07,1100.0,1700.0,USD,,,,,2026-05-24
해상,Busan,아프리카,Mombasa,2019,06,1000.0,1700.0,USD,,,,,2026-05-24
해상,Busan,아프리카,Mombasa,2019,05,1300.0,1950.0,USD,,,,,2026-05-24
해상,Busan,아프리카,Mombasa,2019,04,1300.0,1900.0,USD,,,,,2026-05-24
해상,Busan,아프리카,Mombasa,2019,03,1300.0,1900.0,USD,,,,,2026-05-24
해상,Busan,아프리카,Mombasa,2019,02,1200.0,1920.0,USD,,,,,2026-05-24
해상,Busan,아프리카,Mombasa,2019,01,1200.0,1920.0,USD,,,,,2026-05-24
해상,Busan,아프리카,Mombasa,2018,12,1200.0,1920.0,USD,,,,,2026-05-24
해상,Busan,아프리카,Mombasa,2018,11,1200.0,1920.0,USD,,,,,2026-05-24
해상,Busan,아프리카,Mombasa,2018,10,1200.0,1800.0,USD,,,,,2026-05-24
해상,Busan,아프리카,Mombasa,2018,09,1200.0,1800.0,USD,,,,,2026-05-24
해상,Busan,아프리카,Mombasa,2018,08,1200.0,2000.0,USD,,,,,2026-05-24
해상,Busan,아프리카,Mombasa,2018,07,1300.0,2300.0,USD,,,,,2026-05-24
해상,Busan,아프리카,Mombasa,2018,06,1300.0,2300.0,USD,,,,,2026-05-24
해상,Busan,아프리카,Mombasa,2018,05,1100.0,2000.0,USD,,,,,2026-05-24
해상,Busan,아프리카,Mombasa,2018,04,1100.0,2000.0,USD,,,,,2026-05-24
해상,Busan,아프리카,Mombasa,2018,03,1050.0,1750.0,USD,,,,,2026-05-24
해상,Busan,아프리카,Mombasa,2018,02,1050.0,1750.0,USD,,,,,2026-05-24
해상,Busan,아프리카,Mombasa,2018,01,1050.0,1750.0,USD,,,,,2026-05-24
해상,Busan,아프리카,Beira,2026,05,3200.0,4850.0,USD,,,,,2026-05-24
해상,Busan,아프리카,Beira,2026,04,3700.0,5400.0,USD,,,,,2026-05-24
해상,Busan,아프리카,Beira,2026,03,2800.0,5100.0,USD,,,,,2026-05-24
해상,Busan,아프리카,Beira,2026,02,3300.0,4700.0,USD,,,,,2026-05-24
해상,Busan,아프리카,Beira,2026,01,3150.0,4600.0,USD,,,,,2026-05-24
해상,Busan,아프리카,Beira,2025,12,4000.0,5600.0,USD,,,,,2026-05-24
해상,Busan,아프리카,Beira,2025,11,3700.0,5600.0,USD,,,,,2026-05-24
해상,Busan,아프리카,Beira,2025,10,3500.0,5300.0,USD,,,,,2026-05-24
해상,Busan,아프리카,Beira,2025,09,3500.0,6000.0,USD,,,,,2026-05-24
해상,Busan,아프리카,Beira,2025,08,3150.0,5550.0,USD,,,,,2026-05-24
해상,Busan,아프리카,Beira,2025,07,3300.0,5400.0,USD,,,,,2026-05-24
해상,Busan,아프리카,Beira,2025,06,2300.0,3100.0,USD,,,,,2026-05-24
해상,Busan,아프리카,Beira,2025,05,2100.0,3100.0,USD,,,,,2026-05-24
해상,Busan,아프리카,Beira,2025,04,2300.0,3200.0,USD,,,,,2026-05-24
해상,Busan,아프리카,Beira,2025,03,2450.0,3250.0,USD,,,,,2026-05-24
해상,Busan,아프리카,Beira,2025,01,2700.0,4000.0,USD,,,,,2026-05-24
해상,Busan,아프리카,Beira,2024,12,3600.0,5300.0,USD,,,,,2026-05-24
해상,Busan,아프리카,Beira,2024,11,3900.0,5600.0,USD,,,,,2026-05-24
해상,Busan,아프리카,Beira,2024,10,4150.0,6000.0,USD,,,,,2026-05-24
해상,Busan,아프리카,Beira,2024,09,4300.0,5800.0,USD,,,,,2026-05-24
해상,Busan,아프리카,Beira,2024,08,4300.0,6300.0,USD,,,,,2026-05-24
해상,Busan,아프리카,Beira,2024,07,5800.0,7350.0,USD,,,,,2026-05-24
해상,Busan,아프리카,Beira,2024,06,6700.0,7400.0,USD,,,,,2026-05-24
해상,Busan,아프리카,Beira,2024,05,2900.0,4950.0,USD,,,,,2026-05-24
해상,Busan,아프리카,Beira,2024,04,1300.0,2200.0,USD,,,,,2026-05-24
해상,Busan,아프리카,Beira,2024,03,1650.0,3050.0,USD,,,,,2026-05-24
해상,Busan,아프리카,Beira,2024,02,1700.0,2600.0,USD,,,,,2026-05-24
해상,Busan,아프리카,Beira,2024,01,1800.0,2700.0,USD,,,,,2026-05-24
해상,Busan,아프리카,Beira,2023,12,1800.0,3100.0,USD,,,,,2026-05-24
해상,Busan,아프리카,Beira,2023,11,1800.0,2900.0,USD,,,,,2026-05-24
해상,Busan,아프리카,Beira,2023,10,1500.0,2700.0,USD,,,,,2026-05-24
해상,Busan,아프리카,Beira,2023,09,1350.0,2100.0,USD,,,,,2026-05-24
해상,Busan,아프리카,Beira,2023,08,1400.0,2500.0,USD,,,,,2026-05-24
해상,Busan,아프리카,Beira,2023,07,1400.0,2600.0,USD,,,,,2026-05-24
해상,Busan,아프리카,Beira,2023,06,1400.0,2500.0,USD,,,,,2026-05-24
해상,Busan,아프리카,Beira,2023,05,1550.0,2600.0,USD,,,,,2026-05-24
해상,Busan,아프리카,Beira,2023,04,1550.0,2600.0,USD,,,,,2026-05-24
해상,Busan,아프리카,Beira,2023,03,1800.0,3050.0,USD,,,,,2026-05-24
해상,Busan,아프리카,Beira,2023,02,2000.0,3600.0,USD,,,,,2026-05-24
해상,Busan,아프리카,Beira,2023,01,2500.0,3700.0,USD,,,,,2026-05-24
해상,Busan,아프리카,Beira,2022,12,2600.0,4900.0,USD,,,,,2026-05-24
해상,Busan,아프리카,Beira,2022,11,3600.0,6850.0,USD,,,,,2026-05-24
해상,Busan,아프리카,Beira,2022,10,4200.0,8000.0,USD,,,,,2026-05-24
해상,Busan,아프리카,Beira,2022,09,4200.0,8000.0,USD,,,,,2026-05-24
해상,Busan,아프리카,Beira,2022,08,5300.0,6000.0,USD,,,,,2026-05-24
해상,Busan,아프리카,Beira,2022,07,5300.0,10200.0,USD,,,,,2026-05-24
해상,Busan,아프리카,Beira,2022,06,5500.0,11000.0,USD,,,,,2026-05-24
해상,Busan,아프리카,Beira,2022,05,5500.0,11000.0,USD,,,,,2026-05-24
해상,Busan,아프리카,Beira,2022,04,5700.0,11300.0,USD,,,,,2026-05-24
해상,Busan,아프리카,Beira,2022,03,5400.0,10700.0,USD,,,,,2026-05-24
해상,Busan,아프리카,Beira,2022,02,5700.0,11200.0,USD,,,,,2026-05-24
해상,Busan,아프리카,Beira,2022,01,5700.0,11200.0,USD,,,,,2026-05-24
해상,Busan,아프리카,Beira,2021,12,5700.0,11200.0,USD,,,,,2026-05-24
해상,Busan,아프리카,Beira,2021,11,5700.0,11200.0,USD,,,,,2026-05-24
해상,Busan,아프리카,Beira,2021,10,5764.0,11400.0,USD,,,,,2026-05-24
해상,Busan,아프리카,Beira,2021,09,5700.0,11400.0,USD,,,,,2026-05-24
해상,Busan,아프리카,Beira,2021,08,5700.0,11000.0,USD,,,,,2026-05-24
해상,Busan,아프리카,Beira,2021,07,5150.0,11000.0,USD,,,,,2026-05-24
해상,Busan,아프리카,Beira,2021,06,3950.0,7600.0,USD,,,,,2026-05-24
해상,Busan,아프리카,Beira,2021,05,3100.0,6050.0,USD,,,,,2026-05-24
해상,Busan,아프리카,Beira,2021,04,3000.0,5500.0,USD,,,,,2026-05-24
해상,Busan,아프리카,Beira,2021,03,2900.0,5600.0,USD,,,,,2026-05-24
해상,Busan,아프리카,Beira,2021,02,2700.0,5100.0,USD,,,,,2026-05-24
해상,Busan,아프리카,Beira,2021,01,3250.0,5850.0,USD,,,,,2026-05-24
해상,Busan,아프리카,Beira,2020,12,2100.0,3800.0,USD,,,,,2026-05-24
해상,Busan,아프리카,Beira,2020,11,1780.0,3250.0,USD,,,,,2026-05-24
해상,Busan,아프리카,Beira,2020,10,1475.0,2600.0,USD,,,,,2026-05-24
해상,Busan,아프리카,Beira,2020,09,1450.0,2466.0,USD,,,,,2026-05-24
해상,Busan,아프리카,Beira,2020,08,1200.0,2100.0,USD,,,,,2026-05-24
해상,Busan,아프리카,Beira,2020,07,1250.0,2100.0,USD,,,,,2026-05-24
해상,Busan,아프리카,Beira,2020,06,1200.0,2000.0,USD,,,,,2026-05-24
해상,Busan,아프리카,Beira,2020,05,1250.0,2150.0,USD,,,,,2026-05-24
해상,Busan,아프리카,Beira,2020,04,1150.0,1800.0,USD,,,,,2026-05-24
해상,Busan,아프리카,Beira,2020,03,1400.0,1800.0,USD,,,,,2026-05-24
해상,Busan,아프리카,Beira,2020,02,1400.0,1800.0,USD,,,,,2026-05-24
해상,Busan,아프리카,Beira,2020,01,1600.0,2750.0,USD,,,,,2026-05-24
해상,Busan,아프리카,Beira,2019,12,1550.0,2100.0,USD,,,,,2026-05-24
해상,Busan,아프리카,Beira,2019,11,1100.0,1950.0,USD,,,,,2026-05-24
해상,Busan,아프리카,Beira,2019,10,1150.0,1950.0,USD,,,,,2026-05-24
해상,Busan,아프리카,Beira,2019,09,1250.0,2050.0,USD,,,,,2026-05-24
해상,Busan,아프리카,Beira,2019,08,1250.0,2050.0,USD,,,,,2026-05-24
해상,Busan,아프리카,Beira,2019,07,1250.0,2050.0,USD,,,,,2026-05-24
해상,Busan,아프리카,Beira,2019,06,1100.0,1950.0,USD,,,,,2026-05-24
해상,Busan,아프리카,Beira,2019,05,1450.0,2200.0,USD,,,,,2026-05-24
해상,Busan,아프리카,Beira,2019,04,1300.0,2100.0,USD,,,,,2026-05-24
해상,Busan,아프리카,Beira,2019,03,1300.0,2100.0,USD,,,,,2026-05-24
해상,Busan,아프리카,Beira,2019,02,1400.0,2400.0,USD,,,,,2026-05-24
해상,Busan,아프리카,Beira,2019,01,1400.0,2400.0,USD,,,,,2026-05-24
해상,Busan,아프리카,Beira,2018,12,1400.0,2400.0,USD,,,,,2026-05-24
해상,Busan,아프리카,Beira,2018,11,1400.0,2400.0,USD,,,,,2026-05-24
해상,Busan,아프리카,Beira,2018,10,1200.0,2250.0,USD,,,,,2026-05-24
해상,Busan,아프리카,Beira,2018,09,1200.0,2250.0,USD,,,,,2026-05-24
해상,Busan,아프리카,Beira,2018,08,1200.0,2400.0,USD,,,,,2026-05-24
해상,Busan,아프리카,Beira,2018,07,1500.0,2500.0,USD,,,,,2026-05-24
해상,Busan,아프리카,Beira,2018,06,1500.0,2500.0,USD,,,,,2026-05-24
해상,Busan,아프리카,Beira,2018,05,1100.0,2000.0,USD,,,,,2026-05-24
해상,Busan,아프리카,Beira,2018,04,1100.0,2000.0,USD,,,,,2026-05-24
해상,Busan,아프리카,Beira,2018,03,1370.0,2220.0,USD,,,,,2026-05-24
해상,Busan,아프리카,Beira,2018,02,1100.0,2050.0,USD,,,,,2026-05-24
해상,Busan,아프리카,Beira,2018,01,1100.0,2050.0,USD,,,,,2026-05-24
해상,Busan,아프리카,Dar,2026,05,3200.0,4600.0,USD,,,,,2026-05-24
해상,Busan,아프리카,Dar,2026,04,3400.0,5050.0,USD,,,,,2026-05-24
해상,Busan,아프리카,Dar,2026,03,2500.0,3500.0,USD,,,,,2026-05-24
해상,Busan,아프리카,Dar,2026,02,2500.0,3450.0,USD,,,,,2026-05-24
해상,Busan,아프리카,Dar,2026,01,3000.0,4500.0,USD,,,,,2026-05-24
해상,Busan,아프리카,Dar,2025,12,3400.0,4500.0,USD,,,,,2026-05-24
해상,Busan,아프리카,Dar,2025,11,3400.0,5000.0,USD,,,,,2026-05-24
해상,Busan,아프리카,Dar,2025,10,3100.0,4500.0,USD,,,,,2026-05-24
해상,Busan,아프리카,Dar,2025,09,3300.0,4800.0,USD,,,,,2026-05-24
해상,Busan,아프리카,Dar,2025,08,3150.0,4800.0,USD,,,,,2026-05-24
해상,Busan,아프리카,Dar,2025,07,3400.0,5200.0,USD,,,,,2026-05-24
해상,Busan,아프리카,Dar,2025,06,2500.0,3600.0,USD,,,,,2026-05-24
해상,Busan,아프리카,Dar,2025,05,2200.0,2700.0,USD,,,,,2026-05-24
해상,Busan,아프리카,Dar,2025,04,2100.0,2600.0,USD,,,,,2026-05-24
해상,Busan,아프리카,Dar,2025,03,2450.0,3200.0,USD,,,,,2026-05-24
해상,Busan,아프리카,Dar,2025,01,2500.0,3450.0,USD,,,,,2026-05-24
해상,Busan,아프리카,Dar,2024,12,3500.0,4400.0,USD,,,,,2026-05-24
해상,Busan,아프리카,Dar,2024,11,3500.0,4400.0,USD,,,,,2026-05-24
해상,Busan,아프리카,Dar,2024,10,3750.0,4950.0,USD,,,,,2026-05-24
해상,Busan,아프리카,Dar,2024,09,3400.0,4900.0,USD,,,,,2026-05-24
해상,Busan,아프리카,Dar,2024,08,4000.0,5300.0,USD,,,,,2026-05-24
해상,Busan,아프리카,Dar,2024,07,4600.0,5800.0,USD,,,,,2026-05-24
해상,Busan,아프리카,Dar,2024,06,5200.0,6100.0,USD,,,,,2026-05-24
해상,Busan,아프리카,Dar,2024,05,3450.0,5500.0,USD,,,,,2026-05-24
해상,Busan,아프리카,Dar,2024,04,1900.0,2700.0,USD,,,,,2026-05-24
해상,Busan,아프리카,Dar,2024,03,2650.0,3800.0,USD,,,,,2026-05-24
해상,Busan,아프리카,Dar,2024,02,1950.0,2200.0,USD,,,,,2026-05-24
해상,Busan,아프리카,Dar,2024,01,3100.0,5100.0,USD,,,,,2026-05-24
해상,Busan,아프리카,Dar,2023,12,2000.0,2900.0,USD,,,,,2026-05-24
해상,Busan,아프리카,Dar,2023,08,1750.0,2400.0,USD,,,,,2026-05-24
해상,Busan,아프리카,Dar,2023,07,1500.0,1950.0,USD,,,,,2026-05-24
해상,Busan,아프리카,Dar,2023,06,1200.0,1600.0,USD,,,,,2026-05-24
해상,Busan,아프리카,Dar,2023,05,1700.0,2150.0,USD,,,,,2026-05-24
해상,Busan,아프리카,Dar,2023,04,1700.0,2150.0,USD,,,,,2026-05-24
해상,Busan,아프리카,Dar,2023,03,1700.0,2200.0,USD,,,,,2026-05-24
해상,Busan,아프리카,Dar,2023,02,2000.0,2800.0,USD,,,,,2026-05-24
해상,Busan,아프리카,Dar,2023,01,2500.0,3900.0,USD,,,,,2026-05-24
해상,Busan,아프리카,Dar,2022,12,2200.0,3900.0,USD,,,,,2026-05-24
해상,Busan,아프리카,Dar,2022,11,3200.0,4700.0,USD,,,,,2026-05-24
해상,Busan,아프리카,Dar,2022,10,3400.0,4900.0,USD,,,,,2026-05-24
해상,Busan,아프리카,Dar,2022,09,3400.0,4900.0,USD,,,,,2026-05-24
해상,Busan,아프리카,Dar,2022,08,3400.0,3850.0,USD,,,,,2026-05-24
해상,Busan,아프리카,Dar,2022,07,3400.0,7100.0,USD,,,,,2026-05-24
해상,Busan,아프리카,Dar,2022,06,3400.0,7100.0,USD,,,,,2026-05-24
해상,Busan,아프리카,Dar,2022,05,3400.0,7100.0,USD,,,,,2026-05-24
해상,Busan,아프리카,Dar,2022,04,3600.0,7100.0,USD,,,,,2026-05-24
해상,Busan,아프리카,Dar,2022,03,3750.0,7040.0,USD,,,,,2026-05-24
해상,Busan,아프리카,Dar,2022,02,4000.0,7000.0,USD,,,,,2026-05-24
해상,Busan,아프리카,Dar,2022,01,4000.0,7000.0,USD,,,,,2026-05-24
해상,Busan,아프리카,Dar,2021,12,3650.0,6850.0,USD,,,,,2026-05-24
해상,Busan,아프리카,Dar,2021,11,3650.0,6850.0,USD,,,,,2026-05-24
해상,Busan,아프리카,Dar,2021,10,3725.0,6850.0,USD,,,,,2026-05-24
해상,Busan,아프리카,Dar,2021,09,4100.0,6850.0,USD,,,,,2026-05-24
해상,Busan,아프리카,Dar,2021,08,4100.0,7000.0,USD,,,,,2026-05-24
해상,Busan,아프리카,Dar,2021,07,3550.0,7000.0,USD,,,,,2026-05-24
해상,Busan,아프리카,Dar,2021,06,2950.0,5500.0,USD,,,,,2026-05-24
해상,Busan,아프리카,Dar,2021,05,2350.0,4800.0,USD,,,,,2026-05-24
해상,Busan,아프리카,Dar,2021,04,2600.0,5000.0,USD,,,,,2026-05-24
해상,Busan,아프리카,Dar,2021,03,3450.0,6500.0,USD,,,,,2026-05-24
해상,Busan,아프리카,Dar,2021,02,3200.0,5950.0,USD,,,,,2026-05-24
해상,Busan,아프리카,Dar,2021,01,3150.0,5950.0,USD,,,,,2026-05-24
해상,Busan,아프리카,Dar,2020,12,2400.0,4500.0,USD,,,,,2026-05-24
해상,Busan,아프리카,Dar,2020,11,2000.0,3650.0,USD,,,,,2026-05-24
해상,Busan,아프리카,Dar,2020,10,1300.0,2200.0,USD,,,,,2026-05-24
해상,Busan,아프리카,Dar,2020,09,1350.0,2116.0,USD,,,,,2026-05-24
해상,Busan,아프리카,Dar,2020,08,1250.0,1850.0,USD,,,,,2026-05-24
해상,Busan,아프리카,Dar,2020,07,1250.0,1800.0,USD,,,,,2026-05-24
해상,Busan,아프리카,Dar,2020,06,1250.0,1850.0,USD,,,,,2026-05-24
해상,Busan,아프리카,Dar,2020,05,1600.0,2100.0,USD,,,,,2026-05-24
해상,Busan,아프리카,Dar,2020,04,1125.0,1650.0,USD,,,,,2026-05-24
해상,Busan,아프리카,Dar,2020,03,1400.0,1800.0,USD,,,,,2026-05-24
해상,Busan,아프리카,Dar,2020,02,1400.0,1800.0,USD,,,,,2026-05-24
해상,Busan,아프리카,Dar,2020,01,1550.0,2300.0,USD,,,,,2026-05-24
해상,Busan,아프리카,Dar,2019,12,1250.0,1950.0,USD,,,,,2026-05-24
해상,Busan,아프리카,Dar,2019,11,1200.0,1900.0,USD,,,,,2026-05-24
해상,Busan,아프리카,Dar,2019,10,1050.0,1600.0,USD,,,,,2026-05-24
해상,Busan,아프리카,Dar,2019,09,1100.0,1700.0,USD,,,,,2026-05-24
해상,Busan,아프리카,Dar,2019,08,1100.0,1700.0,USD,,,,,2026-05-24
해상,Busan,아프리카,Dar,2019,07,1100.0,1700.0,USD,,,,,2026-05-24
해상,Busan,아프리카,Dar,2019,06,1000.0,1700.0,USD,,,,,2026-05-24
해상,Busan,아프리카,Dar,2019,05,1300.0,1950.0,USD,,,,,2026-05-24
해상,Busan,아프리카,Dar,2019,04,1250.0,1850.0,USD,,,,,2026-05-24
해상,Busan,아프리카,Dar,2019,03,1250.0,1850.0,USD,,,,,2026-05-24
해상,Busan,아프리카,Dar,2019,02,1200.0,1920.0,USD,,,,,2026-05-24
해상,Busan,아프리카,Dar,2019,01,1200.0,1920.0,USD,,,,,2026-05-24
해상,Busan,아프리카,Dar,2018,12,1200.0,1920.0,USD,,,,,2026-05-24
해상,Busan,아프리카,Dar,2018,11,1200.0,1920.0,USD,,,,,2026-05-24
해상,Busan,아프리카,Dar,2018,10,1200.0,1750.0,USD,,,,,2026-05-24
해상,Busan,아프리카,Dar,2018,09,1200.0,1750.0,USD,,,,,2026-05-24
해상,Busan,아프리카,Dar,2018,08,1200.0,2300.0,USD,,,,,2026-05-24
해상,Busan,아프리카,Dar,2018,07,1300.0,2300.0,USD,,,,,2026-05-24
해상,Busan,아프리카,Dar,2018,06,1300.0,2300.0,USD,,,,,2026-05-24
해상,Busan,아프리카,Dar,2018,05,1100.0,2000.0,USD,,,,,2026-05-24
해상,Busan,아프리카,Dar,2018,04,1100.0,2000.0,USD,,,,,2026-05-24
해상,Busan,아프리카,Dar,2018,03,1050.0,1750.0,USD,,,,,2026-05-24
해상,Busan,아프리카,Dar,2018,02,1050.0,1750.0,USD,,,,,2026-05-24
해상,Busan,아프리카,Dar,2018,01,1050.0,1750.0,USD,,,,,2026-05-24
해상,Busan,아프리카,Dar,2017,12,1150.0,1750.0,USD,,,,,2026-05-24
해상,Busan,아프리카,Dar,2017,11,1500.0,2500.0,USD,,,,,2026-05-24
해상,Busan,아프리카,Dar,2017,10,1500.0,2500.0,USD,,,,,2026-05-24
해상,Busan,아프리카,Alexandria,2026,05,3200.0,4300.0,USD,,,,,2026-05-24
해상,Busan,아프리카,Alexandria,2026,04,4750.0,6200.0,USD,,,,,2026-05-24
해상,Busan,아프리카,Alexandria,2026,03,2300.0,2700.0,USD,,,,,2026-05-24
해상,Busan,아프리카,Alexandria,2026,02,2980.0,4000.0,USD,,,,,2026-05-24
해상,Busan,아프리카,Alexandria,2026,01,2800.0,4800.0,USD,,,,,2026-05-24
해상,Busan,아프리카,Alexandria,2025,12,2700.0,3500.0,USD,,,,,2026-05-24
해상,Busan,아프리카,Alexandria,2025,11,2700.0,3800.0,USD,,,,,2026-05-24
해상,Busan,아프리카,Alexandria,2025,10,1200.0,2200.0,USD,,,,,2026-05-24
해상,Busan,아프리카,Alexandria,2025,09,2700.0,3300.0,USD,,,,,2026-05-24
해상,Busan,아프리카,Alexandria,2025,08,3000.0,4000.0,USD,,,,,2026-05-24
해상,Busan,아프리카,Alexandria,2025,07,4100.0,6100.0,USD,,,,,2026-05-24
해상,Busan,아프리카,Alexandria,2025,06,4100.0,5300.0,USD,,,,,2026-05-24
해상,Busan,아프리카,Alexandria,2025,05,2700.0,3700.0,USD,,,,,2026-05-24
해상,Busan,아프리카,Alexandria,2025,04,2800.0,3700.0,USD,,,,,2026-05-24
해상,Busan,아프리카,Alexandria,2025,03,3300.0,4800.0,USD,,,,,2026-05-24
해상,Busan,아프리카,Alexandria,2025,01,4500.0,6000.0,USD,,,,,2026-05-24
해상,Busan,아프리카,Alexandria,2024,12,4900.0,6800.0,USD,,,,,2026-05-24
해상,Busan,아프리카,Alexandria,2024,11,3950.0,5300.0,USD,,,,,2026-05-24
해상,Busan,아프리카,Alexandria,2024,10,3750.0,4300.0,USD,,,,,2026-05-24
해상,Busan,아프리카,Alexandria,2024,09,3500.0,5000.0,USD,,,,,2026-05-24
해상,Busan,아프리카,Alexandria,2024,08,5700.0,7600.0,USD,,,,,2026-05-24
해상,Busan,아프리카,Alexandria,2024,07,6000.0,8200.0,USD,,,,,2026-05-24
해상,Busan,아프리카,Alexandria,2024,06,5800.0,8800.0,USD,,,,,2026-05-24
해상,Busan,아프리카,Alexandria,2024,05,3000.0,3700.0,USD,,,,,2026-05-24
해상,Busan,아프리카,Alexandria,2024,04,3900.0,4700.0,USD,,,,,2026-05-24
해상,Busan,아프리카,Alexandria,2024,03,4150.0,4950.0,USD,,,,,2026-05-24
해상,Busan,아프리카,Alexandria,2024,02,2500.0,3600.0,USD,,,,,2026-05-24
해상,Busan,아프리카,Alexandria,2024,01,5450.0,7600.0,USD,,,,,2026-05-24
해상,Busan,아프리카,Alexandria,2023,12,2500.0,3600.0,USD,,,,,2026-05-24
해상,Busan,아프리카,Alexandria,2023,11,2150.0,2900.0,USD,,,,,2026-05-24
해상,Busan,아프리카,Alexandria,2023,10,1350.0,1650.0,USD,,,,,2026-05-24
해상,Busan,아프리카,Alexandria,2023,09,1450.0,1750.0,USD,,,,,2026-05-24
해상,Busan,아프리카,Alexandria,2023,08,2300.0,3200.0,USD,,,,,2026-05-24
해상,Busan,아프리카,Alexandria,2023,07,2150.0,3004.0,USD,,,,,2026-05-24
해상,Busan,아프리카,Alexandria,2023,06,2300.0,3200.0,USD,,,,,2026-05-24
해상,Busan,아프리카,Alexandria,2023,05,2200.0,3000.0,USD,,,,,2026-05-24
해상,Busan,아프리카,Alexandria,2023,04,2300.0,3100.0,USD,,,,,2026-05-24
해상,Busan,아프리카,Alexandria,2023,03,2250.0,2800.0,USD,,,,,2026-05-24
해상,Busan,아프리카,Alexandria,2023,02,2550.0,3400.0,USD,,,,,2026-05-24
해상,Busan,아프리카,Alexandria,2023,01,2850.0,3500.0,USD,,,,,2026-05-24
해상,Busan,아프리카,Alexandria,2022,12,3000.0,3500.0,USD,,,,,2026-05-24
해상,Busan,아프리카,Alexandria,2022,11,3200.0,4350.0,USD,,,,,2026-05-24
해상,Busan,아프리카,Alexandria,2022,10,4215.0,6900.0,USD,,,,,2026-05-24
해상,Busan,아프리카,Alexandria,2022,09,4215.0,6900.0,USD,,,,,2026-05-24
해상,Busan,아프리카,Alexandria,2022,08,6500.0,9800.0,USD,,,,,2026-05-24
해상,Busan,아프리카,Alexandria,2022,07,7700.0,12500.0,USD,,,,,2026-05-24
해상,Busan,아프리카,Alexandria,2022,06,7800.0,13200.0,USD,,,,,2026-05-24
해상,Busan,아프리카,Alexandria,2022,05,8500.0,13600.0,USD,,,,,2026-05-24
해상,Busan,아프리카,Alexandria,2022,04,8900.0,13600.0,USD,,,,,2026-05-24
해상,Busan,아프리카,Alexandria,2022,03,7800.0,13500.0,USD,,,,,2026-05-24
해상,Busan,아프리카,Alexandria,2022,02,8050.0,14500.0,USD,,,,,2026-05-24
해상,Busan,아프리카,Alexandria,2022,01,9200.0,14600.0,USD,,,,,2026-05-24
해상,Busan,아프리카,Alexandria,2021,12,8250.0,14600.0,USD,,,,,2026-05-24
해상,Busan,아프리카,Alexandria,2021,11,8250.0,14600.0,USD,,,,,2026-05-24
해상,Busan,아프리카,Alexandria,2021,10,8005.0,14850.0,USD,,,,,2026-05-24
해상,Busan,아프리카,Alexandria,2021,09,7960.0,14500.0,USD,,,,,2026-05-24
해상,Busan,아프리카,Alexandria,2021,08,8150.0,14500.0,USD,,,,,2026-05-24
해상,Busan,아프리카,Alexandria,2021,07,7850.0,14500.0,USD,,,,,2026-05-24
해상,Busan,아프리카,Alexandria,2021,06,7000.0,12900.0,USD,,,,,2026-05-24
해상,Busan,아프리카,Alexandria,2021,05,5650.0,11300.0,USD,,,,,2026-05-24
해상,Busan,아프리카,Alexandria,2021,04,4950.0,8650.0,USD,,,,,2026-05-24
해상,Busan,아프리카,Alexandria,2021,03,4950.0,8650.0,USD,,,,,2026-05-24
해상,Busan,아프리카,Alexandria,2021,02,4950.0,8550.0,USD,,,,,2026-05-24
해상,Busan,아프리카,Alexandria,2021,01,4750.0,8450.0,USD,,,,,2026-05-24
해상,Busan,아프리카,Alexandria,2020,12,2400.0,5500.0,USD,,,,,2026-05-24
해상,Busan,아프리카,Alexandria,2020,11,2100.0,3600.0,USD,,,,,2026-05-24
해상,Busan,아프리카,Alexandria,2020,10,1900.0,3350.0,USD,,,,,2026-05-24
해상,Busan,아프리카,Alexandria,2020,09,1716.0,2933.0,USD,,,,,2026-05-24
해상,Busan,아프리카,Alexandria,2020,08,1500.0,2500.0,USD,,,,,2026-05-24
해상,Busan,아프리카,Alexandria,2020,07,1300.0,2200.0,USD,,,,,2026-05-24
해상,Busan,아프리카,Alexandria,2020,06,1500.0,2500.0,USD,,,,,2026-05-24
해상,Busan,아프리카,Alexandria,2020,05,1150.0,2000.0,USD,,,,,2026-05-24
해상,Busan,아프리카,Alexandria,2020,04,1600.0,2300.0,USD,,,,,2026-05-24
해상,Busan,아프리카,Alexandria,2020,03,1780.0,3150.0,USD,,,,,2026-05-24
해상,Busan,아프리카,Alexandria,2020,02,1620.0,2840.0,USD,,,,,2026-05-24
해상,Busan,아프리카,Alexandria,2020,01,1450.0,2750.0,USD,,,,,2026-05-24
해상,Busan,아프리카,Alexandria,2019,12,1300.0,2000.0,USD,,,,,2026-05-24
해상,Busan,아프리카,Alexandria,2019,11,1250.0,1950.0,USD,,,,,2026-05-24
해상,Busan,아프리카,Alexandria,2019,10,1255.0,1900.0,USD,,,,,2026-05-24
해상,Busan,아프리카,Alexandria,2019,09,2100.0,3000.0,USD,,,,,2026-05-24
해상,Busan,아프리카,Alexandria,2019,08,2100.0,3000.0,USD,,,,,2026-05-24
해상,Busan,아프리카,Alexandria,2019,07,1400.0,2200.0,USD,,,,,2026-05-24
해상,Busan,아프리카,Alexandria,2019,06,1400.0,2100.0,USD,,,,,2026-05-24
해상,Busan,아프리카,Alexandria,2019,05,1400.0,2100.0,USD,,,,,2026-05-24
해상,Busan,아프리카,Alexandria,2019,04,1400.0,2100.0,USD,,,,,2026-05-24
해상,Busan,아프리카,Alexandria,2019,03,1400.0,2100.0,USD,,,,,2026-05-24
해상,Busan,아프리카,Alexandria,2019,02,1500.0,2200.0,USD,,,,,2026-05-24
해상,Busan,아프리카,Alexandria,2019,01,1500.0,2200.0,USD,,,,,2026-05-24
해상,Busan,아프리카,Alexandria,2018,12,1500.0,2200.0,USD,,,,,2026-05-24
해상,Busan,아프리카,Alexandria,2018,11,1500.0,2200.0,USD,,,,,2026-05-24
해상,Busan,아프리카,Alexandria,2018,10,1500.0,2550.0,USD,,,,,2026-05-24
해상,Busan,아프리카,Alexandria,2018,09,1700.0,2550.0,USD,,,,,2026-05-24
해상,Busan,아프리카,Alexandria,2018,08,1800.0,2800.0,USD,,,,,2026-05-24
해상,Busan,아프리카,Alexandria,2018,07,1600.0,2800.0,USD,,,,,2026-05-24
해상,Busan,아프리카,Alexandria,2018,06,1600.0,2800.0,USD,,,,,2026-05-24
해상,Busan,아프리카,Alexandria,2018,05,1200.0,1600.0,USD,,,,,2026-05-24
해상,Busan,아프리카,Alexandria,2018,04,1200.0,1600.0,USD,,,,,2026-05-24
해상,Busan,아프리카,Alexandria,2018,03,1250.0,1800.0,USD,,,,,2026-05-24
해상,Busan,아프리카,Alexandria,2018,02,1250.0,1800.0,USD,,,,,2026-05-24
해상,Busan,아프리카,Alexandria,2018,01,1250.0,1800.0,USD,,,,,2026-05-24
해상,Busan,아프리카,Casablanca,2026,05,3500.0,4900.0,USD,,,,,2026-05-24
해상,Busan,아프리카,Casablanca,2026,04,4750.0,6200.0,USD,,,,,2026-05-24
해상,Busan,아프리카,Casablanca,2026,03,3600.0,4500.0,USD,,,,,2026-05-24
해상,Busan,아프리카,Casablanca,2026,02,3450.0,4300.0,USD,,,,,2026-05-24
해상,Busan,아프리카,Casablanca,2026,01,4450.0,5800.0,USD,,,,,2026-05-24
해상,Busan,아프리카,Casablanca,2025,12,3400.0,4800.0,USD,,,,,2026-05-24
해상,Busan,아프리카,Casablanca,2025,11,3600.0,4800.0,USD,,,,,2026-05-24
해상,Busan,아프리카,Casablanca,2025,10,1300.0,2500.0,USD,,,,,2026-05-24
해상,Busan,아프리카,Casablanca,2025,09,3300.0,3600.0,USD,,,,,2026-05-24
해상,Busan,아프리카,Casablanca,2025,08,3600.0,4550.0,USD,,,,,2026-05-24
해상,Busan,아프리카,Casablanca,2025,07,4500.0,5800.0,USD,,,,,2026-05-24
해상,Busan,아프리카,Casablanca,2025,06,4500.0,6500.0,USD,,,,,2026-05-24
해상,Busan,아프리카,Casablanca,2025,05,3400.0,4100.0,USD,,,,,2026-05-24
해상,Busan,아프리카,Casablanca,2025,04,3300.0,4100.0,USD,,,,,2026-05-24
해상,Busan,아프리카,Casablanca,2025,03,3500.0,4600.0,USD,,,,,2026-05-24
해상,Busan,아프리카,Casablanca,2025,01,5500.0,6300.0,USD,,,,,2026-05-24
해상,Busan,아프리카,Casablanca,2024,12,5200.0,6800.0,USD,,,,,2026-05-24
해상,Busan,아프리카,Casablanca,2024,11,3900.0,5800.0,USD,,,,,2026-05-24
해상,Busan,아프리카,Casablanca,2024,10,3050.0,4300.0,USD,,,,,2026-05-24
해상,Busan,아프리카,Casablanca,2024,09,4000.0,5700.0,USD,,,,,2026-05-24
해상,Busan,아프리카,Casablanca,2024,08,6100.0,7700.0,USD,,,,,2026-05-24
해상,Busan,아프리카,Casablanca,2024,07,6500.0,9100.0,USD,,,,,2026-05-24
해상,Busan,아프리카,Casablanca,2024,06,6700.0,9780.0,USD,,,,,2026-05-24
해상,Busan,아프리카,Casablanca,2024,05,5800.0,8050.0,USD,,,,,2026-05-24
해상,Busan,아프리카,Casablanca,2024,04,5000.0,5700.0,USD,,,,,2026-05-24
해상,Busan,아프리카,Casablanca,2024,03,4800.0,5150.0,USD,,,,,2026-05-24
해상,Busan,아프리카,Casablanca,2024,02,2900.0,3800.0,USD,,,,,2026-05-24
해상,Busan,아프리카,Casablanca,2024,01,8500.0,9600.0,USD,,,,,2026-05-24
해상,Busan,아프리카,Casablanca,2023,12,2900.0,3800.0,USD,,,,,2026-05-24
해상,Busan,아프리카,Casablanca,2023,11,2500.0,3200.0,USD,,,,,2026-05-24
해상,Busan,아프리카,Casablanca,2023,10,2000.0,2600.0,USD,,,,,2026-05-24
해상,Busan,아프리카,Casablanca,2023,09,2250.0,2800.0,USD,,,,,2026-05-24
해상,Busan,아프리카,Casablanca,2023,08,2800.0,3400.0,USD,,,,,2026-05-24
해상,Busan,아프리카,Casablanca,2023,07,2650.0,3350.0,USD,,,,,2026-05-24
해상,Busan,아프리카,Casablanca,2023,06,2700.0,3400.0,USD,,,,,2026-05-24
해상,Busan,아프리카,Casablanca,2023,05,2650.0,3600.0,USD,,,,,2026-05-24
해상,Busan,아프리카,Casablanca,2023,04,2950.0,3700.0,USD,,,,,2026-05-24
해상,Busan,아프리카,Casablanca,2023,03,2600.0,4100.0,USD,,,,,2026-05-24
해상,Busan,아프리카,Casablanca,2023,02,3000.0,4800.0,USD,,,,,2026-05-24
해상,Busan,아프리카,Casablanca,2023,01,3450.0,5150.0,USD,,,,,2026-05-24
해상,Busan,아프리카,Casablanca,2022,12,3600.0,5800.0,USD,,,,,2026-05-24
해상,Busan,아프리카,Casablanca,2022,11,3500.0,5750.0,USD,,,,,2026-05-24
해상,Busan,아프리카,Casablanca,2022,10,5650.0,9900.0,USD,,,,,2026-05-24
해상,Busan,아프리카,Casablanca,2022,09,5650.0,9900.0,USD,,,,,2026-05-24
해상,Busan,아프리카,Casablanca,2022,08,7200.0,8800.0,USD,,,,,2026-05-24
해상,Busan,아프리카,Casablanca,2022,07,7700.0,15200.0,USD,,,,,2026-05-24
해상,Busan,아프리카,Casablanca,2022,06,8350.0,15000.0,USD,,,,,2026-05-24
해상,Busan,아프리카,Casablanca,2022,05,9100.0,15000.0,USD,,,,,2026-05-24
해상,Busan,아프리카,Casablanca,2022,04,7950.0,15200.0,USD,,,,,2026-05-24
해상,Busan,아프리카,Casablanca,2022,03,7790.0,14970.0,USD,,,,,2026-05-24
해상,Busan,아프리카,Casablanca,2022,02,7650.0,14900.0,USD,,,,,2026-05-24
해상,Busan,아프리카,Casablanca,2022,01,9900.0,15000.0,USD,,,,,2026-05-24
해상,Busan,아프리카,Casablanca,2021,12,7650.0,14700.0,USD,,,,,2026-05-24
해상,Busan,아프리카,Casablanca,2021,11,7650.0,14700.0,USD,,,,,2026-05-24
해상,Busan,아프리카,Casablanca,2021,10,7650.0,14900.0,USD,,,,,2026-05-24
해상,Busan,아프리카,Casablanca,2021,09,7600.0,14800.0,USD,,,,,2026-05-24
해상,Busan,아프리카,Casablanca,2021,08,7600.0,14800.0,USD,,,,,2026-05-24
해상,Busan,아프리카,Casablanca,2021,07,7600.0,14800.0,USD,,,,,2026-05-24
해상,Busan,아프리카,Casablanca,2021,06,7800.0,15000.0,USD,,,,,2026-05-24
해상,Busan,아프리카,Casablanca,2021,05,5560.0,11300.0,USD,,,,,2026-05-24
해상,Busan,아프리카,Casablanca,2021,04,5000.0,9500.0,USD,,,,,2026-05-24
해상,Busan,아프리카,Casablanca,2021,03,5000.0,9500.0,USD,,,,,2026-05-24
해상,Busan,아프리카,Casablanca,2021,02,5000.0,9500.0,USD,,,,,2026-05-24
해상,Busan,아프리카,Casablanca,2021,01,5000.0,12000.0,USD,,,,,2026-05-24
해상,Busan,아프리카,Casablanca,2020,12,2500.0,6000.0,USD,,,,,2026-05-24
해상,Busan,아프리카,Casablanca,2020,11,2050.0,3800.0,USD,,,,,2026-05-24
해상,Busan,아프리카,Casablanca,2020,10,1925.0,3550.0,USD,,,,,2026-05-24
해상,Busan,아프리카,Casablanca,2020,09,1900.0,3533.0,USD,,,,,2026-05-24
해상,Busan,아프리카,Casablanca,2020,08,1700.0,3100.0,USD,,,,,2026-05-24
해상,Busan,아프리카,Casablanca,2020,07,1500.0,2750.0,USD,,,,,2026-05-24
해상,Busan,아프리카,Casablanca,2020,06,1700.0,3100.0,USD,,,,,2026-05-24
해상,Busan,아프리카,Casablanca,2020,05,1500.0,2700.0,USD,,,,,2026-05-24
해상,Busan,아프리카,Casablanca,2020,04,1800.0,2950.0,USD,,,,,2026-05-24
해상,Busan,아프리카,Casablanca,2020,03,1850.0,3300.0,USD,,,,,2026-05-24
해상,Busan,아프리카,Casablanca,2020,02,1820.0,3040.0,USD,,,,,2026-05-24
해상,Busan,아프리카,Casablanca,2020,01,1800.0,3000.0,USD,,,,,2026-05-24
해상,Busan,아프리카,Casablanca,2019,12,1400.0,2400.0,USD,,,,,2026-05-24
해상,Busan,아프리카,Casablanca,2019,11,1300.0,2300.0,USD,,,,,2026-05-24
해상,Busan,아프리카,Casablanca,2019,10,1300.0,2300.0,USD,,,,,2026-05-24
해상,Busan,아프리카,Casablanca,2019,09,2000.0,3600.0,USD,,,,,2026-05-24
해상,Busan,아프리카,Casablanca,2019,08,2000.0,3600.0,USD,,,,,2026-05-24
해상,Busan,아프리카,Casablanca,2019,07,1600.0,2700.0,USD,,,,,2026-05-24
해상,Busan,아프리카,Casablanca,2019,06,1200.0,2400.0,USD,,,,,2026-05-24
해상,Busan,아프리카,Casablanca,2019,05,1200.0,2400.0,USD,,,,,2026-05-24
해상,Busan,아프리카,Casablanca,2019,04,1200.0,2400.0,USD,,,,,2026-05-24
해상,Busan,아프리카,Casablanca,2019,03,1200.0,2500.0,USD,,,,,2026-05-24
해상,Busan,아프리카,Casablanca,2019,02,1500.0,2700.0,USD,,,,,2026-05-24
해상,Busan,아프리카,Casablanca,2019,01,1500.0,2700.0,USD,,,,,2026-05-24
해상,Busan,아프리카,Casablanca,2018,12,1500.0,2700.0,USD,,,,,2026-05-24
해상,Busan,아프리카,Casablanca,2018,11,1500.0,2700.0,USD,,,,,2026-05-24
해상,Busan,아프리카,Casablanca,2018,10,1400.0,3300.0,USD,,,,,2026-05-24
해상,Busan,아프리카,Casablanca,2018,09,1750.0,3300.0,USD,,,,,2026-05-24
해상,Busan,아프리카,Casablanca,2018,08,1750.0,3200.0,USD,,,,,2026-05-24
해상,Busan,아프리카,Casablanca,2018,07,2000.0,3600.0,USD,,,,,2026-05-24
해상,Busan,아프리카,Casablanca,2018,06,2000.0,3600.0,USD,,,,,2026-05-24
해상,Busan,아프리카,Casablanca,2018,05,1300.0,2300.0,USD,,,,,2026-05-24
해상,Busan,아프리카,Casablanca,2018,04,1300.0,2300.0,USD,,,,,2026-05-24
해상,Busan,아프리카,Casablanca,2018,03,1500.0,2700.0,USD,,,,,2026-05-24
해상,Busan,아프리카,Casablanca,2018,02,1350.0,2100.0,USD,,,,,2026-05-24
해상,Busan,아프리카,Casablanca,2018,01,1350.0,2100.0,USD,,,,,2026-05-24
해상,Busan,아프리카,Tripoli,2026,05,5000.0,6100.0,USD,,,,,2026-05-24
해상,Busan,아프리카,Tripoli,2026,04,5300.0,7300.0,USD,,,,,2026-05-24
해상,Busan,아프리카,Tripoli,2026,03,4600.0,5800.0,USD,,,,,2026-05-24
해상,Busan,아프리카,Tripoli,2026,02,4700.0,5900.0,USD,,,,,2026-05-24
해상,Busan,아프리카,Tripoli,2026,01,6000.0,9000.0,USD,,,,,2026-05-24
해상,Busan,아프리카,Tripoli,2025,12,5000.0,7000.0,USD,,,,,2026-05-24
해상,Busan,아프리카,Tripoli,2025,11,4400.0,6100.0,USD,,,,,2026-05-24
해상,Busan,아프리카,Tripoli,2025,10,1300.0,2500.0,USD,,,,,2026-05-24
해상,Busan,아프리카,Tripoli,2025,09,4000.0,5100.0,USD,,,,,2026-05-24
해상,Busan,아프리카,Tripoli,2025,08,4000.0,5400.0,USD,,,,,2026-05-24
해상,Busan,아프리카,Tripoli,2025,07,4700.0,6800.0,USD,,,,,2026-05-24
해상,Busan,아프리카,Tripoli,2025,06,5500.0,7300.0,USD,,,,,2026-05-24
해상,Busan,아프리카,Tripoli,2025,05,4100.0,4800.0,USD,,,,,2026-05-24
해상,Busan,아프리카,Tripoli,2025,04,4100.0,5200.0,USD,,,,,2026-05-24
해상,Busan,아프리카,Tripoli,2025,03,4800.0,6700.0,USD,,,,,2026-05-24
해상,Busan,아프리카,Tripoli,2025,01,4900.0,7000.0,USD,,,,,2026-05-24
해상,Busan,아프리카,Tripoli,2024,12,5800.0,7900.0,USD,,,,,2026-05-24
해상,Busan,아프리카,Tripoli,2024,11,5500.0,7500.0,USD,,,,,2026-05-24
해상,Busan,아프리카,Tripoli,2024,10,4300.0,5950.0,USD,,,,,2026-05-24
해상,Busan,아프리카,Tripoli,2024,09,5300.0,6500.0,USD,,,,,2026-05-24
해상,Busan,아프리카,Tripoli,2024,08,6150.0,8400.0,USD,,,,,2026-05-24
해상,Busan,아프리카,Tripoli,2024,07,6400.0,9700.0,USD,,,,,2026-05-24
해상,Busan,아프리카,Tripoli,2024,06,6500.0,9800.0,USD,,,,,2026-05-24
해상,Busan,아프리카,Tripoli,2024,05,5800.0,8200.0,USD,,,,,2026-05-24
해상,Busan,아프리카,Tripoli,2024,04,4300.0,5700.0,USD,,,,,2026-05-24
해상,Busan,아프리카,Tripoli,2024,03,4100.0,5550.0,USD,,,,,2026-05-24
해상,Busan,아프리카,Tripoli,2024,02,2700.0,3500.0,USD,,,,,2026-05-24
해상,Busan,아프리카,Tripoli,2024,01,6600.0,8700.0,USD,,,,,2026-05-24
해상,Busan,아프리카,Tripoli,2023,12,2700.0,3650.0,USD,,,,,2026-05-24
해상,Busan,아프리카,Tripoli,2023,11,2700.0,3600.0,USD,,,,,2026-05-24
해상,Busan,아프리카,Tripoli,2023,10,2400.0,3300.0,USD,,,,,2026-05-24
해상,Busan,아프리카,Tripoli,2023,09,2350.0,3300.0,USD,,,,,2026-05-24
해상,Busan,아프리카,Tripoli,2023,08,3100.0,4200.0,USD,,,,,2026-05-24
해상,Busan,아프리카,Tripoli,2023,07,3100.0,4200.0,USD,,,,,2026-05-24
해상,Busan,아프리카,Tripoli,2023,06,3100.0,4200.0,USD,,,,,2026-05-24
해상,Busan,아프리카,Tripoli,2023,05,3100.0,4400.0,USD,,,,,2026-05-24
해상,Busan,아프리카,Tripoli,2023,04,2400.0,3300.0,USD,,,,,2026-05-24
해상,Busan,아프리카,Tripoli,2023,03,2850.0,4300.0,USD,,,,,2026-05-24
해상,Busan,아프리카,Tripoli,2023,02,3000.0,4900.0,USD,,,,,2026-05-24
해상,Busan,아프리카,Tripoli,2023,01,2750.0,3700.0,USD,,,,,2026-05-24
해상,Busan,아프리카,Tripoli,2022,12,3400.0,5600.0,USD,,,,,2026-05-24
해상,Busan,아프리카,Tripoli,2022,11,3200.0,4550.0,USD,,,,,2026-05-24
해상,Busan,아프리카,Tripoli,2022,10,5700.0,10300.0,USD,,,,,2026-05-24
해상,Busan,아프리카,Tripoli,2022,09,5700.0,10300.0,USD,,,,,2026-05-24
해상,Busan,아프리카,Tripoli,2022,08,7500.0,7900.0,USD,,,,,2026-05-24
해상,Busan,아프리카,Tripoli,2022,07,8000.0,15300.0,USD,,,,,2026-05-24
해상,Busan,아프리카,Tripoli,2022,06,7800.0,13200.0,USD,,,,,2026-05-24
해상,Busan,아프리카,Tripoli,2022,05,8100.0,13200.0,USD,,,,,2026-05-24
해상,Busan,아프리카,Tripoli,2022,04,8700.0,13200.0,USD,,,,,2026-05-24
해상,Busan,아프리카,Tripoli,2022,03,7740.0,14470.0,USD,,,,,2026-05-24
해상,Busan,아프리카,Tripoli,2022,02,7600.0,14200.0,USD,,,,,2026-05-24
해상,Busan,아프리카,Tripoli,2022,01,7600.0,14200.0,USD,,,,,2026-05-24
해상,Busan,아프리카,Tripoli,2021,12,7600.0,14200.0,USD,,,,,2026-05-24
해상,Busan,아프리카,Tripoli,2021,11,7600.0,14200.0,USD,,,,,2026-05-24
해상,Busan,아프리카,Tripoli,2021,10,7600.0,17200.0,USD,,,,,2026-05-24
해상,Busan,아프리카,Tripoli,2021,09,7600.0,14200.0,USD,,,,,2026-05-24
해상,Busan,아프리카,Tripoli,2021,08,7600.0,14200.0,USD,,,,,2026-05-24
해상,Busan,아프리카,Tripoli,2021,07,7600.0,14300.0,USD,,,,,2026-05-24
해상,Busan,아프리카,Tripoli,2021,06,6900.0,14500.0,USD,,,,,2026-05-24
해상,Busan,아프리카,Tripoli,2021,05,5560.0,11300.0,USD,,,,,2026-05-24
해상,Busan,아프리카,Tripoli,2021,04,4700.0,8550.0,USD,,,,,2026-05-24
해상,Busan,아프리카,Tripoli,2021,03,4700.0,8550.0,USD,,,,,2026-05-24
해상,Busan,아프리카,Tripoli,2021,02,4700.0,8550.0,USD,,,,,2026-05-24
해상,Busan,아프리카,Tripoli,2021,01,4700.0,8550.0,USD,,,,,2026-05-24
해상,Busan,아프리카,Tripoli,2020,12,3500.0,6500.0,USD,,,,,2026-05-24
해상,Busan,아프리카,Tripoli,2020,11,2000.0,3350.0,USD,,,,,2026-05-24
해상,Busan,아프리카,Tripoli,2020,10,2100.0,3625.0,USD,,,,,2026-05-24
해상,Busan,아프리카,Tripoli,2020,09,2166.0,3933.0,USD,,,,,2026-05-24
해상,Busan,아프리카,Tripoli,2020,08,2200.0,3900.0,USD,,,,,2026-05-24
해상,Busan,아프리카,Tripoli,2020,07,2000.0,3600.0,USD,,,,,2026-05-24
해상,Busan,아프리카,Tripoli,2020,06,2200.0,3800.0,USD,,,,,2026-05-24
해상,Busan,아프리카,Tripoli,2020,05,0.0,0.0,USD,,,,,2026-05-24
해상,Busan,아프리카,Tripoli,2020,04,0.0,0.0,USD,,,,,2026-05-24
해상,Busan,아프리카,Tripoli,2020,03,0.0,0.0,USD,,,,,2026-05-24
해상,Busan,아프리카,Tripoli,2020,02,0.0,0.0,USD,,,,,2026-05-24
해상,Busan,아프리카,Tripoli,2020,01,0.0,0.0,USD,,,,,2026-05-24
해상,Busan,아프리카,Tripoli,2019,12,0.0,0.0,USD,,,,,2026-05-24
해상,Busan,아프리카,Tripoli,2019,11,0.0,0.0,USD,,,,,2026-05-24
해상,Busan,아프리카,Tripoli,2019,10,0.0,0.0,USD,,,,,2026-05-24
해상,Busan,아프리카,Tripoli,2019,09,0.0,0.0,USD,,,,,2026-05-24
해상,Busan,아프리카,Tripoli,2019,08,0.0,0.0,USD,,,,,2026-05-24
해상,Busan,아프리카,Tripoli,2019,07,1800.0,3250.0,USD,,,,,2026-05-24
해상,Busan,아프리카,Tripoli,2019,06,1700.0,3150.0,USD,,,,,2026-05-24
해상,Busan,아프리카,Tripoli,2019,05,1700.0,3150.0,USD,,,,,2026-05-24
해상,Busan,아프리카,Tripoli,2019,04,1700.0,3150.0,USD,,,,,2026-05-24
해상,Busan,아프리카,Tripoli,2019,03,1700.0,3400.0,USD,,,,,2026-05-24
해상,Busan,아프리카,Tripoli,2019,02,2000.0,3200.0,USD,,,,,2026-05-24
해상,Busan,아프리카,Tripoli,2019,01,2000.0,3200.0,USD,,,,,2026-05-24
해상,Busan,아프리카,Tripoli,2018,12,2000.0,3200.0,USD,,,,,2026-05-24
해상,Busan,아프리카,Tripoli,2018,11,2000.0,3200.0,USD,,,,,2026-05-24
해상,Busan,아프리카,Tripoli,2018,10,2000.0,3600.0,USD,,,,,2026-05-24
해상,Busan,아프리카,Tripoli,2018,09,1900.0,3400.0,USD,,,,,2026-05-24
해상,Busan,아프리카,Tripoli,2018,08,2000.0,3750.0,USD,,,,,2026-05-24
해상,Busan,아프리카,Tripoli,2018,07,2150.0,3300.0,USD,,,,,2026-05-24
해상,Busan,아프리카,Tripoli,2018,06,2150.0,3300.0,USD,,,,,2026-05-24
해상,Busan,아프리카,Tripoli,2018,05,1400.0,2300.0,USD,,,,,2026-05-24
해상,Busan,아프리카,Tripoli,2018,04,1400.0,2300.0,USD,,,,,2026-05-24
해상,Busan,아프리카,Tripoli,2018,03,1500.0,2700.0,USD,,,,,2026-05-24
해상,Busan,아프리카,Tripoli,2018,02,1500.0,2700.0,USD,,,,,2026-05-24
해상,Busan,아프리카,Tripoli,2018,01,1500.0,2700.0,USD,,,,,2026-05-24
해상,Busan,아프리카,Tunis,2026,05,3600.0,5100.0,USD,,,,,2026-05-24
해상,Busan,아프리카,Tunis,2026,04,4900.0,6550.0,USD,,,,,2026-05-24
해상,Busan,아프리카,Tunis,2026,03,4400.0,5400.0,USD,,,,,2026-05-24
해상,Busan,아프리카,Tunis,2026,02,4700.0,6900.0,USD,,,,,2026-05-24
해상,Busan,아프리카,Tunis,2026,01,4900.0,6500.0,USD,,,,,2026-05-24
해상,Busan,아프리카,Tunis,2025,12,4150.0,5200.0,USD,,,,,2026-05-24
해상,Busan,아프리카,Tunis,2025,11,4000.0,5600.0,USD,,,,,2026-05-24
해상,Busan,아프리카,Tunis,2025,10,1300.0,2500.0,USD,,,,,2026-05-24
해상,Busan,아프리카,Tunis,2025,09,4100.0,5450.0,USD,,,,,2026-05-24
해상,Busan,아프리카,Tunis,2025,08,4200.0,5800.0,USD,,,,,2026-05-24
해상,Busan,아프리카,Tunis,2025,07,4800.0,7000.0,USD,,,,,2026-05-24
해상,Busan,아프리카,Tunis,2025,06,5100.0,7200.0,USD,,,,,2026-05-24
해상,Busan,아프리카,Tunis,2025,05,3900.0,4900.0,USD,,,,,2026-05-24
해상,Busan,아프리카,Tunis,2025,04,3900.0,4900.0,USD,,,,,2026-05-24
해상,Busan,아프리카,Tunis,2025,03,4550.0,6300.0,USD,,,,,2026-05-24
해상,Busan,아프리카,Tunis,2025,01,5000.0,7200.0,USD,,,,,2026-05-24
해상,Busan,아프리카,Tunis,2024,12,6500.0,8900.0,USD,,,,,2026-05-24
해상,Busan,아프리카,Tunis,2024,11,5600.0,7500.0,USD,,,,,2026-05-24
해상,Busan,아프리카,Tunis,2024,10,4300.0,6000.0,USD,,,,,2026-05-24
해상,Busan,아프리카,Tunis,2024,09,5300.0,6700.0,USD,,,,,2026-05-24
해상,Busan,아프리카,Tunis,2024,08,6700.0,8600.0,USD,,,,,2026-05-24
해상,Busan,아프리카,Tunis,2024,07,6800.0,10200.0,USD,,,,,2026-05-24
해상,Busan,아프리카,Tunis,2024,06,6950.0,10263.0,USD,,,,,2026-05-24
해상,Busan,아프리카,Tunis,2024,05,6250.0,8850.0,USD,,,,,2026-05-24
해상,Busan,아프리카,Tunis,2024,04,5200.0,6400.0,USD,,,,,2026-05-24
해상,Busan,아프리카,Tunis,2024,03,4550.0,6000.0,USD,,,,,2026-05-24
해상,Busan,아프리카,Tunis,2024,02,3200.0,4900.0,USD,,,,,2026-05-24
해상,Busan,아프리카,Tunis,2024,01,8600.0,9600.0,USD,,,,,2026-05-24
해상,Busan,아프리카,Tunis,2023,12,3200.0,4900.0,USD,,,,,2026-05-24
해상,Busan,아프리카,Tunis,2023,11,3100.0,4500.0,USD,,,,,2026-05-24
해상,Busan,아프리카,Tunis,2023,10,2700.0,4000.0,USD,,,,,2026-05-24
해상,Busan,아프리카,Tunis,2023,09,2850.0,3700.0,USD,,,,,2026-05-24
해상,Busan,아프리카,Tunis,2023,08,3150.0,4650.0,USD,,,,,2026-05-24
해상,Busan,아프리카,Tunis,2023,07,2950.0,4450.0,USD,,,,,2026-05-24
해상,Busan,아프리카,Tunis,2023,06,3000.0,4500.0,USD,,,,,2026-05-24
해상,Busan,아프리카,Tunis,2023,05,3000.0,4500.0,USD,,,,,2026-05-24
해상,Busan,아프리카,Tunis,2023,04,3250.0,4500.0,USD,,,,,2026-05-24
해상,Busan,아프리카,Tunis,2023,03,2750.0,4300.0,USD,,,,,2026-05-24
해상,Busan,아프리카,Tunis,2023,02,3050.0,5250.0,USD,,,,,2026-05-24
해상,Busan,아프리카,Tunis,2023,01,3700.0,6200.0,USD,,,,,2026-05-24
해상,Busan,아프리카,Tunis,2022,12,3700.0,6200.0,USD,,,,,2026-05-24
해상,Busan,아프리카,Tunis,2022,11,3700.0,6200.0,USD,,,,,2026-05-24
해상,Busan,아프리카,Tunis,2022,10,5800.0,10500.0,USD,,,,,2026-05-24
해상,Busan,아프리카,Tunis,2022,09,5800.0,10500.0,USD,,,,,2026-05-24
해상,Busan,아프리카,Tunis,2022,08,7500.0,9800.0,USD,,,,,2026-05-24
해상,Busan,아프리카,Tunis,2022,07,0.0,0.0,USD,,,,,2026-05-24
해상,Busan,아프리카,Tunis,2022,06,8300.0,15800.0,USD,,,,,2026-05-24
해상,Busan,아프리카,Tunis,2022,05,8500.0,16200.0,USD,,,,,2026-05-24
해상,Busan,아프리카,Tunis,2022,04,8500.0,16200.0,USD,,,,,2026-05-24
해상,Busan,아프리카,Tunis,2022,03,8340.0,15800.0,USD,,,,,2026-05-24
해상,Busan,아프리카,Tunis,2022,02,8200.0,15800.0,USD,,,,,2026-05-24
해상,Busan,아프리카,Tunis,2022,01,8200.0,15800.0,USD,,,,,2026-05-24
해상,Busan,아프리카,Tunis,2021,12,8200.0,15800.0,USD,,,,,2026-05-24
해상,Busan,아프리카,Tunis,2021,11,8200.0,15800.0,USD,,,,,2026-05-24
해상,Busan,아프리카,Tunis,2021,10,8200.0,16000.0,USD,,,,,2026-05-24
해상,Busan,아프리카,Tunis,2021,09,8300.0,15800.0,USD,,,,,2026-05-24
해상,Busan,아프리카,Tunis,2021,08,8300.0,15800.0,USD,,,,,2026-05-24
해상,Busan,아프리카,Tunis,2021,07,8300.0,16000.0,USD,,,,,2026-05-24
해상,Busan,아프리카,Tunis,2021,06,8100.0,16000.0,USD,,,,,2026-05-24
해상,Busan,아프리카,Tunis,2021,05,5850.0,11300.0,USD,,,,,2026-05-24
해상,Busan,아프리카,Tunis,2021,04,5600.0,10600.0,USD,,,,,2026-05-24
해상,Busan,아프리카,Tunis,2021,03,5600.0,10600.0,USD,,,,,2026-05-24
해상,Busan,아프리카,Tunis,2021,02,5650.0,10700.0,USD,,,,,2026-05-24
해상,Busan,아프리카,Tunis,2021,01,6150.0,14500.0,USD,,,,,2026-05-24
해상,Busan,아프리카,Tunis,2020,12,3700.0,7000.0,USD,,,,,2026-05-24
해상,Busan,아프리카,Tunis,2020,11,2700.0,5000.0,USD,,,,,2026-05-24
해상,Busan,아프리카,Tunis,2020,10,2500.0,4425.0,USD,,,,,2026-05-24
해상,Busan,아프리카,Tunis,2020,09,2300.0,4200.0,USD,,,,,2026-05-24
해상,Busan,아프리카,Tunis,2020,08,2300.0,4000.0,USD,,,,,2026-05-24
해상,Busan,아프리카,Tunis,2020,07,2200.0,4000.0,USD,,,,,2026-05-24
해상,Busan,아프리카,Tunis,2020,06,2300.0,4000.0,USD,,,,,2026-05-24
해상,Busan,아프리카,Tunis,2020,05,2100.0,3450.0,USD,,,,,2026-05-24
해상,Busan,아프리카,Tunis,2020,04,2200.0,3930.0,USD,,,,,2026-05-24
해상,Busan,아프리카,Tunis,2020,03,2400.0,4250.0,USD,,,,,2026-05-24
해상,Busan,아프리카,Tunis,2020,02,2400.0,4250.0,USD,,,,,2026-05-24
해상,Busan,아프리카,Tunis,2020,01,2400.0,4300.0,USD,,,,,2026-05-24
해상,Busan,아프리카,Tunis,2019,12,2000.0,3500.0,USD,,,,,2026-05-24
해상,Busan,아프리카,Tunis,2019,11,1900.0,3500.0,USD,,,,,2026-05-24
해상,Busan,아프리카,Tunis,2019,10,2100.0,3570.0,USD,,,,,2026-05-24
해상,Busan,아프리카,Tunis,2019,09,2500.0,4500.0,USD,,,,,2026-05-24
해상,Busan,아프리카,Tunis,2019,08,2500.0,4500.0,USD,,,,,2026-05-24
해상,Busan,아프리카,Tunis,2019,07,2100.0,3570.0,USD,,,,,2026-05-24
해상,Busan,아프리카,Tunis,2019,06,1950.0,3400.0,USD,,,,,2026-05-24
해상,Busan,아프리카,Tunis,2019,05,1950.0,3400.0,USD,,,,,2026-05-24
해상,Busan,아프리카,Tunis,2019,04,1950.0,3400.0,USD,,,,,2026-05-24
해상,Busan,아프리카,Tunis,2019,03,1950.0,3600.0,USD,,,,,2026-05-24
해상,Busan,아프리카,Tunis,2019,02,2000.0,3600.0,USD,,,,,2026-05-24
해상,Busan,아프리카,Tunis,2019,01,2000.0,3600.0,USD,,,,,2026-05-24
해상,Busan,아프리카,Tunis,2018,12,2000.0,3600.0,USD,,,,,2026-05-24
해상,Busan,아프리카,Tunis,2018,11,2000.0,3600.0,USD,,,,,2026-05-24
해상,Busan,아프리카,Tunis,2018,10,2000.0,3600.0,USD,,,,,2026-05-24
해상,Busan,아프리카,Tunis,2018,09,2400.0,4600.0,USD,,,,,2026-05-24
해상,Busan,아프리카,Tunis,2018,08,2300.0,4000.0,USD,,,,,2026-05-24
해상,Busan,아프리카,Tunis,2018,07,2400.0,4000.0,USD,,,,,2026-05-24
해상,Busan,아프리카,Tunis,2018,06,2400.0,4000.0,USD,,,,,2026-05-24
해상,Busan,아프리카,Tunis,2018,05,1400.0,2300.0,USD,,,,,2026-05-24
해상,Busan,아프리카,Tunis,2018,04,1400.0,2300.0,USD,,,,,2026-05-24
해상,Busan,아프리카,Tunis,2018,03,1550.0,2600.0,USD,,,,,2026-05-24
해상,Busan,아프리카,Tunis,2018,02,1550.0,2600.0,USD,,,,,2026-05-24
해상,Busan,아프리카,Tunis,2018,01,1550.0,2600.0,USD,,,,,2026-05-24
해상,Busan,아프리카,Cape Town,2026,05,3000.0,3900.0,USD,,,,,2026-05-24
해상,Busan,아프리카,Cape Town,2026,04,3050.0,4200.0,USD,,,,,2026-05-24
해상,Busan,아프리카,Cape Town,2026,03,2400.0,3200.0,USD,,,,,2026-05-24
해상,Busan,아프리카,Cape Town,2026,02,2600.0,3050.0,USD,,,,,2026-05-24
해상,Busan,아프리카,Cape Town,2026,01,2550.0,3000.0,USD,,,,,2026-05-24
해상,Busan,아프리카,Cape Town,2025,12,2800.0,3700.0,USD,,,,,2026-05-24
해상,Busan,아프리카,Cape Town,2025,11,3500.0,4300.0,USD,,,,,2026-05-24
해상,Busan,아프리카,Cape Town,2025,10,3100.0,3900.0,USD,,,,,2026-05-24
해상,Busan,아프리카,Cape Town,2025,09,3200.0,4400.0,USD,,,,,2026-05-24
해상,Busan,아프리카,Cape Town,2025,08,3200.0,4200.0,USD,,,,,2026-05-24
해상,Busan,아프리카,Cape Town,2025,07,3800.0,5500.0,USD,,,,,2026-05-24
해상,Busan,아프리카,Cape Town,2025,06,2300.0,3300.0,USD,,,,,2026-05-24
해상,Busan,아프리카,Cape Town,2025,05,2800.0,3400.0,USD,,,,,2026-05-24
해상,Busan,아프리카,Cape Town,2025,04,2900.0,3700.0,USD,,,,,2026-05-24
해상,Busan,아프리카,Cape Town,2025,03,3100.0,4300.0,USD,,,,,2026-05-24
해상,Busan,아프리카,Cape Town,2025,01,3600.0,4600.0,USD,,,,,2026-05-24
해상,Busan,아프리카,Cape Town,2024,12,4400.0,5900.0,USD,,,,,2026-05-24
해상,Busan,아프리카,Cape Town,2024,11,4400.0,5900.0,USD,,,,,2026-05-24
해상,Busan,아프리카,Cape Town,2024,10,4400.0,6500.0,USD,,,,,2026-05-24
해상,Busan,아프리카,Cape Town,2024,09,4400.0,6500.0,USD,,,,,2026-05-24
해상,Busan,아프리카,Cape Town,2024,08,6300.0,7500.0,USD,,,,,2026-05-24
해상,Busan,아프리카,Cape Town,2024,07,6400.0,8300.0,USD,,,,,2026-05-24
해상,Busan,아프리카,Cape Town,2024,06,6900.0,8400.0,USD,,,,,2026-05-24
해상,Busan,아프리카,Cape Town,2024,05,2100.0,3100.0,USD,,,,,2026-05-24
해상,Busan,아프리카,Cape Town,2024,04,2300.0,3200.0,USD,,,,,2026-05-24
해상,Busan,아프리카,Cape Town,2024,03,2100.0,2650.0,USD,,,,,2026-05-24
해상,Busan,아프리카,Cape Town,2024,02,2100.0,3400.0,USD,,,,,2026-05-24
해상,Busan,아프리카,Cape Town,2024,01,2300.0,3000.0,USD,,,,,2026-05-24
해상,Busan,아프리카,Cape Town,2023,12,2100.0,3400.0,USD,,,,,2026-05-24
해상,Busan,아프리카,Cape Town,2023,11,1700.0,1850.0,USD,,,,,2026-05-24
해상,Busan,아프리카,Cape Town,2023,10,1600.0,2050.0,USD,,,,,2026-05-24
해상,Busan,아프리카,Cape Town,2023,09,1300.0,1400.0,USD,,,,,2026-05-24
해상,Busan,아프리카,Cape Town,2023,08,1900.0,3000.0,USD,,,,,2026-05-24
해상,Busan,아프리카,Cape Town,2023,07,1450.0,1550.0,USD,,,,,2026-05-24
해상,Busan,아프리카,Cape Town,2023,06,1250.0,1450.0,USD,,,,,2026-05-24
해상,Busan,아프리카,Cape Town,2023,05,1500.0,1650.0,USD,,,,,2026-05-24
해상,Busan,아프리카,Cape Town,2023,04,1600.0,2250.0,USD,,,,,2026-05-24
해상,Busan,아프리카,Cape Town,2023,03,1850.0,2450.0,USD,,,,,2026-05-24
해상,Busan,아프리카,Cape Town,2023,02,2150.0,3000.0,USD,,,,,2026-05-24
해상,Busan,아프리카,Cape Town,2023,01,2850.0,3950.0,USD,,,,,2026-05-24
해상,Busan,아프리카,Cape Town,2022,12,3300.0,5400.0,USD,,,,,2026-05-24
해상,Busan,아프리카,Cape Town,2022,11,3500.0,5700.0,USD,,,,,2026-05-24
해상,Busan,아프리카,Cape Town,2022,10,4520.0,7800.0,USD,,,,,2026-05-24
해상,Busan,아프리카,Cape Town,2022,09,4520.0,7800.0,USD,,,,,2026-05-24
해상,Busan,아프리카,Cape Town,2022,08,4500.0,5200.0,USD,,,,,2026-05-24
해상,Busan,아프리카,Cape Town,2022,07,5000.0,11000.0,USD,,,,,2026-05-24
해상,Busan,아프리카,Cape Town,2022,06,5100.0,9750.0,USD,,,,,2026-05-24
해상,Busan,아프리카,Cape Town,2022,05,5100.0,9750.0,USD,,,,,2026-05-24
해상,Busan,아프리카,Cape Town,2022,04,5100.0,9750.0,USD,,,,,2026-05-24
해상,Busan,아프리카,Cape Town,2022,03,5530.0,10700.0,USD,,,,,2026-05-24
해상,Busan,아프리카,Cape Town,2022,02,6000.0,11500.0,USD,,,,,2026-05-24
해상,Busan,아프리카,Cape Town,2022,01,6000.0,11500.0,USD,,,,,2026-05-24
해상,Busan,아프리카,Cape Town,2021,12,5400.0,10600.0,USD,,,,,2026-05-24
해상,Busan,아프리카,Cape Town,2021,11,5400.0,10600.0,USD,,,,,2026-05-24
해상,Busan,아프리카,Cape Town,2021,10,5400.0,10500.0,USD,,,,,2026-05-24
해상,Busan,아프리카,Cape Town,2021,09,4800.0,8200.0,USD,,,,,2026-05-24
해상,Busan,아프리카,Cape Town,2021,08,4800.0,8200.0,USD,,,,,2026-05-24
해상,Busan,아프리카,Cape Town,2021,07,4500.0,8200.0,USD,,,,,2026-05-24
해상,Busan,아프리카,Cape Town,2021,06,4350.0,8000.0,USD,,,,,2026-05-24
해상,Busan,아프리카,Cape Town,2021,05,3000.0,5850.0,USD,,,,,2026-05-24
해상,Busan,아프리카,Cape Town,2021,04,2400.0,4550.0,USD,,,,,2026-05-24
해상,Busan,아프리카,Cape Town,2021,03,2350.0,4250.0,USD,,,,,2026-05-24
해상,Busan,아프리카,Cape Town,2021,02,2350.0,4250.0,USD,,,,,2026-05-24
해상,Busan,아프리카,Cape Town,2021,01,2350.0,4250.0,USD,,,,,2026-05-24
해상,Busan,아프리카,Cape Town,2020,12,2100.0,3850.0,USD,,,,,2026-05-24
해상,Busan,아프리카,Cape Town,2020,11,2100.0,3850.0,USD,,,,,2026-05-24
해상,Busan,아프리카,Cape Town,2020,10,1900.0,3475.0,USD,,,,,2026-05-24
해상,Busan,아프리카,Cape Town,2020,09,1833.0,3400.0,USD,,,,,2026-05-24
해상,Busan,아프리카,Cape Town,2020,08,750.0,1350.0,USD,,,,,2026-05-24
해상,Busan,아프리카,Cape Town,2020,07,700.0,1250.0,USD,,,,,2026-05-24
해상,Busan,아프리카,Cape Town,2020,06,750.0,1350.0,USD,,,,,2026-05-24
해상,Busan,아프리카,Cape Town,2020,05,750.0,1350.0,USD,,,,,2026-05-24
해상,Busan,아프리카,Cape Town,2020,04,1200.0,1950.0,USD,,,,,2026-05-24
해상,Busan,아프리카,Cape Town,2020,03,1200.0,1950.0,USD,,,,,2026-05-24
해상,Busan,아프리카,Cape Town,2020,02,970.0,1650.0,USD,,,,,2026-05-24
해상,Busan,아프리카,Cape Town,2020,01,1020.0,1650.0,USD,,,,,2026-05-24
해상,Busan,아프리카,Cape Town,2019,12,1100.0,1950.0,USD,,,,,2026-05-24
해상,Busan,아프리카,Cape Town,2019,11,1050.0,1900.0,USD,,,,,2026-05-24
해상,Busan,아프리카,Cape Town,2019,10,800.0,1400.0,USD,,,,,2026-05-24
해상,Busan,아프리카,Cape Town,2019,09,1000.0,1700.0,USD,,,,,2026-05-24
해상,Busan,아프리카,Cape Town,2019,08,1000.0,1700.0,USD,,,,,2026-05-24
해상,Busan,아프리카,Cape Town,2019,07,1000.0,1700.0,USD,,,,,2026-05-24
해상,Busan,아프리카,Cape Town,2019,06,900.0,1700.0,USD,,,,,2026-05-24
해상,Busan,아프리카,Cape Town,2019,05,800.0,1400.0,USD,,,,,2026-05-24
해상,Busan,아프리카,Cape Town,2019,04,900.0,1400.0,USD,,,,,2026-05-24
해상,Busan,아프리카,Cape Town,2019,03,900.0,1550.0,USD,,,,,2026-05-24
해상,Busan,아프리카,Cape Town,2019,02,900.0,1550.0,USD,,,,,2026-05-24
해상,Busan,아프리카,Cape Town,2019,01,1100.0,2100.0,USD,,,,,2026-05-24
해상,Busan,아프리카,Cape Town,2018,12,750.0,1350.0,USD,,,,,2026-05-24
해상,Busan,아프리카,Cape Town,2018,11,750.0,1350.0,USD,,,,,2026-05-24
해상,Busan,아프리카,Cape Town,2018,10,900.0,1500.0,USD,,,,,2026-05-24
해상,Busan,아프리카,Cape Town,2018,09,900.0,1500.0,USD,,,,,2026-05-24
해상,Busan,아프리카,Cape Town,2018,08,750.0,1350.0,USD,,,,,2026-05-24
해상,Busan,아프리카,Cape Town,2018,07,1100.0,2000.0,USD,,,,,2026-05-24
해상,Busan,아프리카,Cape Town,2018,06,1100.0,1800.0,USD,,,,,2026-05-24
해상,Busan,아프리카,Cape Town,2018,05,1100.0,1800.0,USD,,,,,2026-05-24
해상,Busan,아프리카,Cape Town,2018,04,1100.0,1800.0,USD,,,,,2026-05-24
해상,Busan,아프리카,Cape Town,2018,03,1250.0,2000.0,USD,,,,,2026-05-24
해상,Busan,아프리카,Cape Town,2018,02,1250.0,2000.0,USD,,,,,2026-05-24
해상,Busan,아프리카,Cape Town,2018,01,1250.0,2000.0,USD,,,,,2026-05-24
해상,Busan,아프리카,Durban,2026,05,2650.0,3400.0,USD,,,,,2026-05-24
해상,Busan,아프리카,Durban,2026,04,2650.0,3450.0,USD,,,,,2026-05-24
해상,Busan,아프리카,Durban,2026,03,1900.0,2100.0,USD,,,,,2026-05-24
해상,Busan,아프리카,Durban,2026,02,2500.0,2900.0,USD,,,,,2026-05-24
해상,Busan,아프리카,Durban,2026,01,2450.0,2800.0,USD,,,,,2026-05-24
해상,Busan,아프리카,Durban,2025,12,2600.0,3500.0,USD,,,,,2026-05-24
해상,Busan,아프리카,Durban,2025,11,3400.0,4300.0,USD,,,,,2026-05-24
해상,Busan,아프리카,Durban,2025,10,3100.0,3900.0,USD,,,,,2026-05-24
해상,Busan,아프리카,Durban,2025,09,3200.0,4200.0,USD,,,,,2026-05-24
해상,Busan,아프리카,Durban,2025,08,3100.0,4100.0,USD,,,,,2026-05-24
해상,Busan,아프리카,Durban,2025,07,3400.0,5100.0,USD,,,,,2026-05-24
해상,Busan,아프리카,Durban,2025,06,2200.0,3200.0,USD,,,,,2026-05-24
해상,Busan,아프리카,Durban,2025,05,2400.0,3100.0,USD,,,,,2026-05-24
해상,Busan,아프리카,Durban,2025,04,2600.0,3500.0,USD,,,,,2026-05-24
해상,Busan,아프리카,Durban,2025,03,2800.0,3550.0,USD,,,,,2026-05-24
해상,Busan,아프리카,Durban,2025,01,3500.0,4200.0,USD,,,,,2026-05-24
해상,Busan,아프리카,Durban,2024,12,4300.0,5700.0,USD,,,,,2026-05-24
해상,Busan,아프리카,Durban,2024,11,4300.0,5700.0,USD,,,,,2026-05-24
해상,Busan,아프리카,Durban,2024,10,5500.0,7200.0,USD,,,,,2026-05-24
해상,Busan,아프리카,Durban,2024,09,5500.0,7200.0,USD,,,,,2026-05-24
해상,Busan,아프리카,Durban,2024,08,6100.0,7200.0,USD,,,,,2026-05-24
해상,Busan,아프리카,Durban,2024,07,6400.0,8300.0,USD,,,,,2026-05-24
해상,Busan,아프리카,Durban,2024,06,6250.0,7900.0,USD,,,,,2026-05-24
해상,Busan,아프리카,Durban,2024,05,1900.0,2900.0,USD,,,,,2026-05-24
해상,Busan,아프리카,Durban,2024,04,1800.0,2800.0,USD,,,,,2026-05-24
해상,Busan,아프리카,Durban,2024,03,2000.0,2350.0,USD,,,,,2026-05-24
해상,Busan,아프리카,Durban,2024,02,2000.0,2800.0,USD,,,,,2026-05-24
해상,Busan,아프리카,Durban,2024,01,2400.0,3000.0,USD,,,,,2026-05-24
해상,Busan,아프리카,Durban,2023,12,1800.0,2600.0,USD,,,,,2026-05-24
해상,Busan,아프리카,Durban,2023,11,1700.0,1850.0,USD,,,,,2026-05-24
해상,Busan,아프리카,Durban,2023,10,1300.0,1650.0,USD,,,,,2026-05-24
해상,Busan,아프리카,Durban,2023,09,1300.0,1400.0,USD,,,,,2026-05-24
해상,Busan,아프리카,Durban,2023,08,1750.0,2200.0,USD,,,,,2026-05-24
해상,Busan,아프리카,Durban,2023,07,1400.0,1550.0,USD,,,,,2026-05-24
해상,Busan,아프리카,Durban,2023,06,1250.0,1450.0,USD,,,,,2026-05-24
해상,Busan,아프리카,Durban,2023,05,1500.0,1650.0,USD,,,,,2026-05-24
해상,Busan,아프리카,Durban,2023,04,1650.0,1900.0,USD,,,,,2026-05-24
해상,Busan,아프리카,Durban,2023,03,1700.0,2450.0,USD,,,,,2026-05-24
해상,Busan,아프리카,Durban,2023,02,2000.0,2800.0,USD,,,,,2026-05-24
해상,Busan,아프리카,Durban,2023,01,2600.0,3950.0,USD,,,,,2026-05-24
해상,Busan,아프리카,Durban,2022,12,3300.0,5400.0,USD,,,,,2026-05-24
해상,Busan,아프리카,Durban,2022,11,3400.0,5500.0,USD,,,,,2026-05-24
해상,Busan,아프리카,Durban,2022,10,4400.0,7600.0,USD,,,,,2026-05-24
해상,Busan,아프리카,Durban,2022,09,4400.0,7600.0,USD,,,,,2026-05-24
해상,Busan,아프리카,Durban,2022,08,5100.0,5100.0,USD,,,,,2026-05-24
해상,Busan,아프리카,Durban,2022,07,5800.0,11000.0,USD,,,,,2026-05-24
해상,Busan,아프리카,Durban,2022,06,5700.0,9550.0,USD,,,,,2026-05-24
해상,Busan,아프리카,Durban,2022,05,5700.0,9550.0,USD,,,,,2026-05-24
해상,Busan,아프리카,Durban,2022,04,6400.0,9750.0,USD,,,,,2026-05-24
해상,Busan,아프리카,Durban,2022,03,6000.0,11300.0,USD,,,,,2026-05-24
해상,Busan,아프리카,Durban,2022,02,6400.0,11700.0,USD,,,,,2026-05-24
해상,Busan,아프리카,Durban,2022,01,6400.0,11700.0,USD,,,,,2026-05-24
해상,Busan,아프리카,Durban,2021,12,6400.0,11700.0,USD,,,,,2026-05-24
해상,Busan,아프리카,Durban,2021,11,6400.0,11700.0,USD,,,,,2026-05-24
해상,Busan,아프리카,Durban,2021,10,6400.0,11900.0,USD,,,,,2026-05-24
해상,Busan,아프리카,Durban,2021,09,5000.0,8200.0,USD,,,,,2026-05-24
해상,Busan,아프리카,Durban,2021,08,5000.0,8200.0,USD,,,,,2026-05-24
해상,Busan,아프리카,Durban,2021,07,4500.0,8200.0,USD,,,,,2026-05-24
해상,Busan,아프리카,Durban,2021,06,4350.0,8000.0,USD,,,,,2026-05-24
해상,Busan,아프리카,Durban,2021,05,2900.0,5750.0,USD,,,,,2026-05-24
해상,Busan,아프리카,Durban,2021,04,2350.0,4450.0,USD,,,,,2026-05-24
해상,Busan,아프리카,Durban,2021,03,2300.0,4350.0,USD,,,,,2026-05-24
해상,Busan,아프리카,Durban,2021,02,2300.0,4350.0,USD,,,,,2026-05-24
해상,Busan,아프리카,Durban,2021,01,2300.0,3550.0,USD,,,,,2026-05-24
해상,Busan,아프리카,Durban,2020,12,1800.0,3500.0,USD,,,,,2026-05-24
해상,Busan,아프리카,Durban,2020,11,1800.0,3200.0,USD,,,,,2026-05-24
해상,Busan,아프리카,Durban,2020,10,1500.0,2850.0,USD,,,,,2026-05-24
해상,Busan,아프리카,Durban,2020,09,1766.0,3316.0,USD,,,,,2026-05-24
해상,Busan,아프리카,Durban,2020,08,750.0,1300.0,USD,,,,,2026-05-24
해상,Busan,아프리카,Durban,2020,07,700.0,1250.0,USD,,,,,2026-05-24
해상,Busan,아프리카,Durban,2020,06,750.0,1300.0,USD,,,,,2026-05-24
해상,Busan,아프리카,Durban,2020,05,750.0,1350.0,USD,,,,,2026-05-24
해상,Busan,아프리카,Durban,2020,04,1100.0,1850.0,USD,,,,,2026-05-24
해상,Busan,아프리카,Durban,2020,03,970.0,1650.0,USD,,,,,2026-05-24
해상,Busan,아프리카,Durban,2020,02,970.0,1650.0,USD,,,,,2026-05-24
해상,Busan,아프리카,Durban,2020,01,950.0,1500.0,USD,,,,,2026-05-24
해상,Busan,아프리카,Durban,2019,12,825.0,1475.0,USD,,,,,2026-05-24
해상,Busan,아프리카,Durban,2019,11,900.0,1650.0,USD,,,,,2026-05-24
해상,Busan,아프리카,Durban,2019,10,750.0,1400.0,USD,,,,,2026-05-24
해상,Busan,아프리카,Durban,2019,09,900.0,1500.0,USD,,,,,2026-05-24
해상,Busan,아프리카,Durban,2019,08,900.0,1500.0,USD,,,,,2026-05-24
해상,Busan,아프리카,Durban,2019,07,900.0,1500.0,USD,,,,,2026-05-24
해상,Busan,아프리카,Durban,2019,06,850.0,1500.0,USD,,,,,2026-05-24
해상,Busan,아프리카,Durban,2019,05,800.0,1400.0,USD,,,,,2026-05-24
해상,Busan,아프리카,Durban,2019,04,900.0,1500.0,USD,,,,,2026-05-24
해상,Busan,아프리카,Durban,2019,03,900.0,1500.0,USD,,,,,2026-05-24
해상,Busan,아프리카,Durban,2019,02,900.0,1500.0,USD,,,,,2026-05-24
해상,Busan,아프리카,Durban,2019,01,800.0,2300.0,USD,,,,,2026-05-24
해상,Busan,아프리카,Durban,2018,12,750.0,1350.0,USD,,,,,2026-05-24
해상,Busan,아프리카,Durban,2018,11,750.0,1350.0,USD,,,,,2026-05-24
해상,Busan,아프리카,Durban,2018,10,800.0,1350.0,USD,,,,,2026-05-24
해상,Busan,아프리카,Durban,2018,09,800.0,1350.0,USD,,,,,2026-05-24
해상,Busan,아프리카,Durban,2018,08,750.0,1350.0,USD,,,,,2026-05-24
해상,Busan,아프리카,Durban,2018,07,1000.0,1900.0,USD,,,,,2026-05-24
해상,Busan,아프리카,Durban,2018,06,1100.0,1800.0,USD,,,,,2026-05-24
해상,Busan,아프리카,Durban,2018,05,1100.0,1800.0,USD,,,,,2026-05-24
해상,Busan,아프리카,Durban,2018,04,1100.0,1800.0,USD,,,,,2026-05-24
해상,Busan,아프리카,Durban,2018,03,1300.0,2200.0,USD,,,,,2026-05-24
해상,Busan,아프리카,Durban,2018,02,1300.0,2200.0,USD,,,,,2026-05-24
해상,Busan,아프리카,Durban,2018,01,1300.0,2200.0,USD,,,,,2026-05-24
해상,Busan,오세아니아,Brisbane,2026,05,870.0,1700.0,USD,,,,,2026-05-24
해상,Busan,오세아니아,Brisbane,2026,04,900.0,1650.0,USD,,,,,2026-05-24
해상,Busan,오세아니아,Brisbane,2026,03,1060.0,1820.0,USD,,,,,2026-05-24
해상,Busan,오세아니아,Brisbane,2026,02,1100.0,2100.0,USD,,,,,2026-05-24
해상,Busan,오세아니아,Brisbane,2026,01,1400.0,2600.0,USD,,,,,2026-05-24
해상,Busan,오세아니아,Brisbane,2025,12,1400.0,2600.0,USD,,,,,2026-05-24
해상,Busan,오세아니아,Brisbane,2025,11,1400.0,2600.0,USD,,,,,2026-05-24
해상,Busan,오세아니아,Brisbane,2025,10,1300.0,2500.0,USD,,,,,2026-05-24
해상,Busan,오세아니아,Brisbane,2025,09,1500.0,2600.0,USD,,,,,2026-05-24
해상,Busan,오세아니아,Brisbane,2025,08,1200.0,2000.0,USD,,,,,2026-05-24
해상,Busan,오세아니아,Brisbane,2025,07,900.0,1700.0,USD,,,,,2026-05-24
해상,Busan,오세아니아,Brisbane,2025,06,900.0,1700.0,USD,,,,,2026-05-24
해상,Busan,오세아니아,Brisbane,2025,05,1000.0,1800.0,USD,,,,,2026-05-24
해상,Busan,오세아니아,Brisbane,2025,04,900.0,1700.0,USD,,,,,2026-05-24
해상,Busan,오세아니아,Brisbane,2025,03,1100.0,1900.0,USD,,,,,2026-05-24
해상,Busan,오세아니아,Brisbane,2025,01,2100.0,3900.0,USD,,,,,2026-05-24
해상,Busan,오세아니아,Brisbane,2024,12,2300.0,4300.0,USD,,,,,2026-05-24
해상,Busan,오세아니아,Brisbane,2024,11,2300.0,4100.0,USD,,,,,2026-05-24
해상,Busan,오세아니아,Brisbane,2024,10,2100.0,4100.0,USD,,,,,2026-05-24
해상,Busan,오세아니아,Brisbane,2024,09,2500.0,3500.0,USD,,,,,2026-05-24
해상,Busan,오세아니아,Brisbane,2024,08,2050.0,3800.0,USD,,,,,2026-05-24
해상,Busan,오세아니아,Brisbane,2024,07,1650.0,2950.0,USD,,,,,2026-05-24
해상,Busan,오세아니아,Brisbane,2024,06,1650.0,2950.0,USD,,,,,2026-05-24
해상,Busan,오세아니아,Brisbane,2024,05,1360.0,2820.0,USD,,,,,2026-05-24
해상,Busan,오세아니아,Brisbane,2024,04,850.0,1500.0,USD,,,,,2026-05-24
해상,Busan,오세아니아,Brisbane,2024,03,1500.0,2500.0,USD,,,,,2026-05-24
해상,Busan,오세아니아,Brisbane,2024,02,1600.0,3200.0,USD,,,,,2026-05-24
해상,Busan,오세아니아,Brisbane,2024,01,1700.0,3000.0,USD,,,,,2026-05-24
해상,Busan,오세아니아,Brisbane,2023,12,1000.0,2000.0,USD,,,,,2026-05-24
해상,Busan,오세아니아,Brisbane,2023,11,1250.0,2100.0,USD,,,,,2026-05-24
해상,Busan,오세아니아,Brisbane,2023,10,750.0,1500.0,USD,,,,,2026-05-24
해상,Busan,오세아니아,Brisbane,2023,09,700.0,1400.0,USD,,,,,2026-05-24
해상,Busan,오세아니아,Brisbane,2023,08,500.0,1000.0,USD,,,,,2026-05-24
해상,Busan,오세아니아,Brisbane,2023,07,400.0,800.0,USD,,,,,2026-05-24
해상,Busan,오세아니아,Brisbane,2023,06,500.0,750.0,USD,,,,,2026-05-24
해상,Busan,오세아니아,Brisbane,2023,05,430.0,600.0,USD,,,,,2026-05-24
해상,Busan,오세아니아,Brisbane,2023,04,430.0,600.0,USD,,,,,2026-05-24
해상,Busan,오세아니아,Brisbane,2023,03,500.0,800.0,USD,,,,,2026-05-24
해상,Busan,오세아니아,Brisbane,2023,02,750.0,1500.0,USD,,,,,2026-05-24
해상,Busan,오세아니아,Brisbane,2023,01,750.0,1500.0,USD,,,,,2026-05-24
해상,Busan,오세아니아,Brisbane,2022,12,925.0,1800.0,USD,,,,,2026-05-24
해상,Busan,오세아니아,Brisbane,2022,11,1500.0,2800.0,USD,,,,,2026-05-24
해상,Busan,오세아니아,Brisbane,2022,10,2000.0,4000.0,USD,,,,,2026-05-24
해상,Busan,오세아니아,Brisbane,2022,09,2750.0,5500.0,USD,,,,,2026-05-24
해상,Busan,오세아니아,Brisbane,2022,08,4000.0,8000.0,USD,,,,,2026-05-24
해상,Busan,오세아니아,Brisbane,2022,07,4500.0,9000.0,USD,,,,,2026-05-24
해상,Busan,오세아니아,Brisbane,2022,06,4500.0,9000.0,USD,,,,,2026-05-24
해상,Busan,오세아니아,Brisbane,2022,05,4500.0,9000.0,USD,,,,,2026-05-24
해상,Busan,오세아니아,Brisbane,2022,04,5000.0,10000.0,USD,,,,,2026-05-24
해상,Busan,오세아니아,Brisbane,2022,03,5500.0,11000.0,USD,,,,,2026-05-24
해상,Busan,오세아니아,Brisbane,2022,02,6000.0,12000.0,USD,,,,,2026-05-24
해상,Busan,오세아니아,Brisbane,2022,01,6000.0,12000.0,USD,,,,,2026-05-24
해상,Busan,오세아니아,Brisbane,2021,12,5500.0,11000.0,USD,,,,,2026-05-24
해상,Busan,오세아니아,Brisbane,2021,11,5500.0,11000.0,USD,,,,,2026-05-24
해상,Busan,오세아니아,Brisbane,2021,10,5500.0,11000.0,USD,,,,,2026-05-24
해상,Busan,오세아니아,Brisbane,2021,09,5500.0,9000.0,USD,,,,,2026-05-24
해상,Busan,오세아니아,Brisbane,2021,08,3800.0,6600.0,USD,,,,,2026-05-24
해상,Busan,오세아니아,Brisbane,2021,07,3800.0,6600.0,USD,,,,,2026-05-24
해상,Busan,오세아니아,Brisbane,2021,06,2800.0,5600.0,USD,,,,,2026-05-24
해상,Busan,오세아니아,Brisbane,2021,05,2800.0,5600.0,USD,,,,,2026-05-24
해상,Busan,오세아니아,Brisbane,2021,04,2800.0,5600.0,USD,,,,,2026-05-24
해상,Busan,오세아니아,Brisbane,2021,03,2800.0,5600.0,USD,,,,,2026-05-24
해상,Busan,오세아니아,Brisbane,2021,02,2800.0,5600.0,USD,,,,,2026-05-24
해상,Busan,오세아니아,Brisbane,2021,01,3200.0,5800.0,USD,,,,,2026-05-24
해상,Busan,오세아니아,Brisbane,2020,12,2800.0,5600.0,USD,,,,,2026-05-24
해상,Busan,오세아니아,Brisbane,2020,11,2200.0,4400.0,USD,,,,,2026-05-24
해상,Busan,오세아니아,Brisbane,2020,10,1600.0,3200.0,USD,,,,,2026-05-24
해상,Busan,오세아니아,Brisbane,2020,09,1450.0,2950.0,USD,,,,,2026-05-24
해상,Busan,오세아니아,Brisbane,2020,08,1300.0,2600.0,USD,,,,,2026-05-24
해상,Busan,오세아니아,Brisbane,2020,07,1000.0,2000.0,USD,,,,,2026-05-24
해상,Busan,오세아니아,Brisbane,2020,06,1000.0,2000.0,USD,,,,,2026-05-24
해상,Busan,오세아니아,Brisbane,2020,05,1000.0,2000.0,USD,,,,,2026-05-24
해상,Busan,오세아니아,Brisbane,2020,04,1000.0,2000.0,USD,,,,,2026-05-24
해상,Busan,오세아니아,Brisbane,2020,03,1000.0,2000.0,USD,,,,,2026-05-24
해상,Busan,오세아니아,Brisbane,2020,02,1000.0,2000.0,USD,,,,,2026-05-24
해상,Busan,오세아니아,Brisbane,2020,01,1050.0,2100.0,USD,,,,,2026-05-24
해상,Busan,오세아니아,Brisbane,2019,12,1050.0,2100.0,USD,,,,,2026-05-24
해상,Busan,오세아니아,Brisbane,2019,11,1050.0,2100.0,USD,,,,,2026-05-24
해상,Busan,오세아니아,Brisbane,2019,10,700.0,1400.0,USD,,,,,2026-05-24
해상,Busan,오세아니아,Brisbane,2019,09,750.0,1500.0,USD,,,,,2026-05-24
해상,Busan,오세아니아,Brisbane,2019,08,750.0,1500.0,USD,,,,,2026-05-24
해상,Busan,오세아니아,Brisbane,2019,07,650.0,1300.0,USD,,,,,2026-05-24
해상,Busan,오세아니아,Brisbane,2019,06,650.0,1300.0,USD,,,,,2026-05-24
해상,Busan,오세아니아,Brisbane,2019,05,800.0,1600.0,USD,,,,,2026-05-24
해상,Busan,오세아니아,Brisbane,2019,04,800.0,1600.0,USD,,,,,2026-05-24
해상,Busan,오세아니아,Brisbane,2019,03,800.0,1600.0,USD,,,,,2026-05-24
해상,Busan,오세아니아,Brisbane,2019,02,900.0,1800.0,USD,,,,,2026-05-24
해상,Busan,오세아니아,Brisbane,2019,01,1000.0,2000.0,USD,,,,,2026-05-24
해상,Busan,오세아니아,Brisbane,2018,12,1000.0,2000.0,USD,,,,,2026-05-24
해상,Busan,오세아니아,Brisbane,2018,11,1000.0,2000.0,USD,,,,,2026-05-24
해상,Busan,오세아니아,Brisbane,2018,10,800.0,1600.0,USD,,,,,2026-05-24
해상,Busan,오세아니아,Brisbane,2018,09,800.0,1600.0,USD,,,,,2026-05-24
해상,Busan,오세아니아,Brisbane,2018,08,900.0,1700.0,USD,,,,,2026-05-24
해상,Busan,오세아니아,Brisbane,2018,07,700.0,1400.0,USD,,,,,2026-05-24
해상,Busan,오세아니아,Brisbane,2018,06,900.0,1500.0,USD,,,,,2026-05-24
해상,Busan,오세아니아,Brisbane,2018,05,900.0,1500.0,USD,,,,,2026-05-24
해상,Busan,오세아니아,Brisbane,2018,04,900.0,1500.0,USD,,,,,2026-05-24
해상,Busan,오세아니아,Brisbane,2018,03,1200.0,2400.0,USD,,,,,2026-05-24
해상,Busan,오세아니아,Brisbane,2018,02,1500.0,3000.0,USD,,,,,2026-05-24
해상,Busan,오세아니아,Brisbane,2018,01,1500.0,3000.0,USD,,,,,2026-05-24
해상,Busan,오세아니아,Frementle,2026,05,1150.0,2200.0,USD,,,,,2026-05-24
해상,Busan,오세아니아,Frementle,2026,04,1000.0,1850.0,USD,,,,,2026-05-24
해상,Busan,오세아니아,Frementle,2026,03,1300.0,2300.0,USD,,,,,2026-05-24
해상,Busan,오세아니아,Frementle,2026,02,1100.0,2100.0,USD,,,,,2026-05-24
해상,Busan,오세아니아,Frementle,2026,01,1300.0,2500.0,USD,,,,,2026-05-24
해상,Busan,오세아니아,Frementle,2025,12,1300.0,2500.0,USD,,,,,2026-05-24
해상,Busan,오세아니아,Frementle,2025,11,1200.0,2300.0,USD,,,,,2026-05-24
해상,Busan,오세아니아,Frementle,2025,10,1200.0,2200.0,USD,,,,,2026-05-24
해상,Busan,오세아니아,Frementle,2025,09,1300.0,2250.0,USD,,,,,2026-05-24
해상,Busan,오세아니아,Frementle,2025,08,1000.0,1900.0,USD,,,,,2026-05-24
해상,Busan,오세아니아,Frementle,2025,07,900.0,1550.0,USD,,,,,2026-05-24
해상,Busan,오세아니아,Frementle,2025,06,900.0,1550.0,USD,,,,,2026-05-24
해상,Busan,오세아니아,Frementle,2025,05,1200.0,2300.0,USD,,,,,2026-05-24
해상,Busan,오세아니아,Frementle,2025,04,1200.0,2300.0,USD,,,,,2026-05-24
해상,Busan,오세아니아,Frementle,2025,03,1400.0,2400.0,USD,,,,,2026-05-24
해상,Busan,오세아니아,Frementle,2025,01,1900.0,3600.0,USD,,,,,2026-05-24
해상,Busan,오세아니아,Frementle,2024,12,2400.0,4600.0,USD,,,,,2026-05-24
해상,Busan,오세아니아,Frementle,2024,11,2400.0,4600.0,USD,,,,,2026-05-24
해상,Busan,오세아니아,Frementle,2024,10,2400.0,4600.0,USD,,,,,2026-05-24
해상,Busan,오세아니아,Frementle,2024,09,2500.0,3500.0,USD,,,,,2026-05-24
해상,Busan,오세아니아,Frementle,2024,08,2350.0,4100.0,USD,,,,,2026-05-24
해상,Busan,오세아니아,Frementle,2024,07,1250.0,2150.0,USD,,,,,2026-05-24
해상,Busan,오세아니아,Frementle,2024,06,1250.0,2150.0,USD,,,,,2026-05-24
해상,Busan,오세아니아,Frementle,2024,05,1360.0,2820.0,USD,,,,,2026-05-24
해상,Busan,오세아니아,Frementle,2024,04,1000.0,1800.0,USD,,,,,2026-05-24
해상,Busan,오세아니아,Frementle,2024,03,1200.0,1900.0,USD,,,,,2026-05-24
해상,Busan,오세아니아,Frementle,2024,02,1250.0,2500.0,USD,,,,,2026-05-24
해상,Busan,오세아니아,Frementle,2024,01,1300.0,2200.0,USD,,,,,2026-05-24
해상,Busan,오세아니아,Frementle,2023,12,1000.0,2000.0,USD,,,,,2026-05-24
해상,Busan,오세아니아,Frementle,2023,11,850.0,1700.0,USD,,,,,2026-05-24
해상,Busan,오세아니아,Frementle,2023,10,800.0,1600.0,USD,,,,,2026-05-24
해상,Busan,오세아니아,Frementle,2023,09,800.0,1600.0,USD,,,,,2026-05-24
해상,Busan,오세아니아,Frementle,2023,08,600.0,1200.0,USD,,,,,2026-05-24
해상,Busan,오세아니아,Frementle,2023,07,700.0,1000.0,USD,,,,,2026-05-24
해상,Busan,오세아니아,Frementle,2023,06,800.0,1300.0,USD,,,,,2026-05-24
해상,Busan,오세아니아,Frementle,2023,05,750.0,1350.0,USD,,,,,2026-05-24
해상,Busan,오세아니아,Frementle,2023,04,750.0,1350.0,USD,,,,,2026-05-24
해상,Busan,오세아니아,Frementle,2023,03,1000.0,1850.0,USD,,,,,2026-05-24
해상,Busan,오세아니아,Frementle,2023,02,1400.0,2800.0,USD,,,,,2026-05-24
해상,Busan,오세아니아,Frementle,2023,01,1600.0,3100.0,USD,,,,,2026-05-24
해상,Busan,오세아니아,Frementle,2022,12,1850.0,3500.0,USD,,,,,2026-05-24
해상,Busan,오세아니아,Frementle,2022,11,2250.0,4500.0,USD,,,,,2026-05-24
해상,Busan,오세아니아,Frementle,2022,10,2750.0,5500.0,USD,,,,,2026-05-24
해상,Busan,오세아니아,Frementle,2022,09,3000.0,6000.0,USD,,,,,2026-05-24
해상,Busan,오세아니아,Frementle,2022,08,4500.0,9000.0,USD,,,,,2026-05-24
해상,Busan,오세아니아,Frementle,2022,07,5000.0,10000.0,USD,,,,,2026-05-24
해상,Busan,오세아니아,Frementle,2022,06,5000.0,10000.0,USD,,,,,2026-05-24
해상,Busan,오세아니아,Frementle,2022,05,5000.0,10000.0,USD,,,,,2026-05-24
해상,Busan,오세아니아,Frementle,2022,04,5000.0,10000.0,USD,,,,,2026-05-24
해상,Busan,오세아니아,Frementle,2022,03,5500.0,11000.0,USD,,,,,2026-05-24
해상,Busan,오세아니아,Frementle,2022,02,6000.0,12000.0,USD,,,,,2026-05-24
해상,Busan,오세아니아,Frementle,2022,01,6000.0,12000.0,USD,,,,,2026-05-24
해상,Busan,오세아니아,Frementle,2021,12,5500.0,11000.0,USD,,,,,2026-05-24
해상,Busan,오세아니아,Frementle,2021,11,5500.0,11000.0,USD,,,,,2026-05-24
해상,Busan,오세아니아,Frementle,2021,10,5500.0,11000.0,USD,,,,,2026-05-24
해상,Busan,오세아니아,Frementle,2021,09,5500.0,9000.0,USD,,,,,2026-05-24
해상,Busan,오세아니아,Frementle,2021,08,3800.0,6600.0,USD,,,,,2026-05-24
해상,Busan,오세아니아,Frementle,2021,07,3800.0,6600.0,USD,,,,,2026-05-24
해상,Busan,오세아니아,Frementle,2021,06,2800.0,5600.0,USD,,,,,2026-05-24
해상,Busan,오세아니아,Frementle,2021,05,2800.0,5600.0,USD,,,,,2026-05-24
해상,Busan,오세아니아,Frementle,2021,04,2800.0,5600.0,USD,,,,,2026-05-24
해상,Busan,오세아니아,Frementle,2021,03,2800.0,5600.0,USD,,,,,2026-05-24
해상,Busan,오세아니아,Frementle,2021,02,2800.0,5600.0,USD,,,,,2026-05-24
해상,Busan,오세아니아,Frementle,2021,01,3200.0,5800.0,USD,,,,,2026-05-24
해상,Busan,오세아니아,Frementle,2020,12,2800.0,5600.0,USD,,,,,2026-05-24
해상,Busan,오세아니아,Frementle,2020,11,2200.0,4400.0,USD,,,,,2026-05-24
해상,Busan,오세아니아,Frementle,2020,10,1600.0,3200.0,USD,,,,,2026-05-24
해상,Busan,오세아니아,Frementle,2020,09,1450.0,2950.0,USD,,,,,2026-05-24
해상,Busan,오세아니아,Frementle,2020,08,1300.0,2600.0,USD,,,,,2026-05-24
해상,Busan,오세아니아,Frementle,2020,07,1000.0,2000.0,USD,,,,,2026-05-24
해상,Busan,오세아니아,Frementle,2020,06,1000.0,2000.0,USD,,,,,2026-05-24
해상,Busan,오세아니아,Frementle,2020,05,1000.0,2000.0,USD,,,,,2026-05-24
해상,Busan,오세아니아,Frementle,2020,04,1000.0,2000.0,USD,,,,,2026-05-24
해상,Busan,오세아니아,Frementle,2020,03,1000.0,2000.0,USD,,,,,2026-05-24
해상,Busan,오세아니아,Frementle,2020,02,1000.0,2000.0,USD,,,,,2026-05-24
해상,Busan,오세아니아,Frementle,2020,01,1100.0,2200.0,USD,,,,,2026-05-24
해상,Busan,오세아니아,Frementle,2019,12,1100.0,2200.0,USD,,,,,2026-05-24
해상,Busan,오세아니아,Frementle,2019,11,1100.0,2200.0,USD,,,,,2026-05-24
해상,Busan,오세아니아,Frementle,2019,10,750.0,1500.0,USD,,,,,2026-05-24
해상,Busan,오세아니아,Frementle,2019,09,800.0,1600.0,USD,,,,,2026-05-24
해상,Busan,오세아니아,Frementle,2019,08,800.0,1600.0,USD,,,,,2026-05-24
해상,Busan,오세아니아,Frementle,2019,07,700.0,1400.0,USD,,,,,2026-05-24
해상,Busan,오세아니아,Frementle,2019,06,700.0,1400.0,USD,,,,,2026-05-24
해상,Busan,오세아니아,Frementle,2019,05,800.0,1600.0,USD,,,,,2026-05-24
해상,Busan,오세아니아,Frementle,2019,04,800.0,1600.0,USD,,,,,2026-05-24
해상,Busan,오세아니아,Frementle,2019,03,800.0,1600.0,USD,,,,,2026-05-24
해상,Busan,오세아니아,Frementle,2019,02,950.0,1900.0,USD,,,,,2026-05-24
해상,Busan,오세아니아,Frementle,2019,01,1050.0,2100.0,USD,,,,,2026-05-24
해상,Busan,오세아니아,Frementle,2018,12,1050.0,2100.0,USD,,,,,2026-05-24
해상,Busan,오세아니아,Frementle,2018,11,1050.0,2100.0,USD,,,,,2026-05-24
해상,Busan,오세아니아,Frementle,2018,10,850.0,1700.0,USD,,,,,2026-05-24
해상,Busan,오세아니아,Frementle,2018,09,850.0,1700.0,USD,,,,,2026-05-24
해상,Busan,오세아니아,Frementle,2018,08,900.0,1700.0,USD,,,,,2026-05-24
해상,Busan,오세아니아,Frementle,2018,07,750.0,1500.0,USD,,,,,2026-05-24
해상,Busan,오세아니아,Frementle,2018,06,950.0,1600.0,USD,,,,,2026-05-24
해상,Busan,오세아니아,Frementle,2018,05,950.0,1600.0,USD,,,,,2026-05-24
해상,Busan,오세아니아,Frementle,2018,04,950.0,1600.0,USD,,,,,2026-05-24
해상,Busan,오세아니아,Frementle,2018,03,1200.0,2400.0,USD,,,,,2026-05-24
해상,Busan,오세아니아,Frementle,2018,02,1500.0,3000.0,USD,,,,,2026-05-24
해상,Busan,오세아니아,Frementle,2018,01,1500.0,3000.0,USD,,,,,2026-05-24
해상,Busan,오세아니아,Melbourne,2026,05,870.0,1700.0,USD,,,,,2026-05-24
해상,Busan,오세아니아,Melbourne,2026,04,900.0,1650.0,USD,,,,,2026-05-24
해상,Busan,오세아니아,Melbourne,2026,03,1060.0,1820.0,USD,,,,,2026-05-24
해상,Busan,오세아니아,Melbourne,2026,02,1100.0,2100.0,USD,,,,,2026-05-24
해상,Busan,오세아니아,Melbourne,2026,01,1400.0,2600.0,USD,,,,,2026-05-24
해상,Busan,오세아니아,Melbourne,2025,12,1400.0,2600.0,USD,,,,,2026-05-24
해상,Busan,오세아니아,Melbourne,2025,11,1400.0,2600.0,USD,,,,,2026-05-24
해상,Busan,오세아니아,Melbourne,2025,10,1300.0,2500.0,USD,,,,,2026-05-24
해상,Busan,오세아니아,Melbourne,2025,09,1500.0,2600.0,USD,,,,,2026-05-24
해상,Busan,오세아니아,Melbourne,2025,08,1200.0,2000.0,USD,,,,,2026-05-24
해상,Busan,오세아니아,Melbourne,2025,07,900.0,1700.0,USD,,,,,2026-05-24
해상,Busan,오세아니아,Melbourne,2025,06,900.0,1700.0,USD,,,,,2026-05-24
해상,Busan,오세아니아,Melbourne,2025,05,1000.0,1800.0,USD,,,,,2026-05-24
해상,Busan,오세아니아,Melbourne,2025,04,900.0,1700.0,USD,,,,,2026-05-24
해상,Busan,오세아니아,Melbourne,2025,03,1100.0,1900.0,USD,,,,,2026-05-24
해상,Busan,오세아니아,Melbourne,2025,01,2100.0,3900.0,USD,,,,,2026-05-24
해상,Busan,오세아니아,Melbourne,2024,12,2300.0,4300.0,USD,,,,,2026-05-24
해상,Busan,오세아니아,Melbourne,2024,11,2300.0,4100.0,USD,,,,,2026-05-24
해상,Busan,오세아니아,Melbourne,2024,10,2100.0,4100.0,USD,,,,,2026-05-24
해상,Busan,오세아니아,Melbourne,2024,09,2500.0,3500.0,USD,,,,,2026-05-24
해상,Busan,오세아니아,Melbourne,2024,08,2050.0,3800.0,USD,,,,,2026-05-24
해상,Busan,오세아니아,Melbourne,2024,07,1650.0,2950.0,USD,,,,,2026-05-24
해상,Busan,오세아니아,Melbourne,2024,06,1650.0,2950.0,USD,,,,,2026-05-24
해상,Busan,오세아니아,Melbourne,2024,05,1360.0,2820.0,USD,,,,,2026-05-24
해상,Busan,오세아니아,Melbourne,2024,04,850.0,1500.0,USD,,,,,2026-05-24
해상,Busan,오세아니아,Melbourne,2024,03,1500.0,2500.0,USD,,,,,2026-05-24
해상,Busan,오세아니아,Melbourne,2024,02,1600.0,3200.0,USD,,,,,2026-05-24
해상,Busan,오세아니아,Melbourne,2024,01,1700.0,3000.0,USD,,,,,2026-05-24
해상,Busan,오세아니아,Melbourne,2023,12,1000.0,2000.0,USD,,,,,2026-05-24
해상,Busan,오세아니아,Melbourne,2023,11,1250.0,2100.0,USD,,,,,2026-05-24
해상,Busan,오세아니아,Melbourne,2023,10,750.0,1500.0,USD,,,,,2026-05-24
해상,Busan,오세아니아,Melbourne,2023,09,700.0,1400.0,USD,,,,,2026-05-24
해상,Busan,오세아니아,Melbourne,2023,08,500.0,1000.0,USD,,,,,2026-05-24
해상,Busan,오세아니아,Melbourne,2023,07,400.0,800.0,USD,,,,,2026-05-24
해상,Busan,오세아니아,Melbourne,2023,06,500.0,750.0,USD,,,,,2026-05-24
해상,Busan,오세아니아,Melbourne,2023,05,430.0,600.0,USD,,,,,2026-05-24
해상,Busan,오세아니아,Melbourne,2023,04,430.0,600.0,USD,,,,,2026-05-24
해상,Busan,오세아니아,Melbourne,2023,03,500.0,800.0,USD,,,,,2026-05-24
해상,Busan,오세아니아,Melbourne,2023,02,750.0,1500.0,USD,,,,,2026-05-24
해상,Busan,오세아니아,Melbourne,2023,01,750.0,1500.0,USD,,,,,2026-05-24
해상,Busan,오세아니아,Melbourne,2022,12,900.0,1800.0,USD,,,,,2026-05-24
해상,Busan,오세아니아,Melbourne,2022,11,1500.0,2800.0,USD,,,,,2026-05-24
해상,Busan,오세아니아,Melbourne,2022,10,2000.0,4000.0,USD,,,,,2026-05-24
해상,Busan,오세아니아,Melbourne,2022,09,2750.0,5500.0,USD,,,,,2026-05-24
해상,Busan,오세아니아,Melbourne,2022,08,4000.0,8000.0,USD,,,,,2026-05-24
해상,Busan,오세아니아,Melbourne,2022,07,4500.0,9000.0,USD,,,,,2026-05-24
해상,Busan,오세아니아,Melbourne,2022,06,4500.0,9000.0,USD,,,,,2026-05-24
해상,Busan,오세아니아,Melbourne,2022,05,4500.0,9000.0,USD,,,,,2026-05-24
해상,Busan,오세아니아,Melbourne,2022,04,5000.0,10000.0,USD,,,,,2026-05-24
해상,Busan,오세아니아,Melbourne,2022,03,5500.0,11000.0,USD,,,,,2026-05-24
해상,Busan,오세아니아,Melbourne,2022,02,6000.0,12000.0,USD,,,,,2026-05-24
해상,Busan,오세아니아,Melbourne,2022,01,6000.0,12000.0,USD,,,,,2026-05-24
해상,Busan,오세아니아,Melbourne,2021,12,5500.0,11000.0,USD,,,,,2026-05-24
해상,Busan,오세아니아,Melbourne,2021,11,5500.0,11000.0,USD,,,,,2026-05-24
해상,Busan,오세아니아,Melbourne,2021,10,5500.0,11000.0,USD,,,,,2026-05-24
해상,Busan,오세아니아,Melbourne,2021,09,5500.0,9000.0,USD,,,,,2026-05-24
해상,Busan,오세아니아,Melbourne,2021,08,3800.0,6600.0,USD,,,,,2026-05-24
해상,Busan,오세아니아,Melbourne,2021,07,3800.0,6600.0,USD,,,,,2026-05-24
해상,Busan,오세아니아,Melbourne,2021,06,2800.0,5600.0,USD,,,,,2026-05-24
해상,Busan,오세아니아,Melbourne,2021,05,2800.0,5600.0,USD,,,,,2026-05-24
해상,Busan,오세아니아,Melbourne,2021,04,2800.0,5600.0,USD,,,,,2026-05-24
해상,Busan,오세아니아,Melbourne,2021,03,2800.0,5600.0,USD,,,,,2026-05-24
해상,Busan,오세아니아,Melbourne,2021,02,2800.0,5600.0,USD,,,,,2026-05-24
해상,Busan,오세아니아,Melbourne,2021,01,3200.0,5800.0,USD,,,,,2026-05-24
해상,Busan,오세아니아,Melbourne,2020,12,2800.0,5600.0,USD,,,,,2026-05-24
해상,Busan,오세아니아,Melbourne,2020,11,2200.0,4400.0,USD,,,,,2026-05-24
해상,Busan,오세아니아,Melbourne,2020,10,1600.0,3200.0,USD,,,,,2026-05-24
해상,Busan,오세아니아,Melbourne,2020,09,1450.0,2950.0,USD,,,,,2026-05-24
해상,Busan,오세아니아,Melbourne,2020,08,1300.0,2600.0,USD,,,,,2026-05-24
해상,Busan,오세아니아,Melbourne,2020,07,1000.0,2000.0,USD,,,,,2026-05-24
해상,Busan,오세아니아,Melbourne,2020,06,1000.0,2000.0,USD,,,,,2026-05-24
해상,Busan,오세아니아,Melbourne,2020,05,1000.0,2000.0,USD,,,,,2026-05-24
해상,Busan,오세아니아,Melbourne,2020,04,1000.0,2000.0,USD,,,,,2026-05-24
해상,Busan,오세아니아,Melbourne,2020,03,1000.0,2000.0,USD,,,,,2026-05-24
해상,Busan,오세아니아,Melbourne,2020,02,1000.0,2000.0,USD,,,,,2026-05-24
해상,Busan,오세아니아,Melbourne,2020,01,1050.0,2100.0,USD,,,,,2026-05-24
해상,Busan,오세아니아,Melbourne,2019,12,1050.0,2100.0,USD,,,,,2026-05-24
해상,Busan,오세아니아,Melbourne,2019,11,1050.0,2100.0,USD,,,,,2026-05-24
해상,Busan,오세아니아,Melbourne,2019,10,700.0,1400.0,USD,,,,,2026-05-24
해상,Busan,오세아니아,Melbourne,2019,09,750.0,1500.0,USD,,,,,2026-05-24
해상,Busan,오세아니아,Melbourne,2019,08,750.0,1500.0,USD,,,,,2026-05-24
해상,Busan,오세아니아,Melbourne,2019,07,650.0,1300.0,USD,,,,,2026-05-24
해상,Busan,오세아니아,Melbourne,2019,06,650.0,1300.0,USD,,,,,2026-05-24
해상,Busan,오세아니아,Melbourne,2019,05,800.0,1600.0,USD,,,,,2026-05-24
해상,Busan,오세아니아,Melbourne,2019,04,800.0,1600.0,USD,,,,,2026-05-24
해상,Busan,오세아니아,Melbourne,2019,03,800.0,1600.0,USD,,,,,2026-05-24
해상,Busan,오세아니아,Melbourne,2019,02,900.0,1800.0,USD,,,,,2026-05-24
해상,Busan,오세아니아,Melbourne,2019,01,1000.0,2000.0,USD,,,,,2026-05-24
해상,Busan,오세아니아,Melbourne,2018,12,1000.0,2000.0,USD,,,,,2026-05-24
해상,Busan,오세아니아,Melbourne,2018,11,1000.0,2000.0,USD,,,,,2026-05-24
해상,Busan,오세아니아,Melbourne,2018,10,800.0,1600.0,USD,,,,,2026-05-24
해상,Busan,오세아니아,Melbourne,2018,09,800.0,1600.0,USD,,,,,2026-05-24
해상,Busan,오세아니아,Melbourne,2018,08,900.0,1700.0,USD,,,,,2026-05-24
해상,Busan,오세아니아,Melbourne,2018,07,700.0,1400.0,USD,,,,,2026-05-24
해상,Busan,오세아니아,Melbourne,2018,06,900.0,1500.0,USD,,,,,2026-05-24
해상,Busan,오세아니아,Melbourne,2018,05,900.0,1500.0,USD,,,,,2026-05-24
해상,Busan,오세아니아,Melbourne,2018,04,900.0,1500.0,USD,,,,,2026-05-24
해상,Busan,오세아니아,Melbourne,2018,03,1200.0,2400.0,USD,,,,,2026-05-24
해상,Busan,오세아니아,Melbourne,2018,02,1500.0,3000.0,USD,,,,,2026-05-24
해상,Busan,오세아니아,Melbourne,2018,01,1500.0,3000.0,USD,,,,,2026-05-24
해상,Busan,오세아니아,Sydney,2026,05,870.0,1700.0,USD,,,,,2026-05-24
해상,Busan,오세아니아,Sydney,2026,04,900.0,1650.0,USD,,,,,2026-05-24
해상,Busan,오세아니아,Sydney,2026,03,1060.0,1820.0,USD,,,,,2026-05-24
해상,Busan,오세아니아,Sydney,2026,02,1100.0,2100.0,USD,,,,,2026-05-24
해상,Busan,오세아니아,Sydney,2026,01,1400.0,2600.0,USD,,,,,2026-05-24
해상,Busan,오세아니아,Sydney,2025,12,1400.0,2600.0,USD,,,,,2026-05-24
해상,Busan,오세아니아,Sydney,2025,11,1400.0,2600.0,USD,,,,,2026-05-24
해상,Busan,오세아니아,Sydney,2025,10,1300.0,2500.0,USD,,,,,2026-05-24
해상,Busan,오세아니아,Sydney,2025,09,1500.0,2600.0,USD,,,,,2026-05-24
해상,Busan,오세아니아,Sydney,2025,08,1200.0,2000.0,USD,,,,,2026-05-24
해상,Busan,오세아니아,Sydney,2025,07,900.0,1700.0,USD,,,,,2026-05-24
해상,Busan,오세아니아,Sydney,2025,06,900.0,1700.0,USD,,,,,2026-05-24
해상,Busan,오세아니아,Sydney,2025,05,1000.0,1800.0,USD,,,,,2026-05-24
해상,Busan,오세아니아,Sydney,2025,04,900.0,1700.0,USD,,,,,2026-05-24
해상,Busan,오세아니아,Sydney,2025,03,1100.0,1900.0,USD,,,,,2026-05-24
해상,Busan,오세아니아,Sydney,2025,01,2100.0,3900.0,USD,,,,,2026-05-24
해상,Busan,오세아니아,Sydney,2024,12,2300.0,4300.0,USD,,,,,2026-05-24
해상,Busan,오세아니아,Sydney,2024,11,2300.0,4100.0,USD,,,,,2026-05-24
해상,Busan,오세아니아,Sydney,2024,10,2100.0,4100.0,USD,,,,,2026-05-24
해상,Busan,오세아니아,Sydney,2024,09,2500.0,3500.0,USD,,,,,2026-05-24
해상,Busan,오세아니아,Sydney,2024,08,2050.0,3800.0,USD,,,,,2026-05-24
해상,Busan,오세아니아,Sydney,2024,07,1650.0,2950.0,USD,,,,,2026-05-24
해상,Busan,오세아니아,Sydney,2024,06,1650.0,2950.0,USD,,,,,2026-05-24
해상,Busan,오세아니아,Sydney,2024,05,1360.0,2820.0,USD,,,,,2026-05-24
해상,Busan,오세아니아,Sydney,2024,04,850.0,1500.0,USD,,,,,2026-05-24
해상,Busan,오세아니아,Sydney,2024,03,1500.0,2500.0,USD,,,,,2026-05-24
해상,Busan,오세아니아,Sydney,2024,02,1600.0,3200.0,USD,,,,,2026-05-24
해상,Busan,오세아니아,Sydney,2024,01,1700.0,3000.0,USD,,,,,2026-05-24
해상,Busan,오세아니아,Sydney,2023,12,1000.0,2000.0,USD,,,,,2026-05-24
해상,Busan,오세아니아,Sydney,2023,11,1250.0,2100.0,USD,,,,,2026-05-24
해상,Busan,오세아니아,Sydney,2023,10,750.0,1500.0,USD,,,,,2026-05-24
해상,Busan,오세아니아,Sydney,2023,09,700.0,1400.0,USD,,,,,2026-05-24
해상,Busan,오세아니아,Sydney,2023,08,500.0,1000.0,USD,,,,,2026-05-24
해상,Busan,오세아니아,Sydney,2023,07,400.0,800.0,USD,,,,,2026-05-24
해상,Busan,오세아니아,Sydney,2023,06,500.0,750.0,USD,,,,,2026-05-24
해상,Busan,오세아니아,Sydney,2023,05,430.0,700.0,USD,,,,,2026-05-24
해상,Busan,오세아니아,Sydney,2023,04,430.0,700.0,USD,,,,,2026-05-24
해상,Busan,오세아니아,Sydney,2023,03,500.0,800.0,USD,,,,,2026-05-24
해상,Busan,오세아니아,Sydney,2023,02,900.0,1500.0,USD,,,,,2026-05-24
해상,Busan,오세아니아,Sydney,2023,01,750.0,1500.0,USD,,,,,2026-05-24
해상,Busan,오세아니아,Sydney,2022,12,925.0,1800.0,USD,,,,,2026-05-24
해상,Busan,오세아니아,Sydney,2022,11,1500.0,2800.0,USD,,,,,2026-05-24
해상,Busan,오세아니아,Sydney,2022,10,2000.0,4000.0,USD,,,,,2026-05-24
해상,Busan,오세아니아,Sydney,2022,09,2750.0,5500.0,USD,,,,,2026-05-24
해상,Busan,오세아니아,Sydney,2022,08,4000.0,8000.0,USD,,,,,2026-05-24
해상,Busan,오세아니아,Sydney,2022,07,4500.0,9000.0,USD,,,,,2026-05-24
해상,Busan,오세아니아,Sydney,2022,06,4500.0,9000.0,USD,,,,,2026-05-24
해상,Busan,오세아니아,Sydney,2022,05,4500.0,9000.0,USD,,,,,2026-05-24
해상,Busan,오세아니아,Sydney,2022,04,5000.0,10000.0,USD,,,,,2026-05-24
해상,Busan,오세아니아,Sydney,2022,03,5500.0,11000.0,USD,,,,,2026-05-24
해상,Busan,오세아니아,Sydney,2022,02,6000.0,12000.0,USD,,,,,2026-05-24
해상,Busan,오세아니아,Sydney,2022,01,6000.0,12000.0,USD,,,,,2026-05-24
해상,Busan,오세아니아,Sydney,2021,12,5500.0,11000.0,USD,,,,,2026-05-24
해상,Busan,오세아니아,Sydney,2021,11,5500.0,11000.0,USD,,,,,2026-05-24
해상,Busan,오세아니아,Sydney,2021,10,5500.0,11000.0,USD,,,,,2026-05-24
해상,Busan,오세아니아,Sydney,2021,09,5500.0,9000.0,USD,,,,,2026-05-24
해상,Busan,오세아니아,Sydney,2021,08,3800.0,6600.0,USD,,,,,2026-05-24
해상,Busan,오세아니아,Sydney,2021,07,3800.0,6600.0,USD,,,,,2026-05-24
해상,Busan,오세아니아,Sydney,2021,06,2800.0,5600.0,USD,,,,,2026-05-24
해상,Busan,오세아니아,Sydney,2021,05,2800.0,5600.0,USD,,,,,2026-05-24
해상,Busan,오세아니아,Sydney,2021,04,2800.0,5600.0,USD,,,,,2026-05-24
해상,Busan,오세아니아,Sydney,2021,03,2800.0,5600.0,USD,,,,,2026-05-24
해상,Busan,오세아니아,Sydney,2021,02,2800.0,5600.0,USD,,,,,2026-05-24
해상,Busan,오세아니아,Sydney,2021,01,3200.0,5800.0,USD,,,,,2026-05-24
해상,Busan,오세아니아,Sydney,2020,12,2800.0,5600.0,USD,,,,,2026-05-24
해상,Busan,오세아니아,Sydney,2020,11,2200.0,4400.0,USD,,,,,2026-05-24
해상,Busan,오세아니아,Sydney,2020,10,1600.0,3200.0,USD,,,,,2026-05-24
해상,Busan,오세아니아,Sydney,2020,09,1450.0,2950.0,USD,,,,,2026-05-24
해상,Busan,오세아니아,Sydney,2020,08,1300.0,2600.0,USD,,,,,2026-05-24
해상,Busan,오세아니아,Sydney,2020,07,1000.0,2000.0,USD,,,,,2026-05-24
해상,Busan,오세아니아,Sydney,2020,06,1000.0,2000.0,USD,,,,,2026-05-24
해상,Busan,오세아니아,Sydney,2020,05,1000.0,2000.0,USD,,,,,2026-05-24
해상,Busan,오세아니아,Sydney,2020,04,1000.0,2000.0,USD,,,,,2026-05-24
해상,Busan,오세아니아,Sydney,2020,03,1000.0,2000.0,USD,,,,,2026-05-24
해상,Busan,오세아니아,Sydney,2020,02,1000.0,2000.0,USD,,,,,2026-05-24
해상,Busan,오세아니아,Sydney,2020,01,1050.0,2100.0,USD,,,,,2026-05-24
해상,Busan,오세아니아,Sydney,2019,12,1050.0,2100.0,USD,,,,,2026-05-24
해상,Busan,오세아니아,Sydney,2019,11,1050.0,2100.0,USD,,,,,2026-05-24
해상,Busan,오세아니아,Sydney,2019,10,700.0,1400.0,USD,,,,,2026-05-24
해상,Busan,오세아니아,Sydney,2019,09,750.0,1500.0,USD,,,,,2026-05-24
해상,Busan,오세아니아,Sydney,2019,08,750.0,1500.0,USD,,,,,2026-05-24
해상,Busan,오세아니아,Sydney,2019,07,650.0,1300.0,USD,,,,,2026-05-24
해상,Busan,오세아니아,Sydney,2019,06,650.0,1300.0,USD,,,,,2026-05-24
해상,Busan,오세아니아,Sydney,2019,05,800.0,1600.0,USD,,,,,2026-05-24
해상,Busan,오세아니아,Sydney,2019,04,800.0,1600.0,USD,,,,,2026-05-24
해상,Busan,오세아니아,Sydney,2019,03,800.0,1600.0,USD,,,,,2026-05-24
해상,Busan,오세아니아,Sydney,2019,02,900.0,1800.0,USD,,,,,2026-05-24
해상,Busan,오세아니아,Sydney,2019,01,1000.0,2000.0,USD,,,,,2026-05-24
해상,Busan,오세아니아,Sydney,2018,12,1000.0,2000.0,USD,,,,,2026-05-24
해상,Busan,오세아니아,Sydney,2018,11,1000.0,2000.0,USD,,,,,2026-05-24
해상,Busan,오세아니아,Sydney,2018,10,800.0,1600.0,USD,,,,,2026-05-24
해상,Busan,오세아니아,Sydney,2018,09,800.0,1600.0,USD,,,,,2026-05-24
해상,Busan,오세아니아,Sydney,2018,08,900.0,1700.0,USD,,,,,2026-05-24
해상,Busan,오세아니아,Sydney,2018,07,700.0,1400.0,USD,,,,,2026-05-24
해상,Busan,오세아니아,Sydney,2018,06,900.0,1500.0,USD,,,,,2026-05-24
해상,Busan,오세아니아,Sydney,2018,05,900.0,1500.0,USD,,,,,2026-05-24
해상,Busan,오세아니아,Sydney,2018,04,900.0,1500.0,USD,,,,,2026-05-24
해상,Busan,오세아니아,Sydney,2018,03,1200.0,2400.0,USD,,,,,2026-05-24
해상,Busan,오세아니아,Sydney,2018,02,1500.0,3000.0,USD,,,,,2026-05-24
해상,Busan,오세아니아,Sydney,2018,01,1500.0,3000.0,USD,,,,,2026-05-24
해상,Busan,오세아니아,Auckland,2026,05,900.0,1850.0,USD,,,,,2026-05-24
해상,Busan,오세아니아,Auckland,2026,04,950.0,1750.0,USD,,,,,2026-05-24
해상,Busan,오세아니아,Auckland,2026,03,1250.0,2200.0,USD,,,,,2026-05-24
해상,Busan,오세아니아,Auckland,2026,02,1100.0,2000.0,USD,,,,,2026-05-24
해상,Busan,오세아니아,Auckland,2026,01,1300.0,2400.0,USD,,,,,2026-05-24
해상,Busan,오세아니아,Auckland,2025,12,1300.0,2400.0,USD,,,,,2026-05-24
해상,Busan,오세아니아,Auckland,2025,11,1100.0,2100.0,USD,,,,,2026-05-24
해상,Busan,오세아니아,Auckland,2025,10,1100.0,2100.0,USD,,,,,2026-05-24
해상,Busan,오세아니아,Auckland,2025,09,1100.0,2100.0,USD,,,,,2026-05-24
해상,Busan,오세아니아,Auckland,2025,08,1000.0,1750.0,USD,,,,,2026-05-24
해상,Busan,오세아니아,Auckland,2025,07,1080.0,1600.0,USD,,,,,2026-05-24
해상,Busan,오세아니아,Auckland,2025,06,1080.0,1600.0,USD,,,,,2026-05-24
해상,Busan,오세아니아,Auckland,2025,05,1000.0,1800.0,USD,,,,,2026-05-24
해상,Busan,오세아니아,Auckland,2025,04,900.0,1700.0,USD,,,,,2026-05-24
해상,Busan,오세아니아,Auckland,2025,03,1200.0,2100.0,USD,,,,,2026-05-24
해상,Busan,오세아니아,Auckland,2025,01,1900.0,3400.0,USD,,,,,2026-05-24
해상,Busan,오세아니아,Auckland,2024,12,0.0,0.0,USD,,,,,2026-05-24
해상,Busan,오세아니아,Auckland,2024,11,0.0,0.0,USD,,,,,2026-05-24
해상,Busan,오세아니아,Auckland,2024,10,2000.0,3800.0,USD,,,,,2026-05-24
해상,Busan,오세아니아,Auckland,2024,09,0.0,0.0,USD,,,,,2026-05-24
해상,Busan,오세아니아,Auckland,2024,08,1850.0,3600.0,USD,,,,,2026-05-24
해상,Busan,오세아니아,Auckland,2024,07,1250.0,2150.0,USD,,,,,2026-05-24
해상,Busan,오세아니아,Auckland,2024,06,1650.0,2650.0,USD,,,,,2026-05-24
해상,Busan,오세아니아,Auckland,2024,05,1080.0,1750.0,USD,,,,,2026-05-24
해상,Busan,오세아니아,Auckland,2024,04,950.0,1700.0,USD,,,,,2026-05-24
해상,Busan,오세아니아,Auckland,2024,03,1300.0,2100.0,USD,,,,,2026-05-24
해상,Busan,오세아니아,Auckland,2024,02,1200.0,2400.0,USD,,,,,2026-05-24
해상,Busan,오세아니아,Auckland,2024,01,1200.0,2400.0,USD,,,,,2026-05-24
해상,Busan,오세아니아,Auckland,2023,12,1000.0,2000.0,USD,,,,,2026-05-24
해상,Busan,오세아니아,Auckland,2023,11,850.0,1700.0,USD,,,,,2026-05-24
해상,Busan,오세아니아,Auckland,2023,10,700.0,1400.0,USD,,,,,2026-05-24
해상,Busan,오세아니아,Auckland,2023,09,700.0,1400.0,USD,,,,,2026-05-24
해상,Busan,오세아니아,Auckland,2023,08,700.0,1400.0,USD,,,,,2026-05-24
해상,Busan,오세아니아,Auckland,2023,07,700.0,1100.0,USD,,,,,2026-05-24
해상,Busan,오세아니아,Auckland,2023,06,700.0,1100.0,USD,,,,,2026-05-24
해상,Busan,오세아니아,Auckland,2023,05,850.0,1500.0,USD,,,,,2026-05-24
해상,Busan,오세아니아,Auckland,2023,04,1550.0,3100.0,USD,,,,,2026-05-24
해상,Busan,오세아니아,Auckland,2023,03,1500.0,2700.0,USD,,,,,2026-05-24
해상,Busan,오세아니아,Auckland,2023,02,1750.0,3500.0,USD,,,,,2026-05-24
해상,Busan,오세아니아,Auckland,2023,01,2335.0,4470.0,USD,,,,,2026-05-24
해상,Busan,오세아니아,Auckland,2022,12,2750.0,5500.0,USD,,,,,2026-05-24
해상,Busan,오세아니아,Auckland,2022,11,3500.0,7000.0,USD,,,,,2026-05-24
해상,Busan,오세아니아,Auckland,2022,10,3000.0,6000.0,USD,,,,,2026-05-24
해상,Busan,오세아니아,Auckland,2022,09,3500.0,7000.0,USD,,,,,2026-05-24
해상,Busan,오세아니아,Auckland,2022,08,5000.0,10000.0,USD,,,,,2026-05-24
해상,Busan,오세아니아,Auckland,2022,07,5500.0,11000.0,USD,,,,,2026-05-24
해상,Busan,오세아니아,Auckland,2022,06,5500.0,11000.0,USD,,,,,2026-05-24
해상,Busan,오세아니아,Auckland,2022,05,5500.0,11000.0,USD,,,,,2026-05-24
해상,Busan,오세아니아,Auckland,2022,04,5500.0,11000.0,USD,,,,,2026-05-24
해상,Busan,오세아니아,Auckland,2022,03,6000.0,12000.0,USD,,,,,2026-05-24
해상,Busan,오세아니아,Auckland,2022,02,6500.0,13000.0,USD,,,,,2026-05-24
해상,Busan,오세아니아,Auckland,2022,01,6500.0,13000.0,USD,,,,,2026-05-24
해상,Busan,오세아니아,Auckland,2021,12,6000.0,12000.0,USD,,,,,2026-05-24
해상,Busan,오세아니아,Auckland,2021,11,6000.0,12000.0,USD,,,,,2026-05-24
해상,Busan,오세아니아,Auckland,2021,10,6000.0,12000.0,USD,,,,,2026-05-24
해상,Busan,오세아니아,Auckland,2021,09,6000.0,11000.0,USD,,,,,2026-05-24
해상,Busan,오세아니아,Auckland,2021,08,4000.0,7200.0,USD,,,,,2026-05-24
해상,Busan,오세아니아,Auckland,2021,07,4000.0,7200.0,USD,,,,,2026-05-24
해상,Busan,오세아니아,Auckland,2021,06,3100.0,6200.0,USD,,,,,2026-05-24
해상,Busan,오세아니아,Auckland,2021,05,3100.0,6200.0,USD,,,,,2026-05-24
해상,Busan,오세아니아,Auckland,2021,04,3100.0,6200.0,USD,,,,,2026-05-24
해상,Busan,오세아니아,Auckland,2021,03,3100.0,6200.0,USD,,,,,2026-05-24
해상,Busan,오세아니아,Auckland,2021,02,3700.0,6700.0,USD,,,,,2026-05-24
해상,Busan,오세아니아,Auckland,2021,01,3700.0,6700.0,USD,,,,,2026-05-24
해상,Busan,오세아니아,Auckland,2020,12,2400.0,4800.0,USD,,,,,2026-05-24
해상,Busan,오세아니아,Auckland,2020,11,1800.0,3600.0,USD,,,,,2026-05-24
해상,Busan,오세아니아,Auckland,2020,10,1550.0,3100.0,USD,,,,,2026-05-24
해상,Busan,오세아니아,Auckland,2020,09,1550.0,3050.0,USD,,,,,2026-05-24
해상,Busan,오세아니아,Auckland,2020,08,1400.0,2800.0,USD,,,,,2026-05-24
해상,Busan,오세아니아,Auckland,2020,07,1100.0,2200.0,USD,,,,,2026-05-24
해상,Busan,오세아니아,Auckland,2020,06,1100.0,2200.0,USD,,,,,2026-05-24
해상,Busan,오세아니아,Auckland,2020,05,1100.0,2200.0,USD,,,,,2026-05-24
해상,Busan,오세아니아,Auckland,2020,04,1100.0,2200.0,USD,,,,,2026-05-24
해상,Busan,오세아니아,Auckland,2020,03,1100.0,2200.0,USD,,,,,2026-05-24
해상,Busan,오세아니아,Auckland,2020,02,1100.0,2200.0,USD,,,,,2026-05-24
해상,Busan,오세아니아,Auckland,2020,01,1150.0,2300.0,USD,,,,,2026-05-24
해상,Busan,오세아니아,Auckland,2019,12,1150.0,2300.0,USD,,,,,2026-05-24
해상,Busan,오세아니아,Auckland,2019,11,1150.0,2300.0,USD,,,,,2026-05-24
해상,Busan,오세아니아,Auckland,2019,10,800.0,1600.0,USD,,,,,2026-05-24
해상,Busan,오세아니아,Auckland,2019,09,900.0,1800.0,USD,,,,,2026-05-24
해상,Busan,오세아니아,Auckland,2019,08,900.0,1800.0,USD,,,,,2026-05-24
해상,Busan,오세아니아,Auckland,2019,07,750.0,1500.0,USD,,,,,2026-05-24
해상,Busan,오세아니아,Auckland,2019,06,750.0,1500.0,USD,,,,,2026-05-24
해상,Busan,오세아니아,Auckland,2019,05,900.0,1800.0,USD,,,,,2026-05-24
해상,Busan,오세아니아,Auckland,2019,04,900.0,1800.0,USD,,,,,2026-05-24
해상,Busan,오세아니아,Auckland,2019,03,900.0,1800.0,USD,,,,,2026-05-24
해상,Busan,오세아니아,Auckland,2019,02,1050.0,2100.0,USD,,,,,2026-05-24
해상,Busan,오세아니아,Auckland,2019,01,1100.0,2200.0,USD,,,,,2026-05-24
해상,Busan,오세아니아,Auckland,2018,12,1100.0,2200.0,USD,,,,,2026-05-24
해상,Busan,오세아니아,Auckland,2018,11,1100.0,2200.0,USD,,,,,2026-05-24
해상,Busan,오세아니아,Auckland,2018,10,900.0,1800.0,USD,,,,,2026-05-24
해상,Busan,오세아니아,Auckland,2018,09,900.0,1800.0,USD,,,,,2026-05-24
해상,Busan,오세아니아,Auckland,2018,08,900.0,1800.0,USD,,,,,2026-05-24
해상,Busan,오세아니아,Auckland,2018,07,800.0,1600.0,USD,,,,,2026-05-24
해상,Busan,오세아니아,Auckland,2018,06,850.0,1400.0,USD,,,,,2026-05-24
해상,Busan,오세아니아,Auckland,2018,05,850.0,1400.0,USD,,,,,2026-05-24
해상,Busan,오세아니아,Auckland,2018,04,850.0,1400.0,USD,,,,,2026-05-24
해상,Busan,오세아니아,Auckland,2018,03,1200.0,2400.0,USD,,,,,2026-05-24
해상,Busan,오세아니아,Auckland,2018,02,1500.0,3000.0,USD,,,,,2026-05-24
해상,Busan,오세아니아,Auckland,2018,01,1500.0,3000.0,USD,,,,,2026-05-24
해상,Busan,중동,Bahrain,2026,05,10000.0,12000.0,USD,,,,,2026-05-24
해상,Busan,중동,Bahrain,2026,04,9500.0,12000.0,USD,,,,,2026-05-24
해상,Busan,중동,Bahrain,2026,03,,,USD,,,,,2026-05-24
해상,Busan,중동,Bahrain,2026,02,1400.0,1900.0,USD,,,,,2026-05-24
해상,Busan,중동,Bahrain,2026,01,1900.0,2600.0,USD,,,,,2026-05-24
해상,Busan,중동,Bahrain,2025,12,1700.0,2300.0,USD,,,,,2026-05-24
해상,Busan,중동,Bahrain,2025,11,1700.0,2100.0,USD,,,,,2026-05-24
해상,Busan,중동,Bahrain,2025,10,1200.0,1600.0,USD,,,,,2026-05-24
해상,Busan,중동,Bahrain,2025,09,1600.0,2200.0,USD,,,,,2026-05-24
해상,Busan,중동,Bahrain,2025,08,1700.0,2200.0,USD,,,,,2026-05-24
해상,Busan,중동,Bahrain,2025,07,1750.0,2300.0,USD,,,,,2026-05-24
해상,Busan,중동,Bahrain,2025,06,1400.0,1800.0,USD,,,,,2026-05-24
해상,Busan,중동,Bahrain,2025,05,1350.0,1900.0,USD,,,,,2026-05-24
해상,Busan,중동,Bahrain,2025,04,1450.0,2200.0,USD,,,,,2026-05-24
해상,Busan,중동,Bahrain,2025,03,1450.0,2100.0,USD,,,,,2026-05-24
해상,Busan,중동,Bahrain,2025,01,1650.0,2300.0,USD,,,,,2026-05-24
해상,Busan,중동,Bahrain,2024,12,1800.0,2500.0,USD,,,,,2026-05-24
해상,Busan,중동,Bahrain,2024,11,1650.0,2300.0,USD,,,,,2026-05-24
해상,Busan,중동,Bahrain,2024,10,1700.0,2300.0,USD,,,,,2026-05-24
해상,Busan,중동,Bahrain,2024,09,2100.0,2800.0,USD,,,,,2026-05-24
해상,Busan,중동,Bahrain,2024,08,2600.0,3950.0,USD,,,,,2026-05-24
해상,Busan,중동,Bahrain,2024,07,2650.0,3700.0,USD,,,,,2026-05-24
해상,Busan,중동,Bahrain,2024,06,1650.0,2950.0,USD,,,,,2026-05-24
해상,Busan,중동,Bahrain,2024,05,2150.0,3200.0,USD,,,,,2026-05-24
해상,Busan,중동,Bahrain,2024,03,1900.0,3200.0,USD,,,,,2026-05-24
해상,Busan,중동,Bahrain,2024,02,1900.0,3200.0,USD,,,,,2026-05-24
해상,Busan,중동,Bahrain,2024,01,1900.0,3200.0,USD,,,,,2026-05-24
해상,Busan,중동,Bahrain,2023,12,1400.0,1800.0,USD,,,,,2026-05-24
해상,Busan,중동,Bahrain,2023,11,1300.0,1800.0,USD,,,,,2026-05-24
해상,Busan,중동,Bahrain,2023,10,1350.0,1850.0,USD,,,,,2026-05-24
해상,Busan,중동,Bahrain,2023,09,1350.0,1850.0,USD,,,,,2026-05-24
해상,Busan,중동,Bahrain,2023,08,1350.0,1850.0,USD,,,,,2026-05-24
해상,Busan,중동,Bahrain,2023,07,1350.0,1850.0,USD,,,,,2026-05-24
해상,Busan,중동,Bahrain,2023,06,1350.0,1850.0,USD,,,,,2026-05-24
해상,Busan,중동,Bahrain,2023,05,1250.0,1550.0,USD,,,,,2026-05-24
해상,Busan,중동,Bahrain,2023,04,1350.0,2100.0,USD,,,,,2026-05-24
해상,Busan,중동,Bahrain,2023,03,1350.0,1700.0,USD,,,,,2026-05-24
해상,Busan,중동,Bahrain,2023,02,1100.0,1700.0,USD,,,,,2026-05-24
해상,Busan,중동,Bahrain,2023,01,1400.0,1850.0,USD,,,,,2026-05-24
해상,Busan,중동,Bahrain,2022,12,1700.0,2050.0,USD,,,,,2026-05-24
해상,Busan,중동,Bahrain,2022,11,1950.0,3250.0,USD,,,,,2026-05-24
해상,Busan,중동,Bahrain,2022,10,1750.0,2600.0,USD,,,,,2026-05-24
해상,Busan,중동,Bahrain,2022,09,3800.0,5500.0,USD,,,,,2026-05-24
해상,Busan,중동,Bahrain,2022,08,4000.0,6000.0,USD,,,,,2026-05-24
해상,Busan,중동,Bahrain,2022,07,4300.0,6300.0,USD,,,,,2026-05-24
해상,Busan,중동,Bahrain,2022,06,4200.0,6200.0,USD,,,,,2026-05-24
해상,Busan,중동,Bahrain,2022,05,4200.0,6200.0,USD,,,,,2026-05-24
해상,Busan,중동,Bahrain,2022,04,4500.0,6500.0,USD,,,,,2026-05-24
해상,Busan,중동,Bahrain,2022,03,5950.0,8200.0,USD,,,,,2026-05-24
해상,Busan,중동,Bahrain,2022,02,5950.0,8200.0,USD,,,,,2026-05-24
해상,Busan,중동,Bahrain,2022,01,5500.0,8500.0,USD,,,,,2026-05-24
해상,Busan,중동,Bahrain,2021,12,5500.0,8500.0,USD,,,,,2026-05-24
해상,Busan,중동,Bahrain,2021,11,5500.0,8500.0,USD,,,,,2026-05-24
해상,Busan,중동,Bahrain,2021,10,5500.0,8500.0,USD,,,,,2026-05-24
해상,Busan,중동,Bahrain,2021,09,4850.0,7200.0,USD,,,,,2026-05-24
해상,Busan,중동,Bahrain,2021,08,4850.0,7200.0,USD,,,,,2026-05-24
해상,Busan,중동,Bahrain,2021,07,4500.0,6000.0,USD,,,,,2026-05-24
해상,Busan,중동,Bahrain,2021,06,4750.0,6500.0,USD,,,,,2026-05-24
해상,Busan,중동,Bahrain,2021,05,2100.0,4200.0,USD,,,,,2026-05-24
해상,Busan,중동,Bahrain,2021,04,1800.0,3300.0,USD,,,,,2026-05-24
해상,Busan,중동,Bahrain,2021,03,1800.0,3300.0,USD,,,,,2026-05-24
해상,Busan,중동,Bahrain,2021,02,1800.0,3200.0,USD,,,,,2026-05-24
해상,Busan,중동,Bahrain,2021,01,1692.0,3134.0,USD,,,,,2026-05-24
해상,Busan,중동,Bahrain,2020,12,1400.0,2000.0,USD,,,,,2026-05-24
해상,Busan,중동,Bahrain,2020,11,900.0,1450.0,USD,,,,,2026-05-24
해상,Busan,중동,Bahrain,2020,10,900.0,1450.0,USD,,,,,2026-05-24
해상,Busan,중동,Bahrain,2020,09,883.0,1428.0,USD,,,,,2026-05-24
해상,Busan,중동,Bahrain,2020,08,1000.0,1550.0,USD,,,,,2026-05-24
해상,Busan,중동,Bahrain,2020,07,1000.0,1550.0,USD,,,,,2026-05-24
해상,Busan,중동,Bahrain,2020,06,900.0,1500.0,USD,,,,,2026-05-24
해상,Busan,중동,Bahrain,2020,05,1150.0,1800.0,USD,,,,,2026-05-24
해상,Busan,중동,Bahrain,2020,04,1150.0,1800.0,USD,,,,,2026-05-24
해상,Busan,중동,Bahrain,2020,03,950.0,1400.0,USD,,,,,2026-05-24
해상,Busan,중동,Bahrain,2020,02,950.0,1400.0,USD,,,,,2026-05-24
해상,Busan,중동,Bahrain,2020,01,950.0,1600.0,USD,,,,,2026-05-24
해상,Busan,중동,Bahrain,2019,12,750.0,1200.0,USD,,,,,2026-05-24
해상,Busan,중동,Bahrain,2019,11,900.0,1500.0,USD,,,,,2026-05-24
해상,Busan,중동,Bahrain,2019,10,750.0,1200.0,USD,,,,,2026-05-24
해상,Busan,중동,Bahrain,2019,09,750.0,1500.0,USD,,,,,2026-05-24
해상,Busan,중동,Bahrain,2019,08,750.0,1200.0,USD,,,,,2026-05-24
해상,Busan,중동,Bahrain,2019,07,900.0,1600.0,USD,,,,,2026-05-24
해상,Busan,중동,Bahrain,2019,06,850.0,1400.0,USD,,,,,2026-05-24
해상,Busan,중동,Bahrain,2019,05,850.0,1400.0,USD,,,,,2026-05-24
해상,Busan,중동,Bahrain,2019,04,850.0,1400.0,USD,,,,,2026-05-24
해상,Busan,중동,Bahrain,2019,03,850.0,1400.0,USD,,,,,2026-05-24
해상,Busan,중동,Bahrain,2019,02,700.0,1150.0,USD,,,,,2026-05-24
해상,Busan,중동,Bahrain,2019,01,700.0,1150.0,USD,,,,,2026-05-24
해상,Busan,중동,Bahrain,2018,12,700.0,1150.0,USD,,,,,2026-05-24
해상,Busan,중동,Bahrain,2018,11,700.0,1150.0,USD,,,,,2026-05-24
해상,Busan,중동,Bahrain,2018,10,700.0,1050.0,USD,,,,,2026-05-24
해상,Busan,중동,Bahrain,2018,09,800.0,1400.0,USD,,,,,2026-05-24
해상,Busan,중동,Bahrain,2018,08,800.0,1400.0,USD,,,,,2026-05-24
해상,Busan,중동,Bahrain,2018,07,800.0,1400.0,USD,,,,,2026-05-24
해상,Busan,중동,Bahrain,2018,06,800.0,1400.0,USD,,,,,2026-05-24
해상,Busan,중동,Bahrain,2018,05,700.0,1000.0,USD,,,,,2026-05-24
해상,Busan,중동,Bahrain,2018,04,700.0,1200.0,USD,,,,,2026-05-24
해상,Busan,중동,Bahrain,2018,03,850.0,1500.0,USD,,,,,2026-05-24
해상,Busan,중동,Bahrain,2018,02,850.0,1400.0,USD,,,,,2026-05-24
해상,Busan,중동,Bahrain,2018,01,650.0,1000.0,USD,,,,,2026-05-24
해상,Busan,중동,Bahrain,2017,12,850.0,1500.0,USD,,,,,2026-05-24
해상,Busan,중동,Bandar Abbas,2025,08,,,USD,,,,,2026-05-24
해상,Busan,중동,Bandar Abbas,2025,07,,,USD,,,,,2026-05-24
해상,Busan,중동,Bandar Abbas,2025,06,,,USD,,,,,2026-05-24
해상,Busan,중동,Bandar Abbas,2025,05,,,USD,,,,,2026-05-24
해상,Busan,중동,Bandar Abbas,2025,04,,,USD,,,,,2026-05-24
해상,Busan,중동,Bandar Abbas,2025,03,,,USD,,,,,2026-05-24
해상,Busan,중동,Bandar Abbas,2025,01,,,USD,,,,,2026-05-24
해상,Busan,중동,Bandar Abbas,2024,12,0.0,0.0,USD,,,,,2026-05-24
해상,Busan,중동,Bandar Abbas,2024,11,0.0,0.0,USD,,,,,2026-05-24
해상,Busan,중동,Bandar Abbas,2024,10,0.0,0.0,USD,,,,,2026-05-24
해상,Busan,중동,Bandar Abbas,2024,09,0.0,0.0,USD,,,,,2026-05-24
해상,Busan,중동,Bandar Abbas,2024,08,0.0,0.0,USD,,,,,2026-05-24
해상,Busan,중동,Bandar Abbas,2024,07,0.0,0.0,USD,,,,,2026-05-24
해상,Busan,중동,Bandar Abbas,2024,01,,,USD,,,,,2026-05-24
해상,Busan,중동,Bandar Abbas,2023,12,,,USD,,,,,2026-05-24
해상,Busan,중동,Bandar Abbas,2023,11,,,USD,,,,,2026-05-24
해상,Busan,중동,Bandar Abbas,2023,10,,,USD,,,,,2026-05-24
해상,Busan,중동,Bandar Abbas,2023,09,,,USD,,,,,2026-05-24
해상,Busan,중동,Bandar Abbas,2023,08,,,USD,,,,,2026-05-24
해상,Busan,중동,Bandar Abbas,2023,06,,,USD,,,,,2026-05-24
해상,Busan,중동,Bandar Abbas,2023,05,,,USD,,,,,2026-05-24
해상,Busan,중동,Bandar Abbas,2023,04,,,USD,,,,,2026-05-24
해상,Busan,중동,Bandar Abbas,2023,03,1700.0,3000.0,USD,,,,,2026-05-24
해상,Busan,중동,Bandar Abbas,2023,02,0.0,0.0,USD,,,,,2026-05-24
해상,Busan,중동,Bandar Abbas,2023,01,,,USD,,,,,2026-05-24
해상,Busan,중동,Bandar Abbas,2022,09,0.0,0.0,USD,,,,,2026-05-24
해상,Busan,중동,Bandar Abbas,2022,07,0.0,0.0,USD,,,,,2026-05-24
해상,Busan,중동,Bandar Abbas,2022,06,0.0,0.0,USD,,,,,2026-05-24
해상,Busan,중동,Bandar Abbas,2022,05,0.0,0.0,USD,,,,,2026-05-24
해상,Busan,중동,Bandar Abbas,2022,04,0.0,0.0,USD,,,,,2026-05-24
해상,Busan,중동,Bandar Abbas,2022,03,0.0,0.0,USD,,,,,2026-05-24
해상,Busan,중동,Bandar Abbas,2022,02,0.0,0.0,USD,,,,,2026-05-24
해상,Busan,중동,Bandar Abbas,2022,01,120.0,120.0,USD,,,,,2026-05-24
해상,Busan,중동,Bandar Abbas,2021,12,120.0,120.0,USD,,,,,2026-05-24
해상,Busan,중동,Bandar Abbas,2021,11,120.0,120.0,USD,,,,,2026-05-24
해상,Busan,중동,Bandar Abbas,2021,10,120.0,120.0,USD,,,,,2026-05-24
해상,Busan,중동,Bandar Abbas,2021,09,120.0,120.0,USD,,,,,2026-05-24
해상,Busan,중동,Bandar Abbas,2021,08,0.0,0.0,USD,,,,,2026-05-24
해상,Busan,중동,Bandar Abbas,2021,07,0.0,0.0,USD,,,,,2026-05-24
해상,Busan,중동,Bandar Abbas,2021,06,0.0,0.0,USD,,,,,2026-05-24
해상,Busan,중동,Bandar Abbas,2021,05,0.0,0.0,USD,,,,,2026-05-24
해상,Busan,중동,Bandar Abbas,2021,04,0.0,0.0,USD,,,,,2026-05-24
해상,Busan,중동,Bandar Abbas,2021,03,0.0,0.0,USD,,,,,2026-05-24
해상,Busan,중동,Bandar Abbas,2021,02,0.0,0.0,USD,,,,,2026-05-24
해상,Busan,중동,Bandar Abbas,2021,01,0.0,0.0,USD,,,,,2026-05-24
해상,Busan,중동,Bandar Abbas,2020,12,0.0,0.0,USD,,,,,2026-05-24
해상,Busan,중동,Bandar Abbas,2020,11,0.0,0.0,USD,,,,,2026-05-24
해상,Busan,중동,Bandar Abbas,2020,10,0.0,0.0,USD,,,,,2026-05-24
해상,Busan,중동,Bandar Abbas,2020,09,0.0,0.0,USD,,,,,2026-05-24
해상,Busan,중동,Bandar Abbas,2020,08,0.0,0.0,USD,,,,,2026-05-24
해상,Busan,중동,Bandar Abbas,2020,07,0.0,0.0,USD,,,,,2026-05-24
해상,Busan,중동,Bandar Abbas,2020,06,0.0,0.0,USD,,,,,2026-05-24
해상,Busan,중동,Bandar Abbas,2020,05,0.0,0.0,USD,,,,,2026-05-24
해상,Busan,중동,Bandar Abbas,2020,04,0.0,0.0,USD,,,,,2026-05-24
해상,Busan,중동,Bandar Abbas,2020,03,0.0,0.0,USD,,,,,2026-05-24
해상,Busan,중동,Bandar Abbas,2020,02,0.0,0.0,USD,,,,,2026-05-24
해상,Busan,중동,Bandar Abbas,2020,01,0.0,0.0,USD,,,,,2026-05-24
해상,Busan,중동,Bandar Abbas,2019,12,0.0,0.0,USD,,,,,2026-05-24
해상,Busan,중동,Bandar Abbas,2019,11,0.0,0.0,USD,,,,,2026-05-24
해상,Busan,중동,Bandar Abbas,2019,10,0.0,0.0,USD,,,,,2026-05-24
해상,Busan,중동,Bandar Abbas,2019,09,0.0,0.0,USD,,,,,2026-05-24
해상,Busan,중동,Bandar Abbas,2019,08,0.0,0.0,USD,,,,,2026-05-24
해상,Busan,중동,Bandar Abbas,2019,07,0.0,0.0,USD,,,,,2026-05-24
해상,Busan,중동,Bandar Abbas,2019,06,0.0,0.0,USD,,,,,2026-05-24
해상,Busan,중동,Bandar Abbas,2019,05,0.0,0.0,USD,,,,,2026-05-24
해상,Busan,중동,Bandar Abbas,2019,04,0.0,0.0,USD,,,,,2026-05-24
해상,Busan,중동,Bandar Abbas,2019,03,0.0,0.0,USD,,,,,2026-05-24
해상,Busan,중동,Bandar Abbas,2019,02,,,USD,,,,,2026-05-24
해상,Busan,중동,Bandar Abbas,2019,01,0.0,0.0,USD,,,,,2026-05-24
해상,Busan,중동,Bandar Abbas,2018,12,0.0,0.0,USD,,,,,2026-05-24
해상,Busan,중동,Bandar Abbas,2018,11,0.0,0.0,USD,,,,,2026-05-24
해상,Busan,중동,Bandar Abbas,2018,10,0.0,0.0,USD,,,,,2026-05-24
해상,Busan,중동,Bandar Abbas,2018,09,1300.0,2400.0,USD,,,,,2026-05-24
해상,Busan,중동,Bandar Abbas,2018,08,0.0,0.0,USD,,,,,2026-05-24
해상,Busan,중동,Bandar Abbas,2018,07,900.0,1600.0,USD,,,,,2026-05-24
해상,Busan,중동,Bandar Abbas,2018,06,900.0,1800.0,USD,,,,,2026-05-24
해상,Busan,중동,Bandar Abbas,2018,05,600.0,900.0,USD,,,,,2026-05-24
해상,Busan,중동,Bandar Abbas,2018,04,700.0,1300.0,USD,,,,,2026-05-24
해상,Busan,중동,Bandar Abbas,2018,03,900.0,1500.0,USD,,,,,2026-05-24
해상,Busan,중동,Bandar Abbas,2018,02,900.0,1500.0,USD,,,,,2026-05-24
해상,Busan,중동,Bandar Abbas,2018,01,700.0,1100.0,USD,,,,,2026-05-24
해상,Busan,중동,Bandar Abbas,2017,12,700.0,1200.0,USD,,,,,2026-05-24
해상,Busan,중동,Bandar Abbas,2017,11,700.0,1200.0,USD,,,,,2026-05-24
해상,Busan,중동,Bandar Abbas,2017,10,800.0,1300.0,USD,,,,,2026-05-24
해상,Busan,중동,Bandar Abbas,2017,09,850.0,1600.0,USD,,,,,2026-05-24
해상,Busan,중동,Bandar Abbas,2017,08,1000.0,1800.0,USD,,,,,2026-05-24
해상,Busan,중동,Bandar Abbas,2017,07,900.0,1600.0,USD,,,,,2026-05-24
해상,Busan,중동,Bandar Abbas,2017,06,900.0,1500.0,USD,,,,,2026-05-24
해상,Busan,중동,Bandar Abbas,2017,05,900.0,1600.0,USD,,,,,2026-05-24
해상,Busan,중동,Bandar Abbas,2017,04,900.0,1600.0,USD,,,,,2026-05-24
해상,Busan,중동,Bandar Abbas,2017,03,750.0,1300.0,USD,,,,,2026-05-24
해상,Busan,중동,Bandar Abbas,2017,02,750.0,1300.0,USD,,,,,2026-05-24
해상,Busan,중동,Bandar Abbas,2017,01,750.0,1300.0,USD,,,,,2026-05-24
해상,Busan,중동,Bandar Abbas,2016,12,800.0,1100.0,USD,,,,,2026-05-24
해상,Busan,중동,Bandar Abbas,2016,11,900.0,1500.0,USD,,,,,2026-05-24
해상,Busan,중동,Bandar Abbas,2016,10,800.0,1200.0,USD,,,,,2026-05-24
해상,Busan,중동,Bandar Abbas,2016,09,800.0,1200.0,USD,,,,,2026-05-24
해상,Busan,중동,Bandar Abbas,2016,08,700.0,1200.0,USD,,,,,2026-05-24
해상,Busan,중동,Bandar Abbas,2016,07,700.0,1300.0,USD,,,,,2026-05-24
해상,Busan,중동,Bandar Abbas,2016,06,700.0,1300.0,USD,,,,,2026-05-24
해상,Busan,중동,Damman,2026,05,6700.0,10800.0,USD,,,,,2026-05-24
해상,Busan,중동,Damman,2026,04,7450.0,9600.0,USD,,,,,2026-05-24
해상,Busan,중동,Damman,2026,01,1650.0,2200.0,USD,,,,,2026-05-24
해상,Busan,중동,Damman,2025,12,1450.0,1800.0,USD,,,,,2026-05-24
해상,Busan,중동,Damman,2025,11,1450.0,1750.0,USD,,,,,2026-05-24
해상,Busan,중동,Damman,2025,10,1100.0,1500.0,USD,,,,,2026-05-24
해상,Busan,중동,Damman,2025,09,1400.0,1800.0,USD,,,,,2026-05-24
해상,Busan,중동,Damman,2025,08,1400.0,1700.0,USD,,,,,2026-05-24
해상,Busan,중동,Damman,2025,07,1700.0,2200.0,USD,,,,,2026-05-24
해상,Busan,중동,Damman,2025,06,1300.0,1700.0,USD,,,,,2026-05-24
해상,Busan,중동,Damman,2025,05,1250.0,1700.0,USD,,,,,2026-05-24
해상,Busan,중동,Damman,2025,04,1300.0,1700.0,USD,,,,,2026-05-24
해상,Busan,중동,Damman,2025,03,1400.0,1800.0,USD,,,,,2026-05-24
해상,Busan,중동,Damman,2025,01,1450.0,2100.0,USD,,,,,2026-05-24
해상,Busan,중동,Damman,2024,12,1650.0,2300.0,USD,,,,,2026-05-24
해상,Busan,중동,Damman,2024,11,1450.0,2100.0,USD,,,,,2026-05-24
해상,Busan,중동,Damman,2024,10,1600.0,2100.0,USD,,,,,2026-05-24
해상,Busan,중동,Damman,2024,09,2400.0,3000.0,USD,,,,,2026-05-24
해상,Busan,중동,Damman,2024,08,2500.0,3850.0,USD,,,,,2026-05-24
해상,Busan,중동,Damman,2024,07,2550.0,3600.0,USD,,,,,2026-05-24
해상,Busan,중동,Damman,2024,06,3000.0,4450.0,USD,,,,,2026-05-24
해상,Busan,중동,Damman,2024,05,1950.0,2800.0,USD,,,,,2026-05-24
해상,Busan,중동,Damman,2024,04,1850.0,3100.0,USD,,,,,2026-05-24
해상,Busan,중동,Damman,2024,03,1850.0,3100.0,USD,,,,,2026-05-24
해상,Busan,중동,Damman,2024,02,1850.0,3100.0,USD,,,,,2026-05-24
해상,Busan,중동,Damman,2024,01,1850.0,3100.0,USD,,,,,2026-05-24
해상,Busan,중동,Damman,2023,12,1150.0,1600.0,USD,,,,,2026-05-24
해상,Busan,중동,Damman,2023,11,1150.0,1600.0,USD,,,,,2026-05-24
해상,Busan,중동,Damman,2023,10,1150.0,1600.0,USD,,,,,2026-05-24
해상,Busan,중동,Damman,2023,09,1150.0,1600.0,USD,,,,,2026-05-24
해상,Busan,중동,Damman,2023,08,1150.0,1600.0,USD,,,,,2026-05-24
해상,Busan,중동,Damman,2023,07,1200.0,1700.0,USD,,,,,2026-05-24
해상,Busan,중동,Damman,2023,06,1200.0,1700.0,USD,,,,,2026-05-24
해상,Busan,중동,Damman,2023,05,1150.0,1400.0,USD,,,,,2026-05-24
해상,Busan,중동,Damman,2023,04,1300.0,1800.0,USD,,,,,2026-05-24
해상,Busan,중동,Damman,2023,03,1250.0,1600.0,USD,,,,,2026-05-24
해상,Busan,중동,Damman,2023,02,1000.0,1600.0,USD,,,,,2026-05-24
해상,Busan,중동,Damman,2023,01,1100.0,1600.0,USD,,,,,2026-05-24
해상,Busan,중동,Damman,2022,12,1100.0,1900.0,USD,,,,,2026-05-24
해상,Busan,중동,Damman,2022,11,1700.0,2500.0,USD,,,,,2026-05-24
해상,Busan,중동,Damman,2022,10,1700.0,2980.0,USD,,,,,2026-05-24
해상,Busan,중동,Damman,2022,09,3500.0,5100.0,USD,,,,,2026-05-24
해상,Busan,중동,Damman,2022,08,4000.0,6000.0,USD,,,,,2026-05-24
해상,Busan,중동,Damman,2022,07,4500.0,6500.0,USD,,,,,2026-05-24
해상,Busan,중동,Damman,2022,06,4000.0,6000.0,USD,,,,,2026-05-24
해상,Busan,중동,Damman,2022,05,4000.0,6000.0,USD,,,,,2026-05-24
해상,Busan,중동,Damman,2022,04,4300.0,6300.0,USD,,,,,2026-05-24
해상,Busan,중동,Damman,2022,03,5450.0,7500.0,USD,,,,,2026-05-24
해상,Busan,중동,Damman,2022,02,5450.0,7500.0,USD,,,,,2026-05-24
해상,Busan,중동,Damman,2022,01,6500.0,8900.0,USD,,,,,2026-05-24
해상,Busan,중동,Damman,2021,12,6500.0,8900.0,USD,,,,,2026-05-24
해상,Busan,중동,Damman,2021,11,6500.0,8900.0,USD,,,,,2026-05-24
해상,Busan,중동,Damman,2021,10,6500.0,8900.0,USD,,,,,2026-05-24
해상,Busan,중동,Damman,2021,09,5500.0,7450.0,USD,,,,,2026-05-24
해상,Busan,중동,Damman,2021,08,5500.0,7450.0,USD,,,,,2026-05-24
해상,Busan,중동,Damman,2021,07,4300.0,5700.0,USD,,,,,2026-05-24
해상,Busan,중동,Damman,2021,06,4500.0,6500.0,USD,,,,,2026-05-24
해상,Busan,중동,Damman,2021,05,2100.0,4200.0,USD,,,,,2026-05-24
해상,Busan,중동,Damman,2021,04,1600.0,3000.0,USD,,,,,2026-05-24
해상,Busan,중동,Damman,2021,03,1600.0,3000.0,USD,,,,,2026-05-24
해상,Busan,중동,Damman,2021,02,1550.0,2900.0,USD,,,,,2026-05-24
해상,Busan,중동,Damman,2021,01,1492.0,2884.0,USD,,,,,2026-05-24
해상,Busan,중동,Damman,2020,12,1225.0,1750.0,USD,,,,,2026-05-24
해상,Busan,중동,Damman,2020,11,800.0,1300.0,USD,,,,,2026-05-24
해상,Busan,중동,Damman,2020,10,800.0,1300.0,USD,,,,,2026-05-24
해상,Busan,중동,Damman,2020,09,800.0,1216.0,USD,,,,,2026-05-24
해상,Busan,중동,Damman,2020,08,1050.0,1650.0,USD,,,,,2026-05-24
해상,Busan,중동,Damman,2020,07,1050.0,1650.0,USD,,,,,2026-05-24
해상,Busan,중동,Damman,2020,06,900.0,1400.0,USD,,,,,2026-05-24
해상,Busan,중동,Damman,2020,05,1000.0,1650.0,USD,,,,,2026-05-24
해상,Busan,중동,Damman,2020,04,1100.0,1750.0,USD,,,,,2026-05-24
해상,Busan,중동,Damman,2020,03,950.0,1300.0,USD,,,,,2026-05-24
해상,Busan,중동,Damman,2020,02,950.0,1300.0,USD,,,,,2026-05-24
해상,Busan,중동,Damman,2020,01,950.0,1500.0,USD,,,,,2026-05-24
해상,Busan,중동,Damman,2019,12,600.0,1000.0,USD,,,,,2026-05-24
해상,Busan,중동,Damman,2019,11,750.0,1200.0,USD,,,,,2026-05-24
해상,Busan,중동,Damman,2019,10,600.0,1000.0,USD,,,,,2026-05-24
해상,Busan,중동,Damman,2019,09,700.0,1200.0,USD,,,,,2026-05-24
해상,Busan,중동,Damman,2019,08,700.0,1200.0,USD,,,,,2026-05-24
해상,Busan,중동,Damman,2019,07,800.0,1200.0,USD,,,,,2026-05-24
해상,Busan,중동,Damman,2019,06,700.0,1200.0,USD,,,,,2026-05-24
해상,Busan,중동,Damman,2019,05,700.0,1200.0,USD,,,,,2026-05-24
해상,Busan,중동,Damman,2019,04,700.0,1200.0,USD,,,,,2026-05-24
해상,Busan,중동,Damman,2019,03,700.0,1200.0,USD,,,,,2026-05-24
해상,Busan,중동,Damman,2019,02,600.0,1000.0,USD,,,,,2026-05-24
해상,Busan,중동,Damman,2019,01,600.0,1000.0,USD,,,,,2026-05-24
해상,Busan,중동,Damman,2018,12,600.0,1000.0,USD,,,,,2026-05-24
해상,Busan,중동,Damman,2018,11,600.0,1000.0,USD,,,,,2026-05-24
해상,Busan,중동,Damman,2018,10,600.0,1000.0,USD,,,,,2026-05-24
해상,Busan,중동,Damman,2018,09,600.0,1000.0,USD,,,,,2026-05-24
해상,Busan,중동,Damman,2018,08,600.0,1000.0,USD,,,,,2026-05-24
해상,Busan,중동,Damman,2018,07,600.0,1000.0,USD,,,,,2026-05-24
해상,Busan,중동,Damman,2018,06,600.0,1000.0,USD,,,,,2026-05-24
해상,Busan,중동,Damman,2018,05,550.0,700.0,USD,,,,,2026-05-24
해상,Busan,중동,Damman,2018,04,550.0,800.0,USD,,,,,2026-05-24
해상,Busan,중동,Damman,2018,03,700.0,1300.0,USD,,,,,2026-05-24
해상,Busan,중동,Damman,2018,02,650.0,1100.0,USD,,,,,2026-05-24
해상,Busan,중동,Damman,2018,01,450.0,700.0,USD,,,,,2026-05-24
해상,Busan,중동,Damman,2017,12,650.0,1100.0,USD,,,,,2026-05-24
해상,Busan,중동,Damman,2017,11,650.0,1100.0,USD,,,,,2026-05-24
해상,Busan,중동,Jeddah,2026,05,4600.0,7200.0,USD,,,,,2026-05-24
해상,Busan,중동,Jeddah,2026,04,4500.0,6700.0,USD,,,,,2026-05-24
해상,Busan,중동,Jeddah,2026,01,2050.0,3150.0,USD,,,,,2026-05-24
해상,Busan,중동,Jeddah,2025,12,2100.0,3000.0,USD,,,,,2026-05-24
해상,Busan,중동,Jeddah,2025,11,2950.0,4000.0,USD,,,,,2026-05-24
해상,Busan,중동,Jeddah,2025,10,2550.0,3500.0,USD,,,,,2026-05-24
해상,Busan,중동,Jeddah,2025,09,2500.0,3500.0,USD,,,,,2026-05-24
해상,Busan,중동,Jeddah,2025,08,1900.0,3000.0,USD,,,,,2026-05-24
해상,Busan,중동,Jeddah,2025,07,2700.0,3800.0,USD,,,,,2026-05-24
해상,Busan,중동,Jeddah,2025,06,2460.0,3700.0,USD,,,,,2026-05-24
해상,Busan,중동,Jeddah,2025,05,2400.0,3700.0,USD,,,,,2026-05-24
해상,Busan,중동,Jeddah,2025,04,2900.0,3800.0,USD,,,,,2026-05-24
해상,Busan,중동,Jeddah,2025,03,2700.0,3850.0,USD,,,,,2026-05-24
해상,Busan,중동,Jeddah,2025,01,2800.0,4100.0,USD,,,,,2026-05-24
해상,Busan,중동,Jeddah,2024,12,3400.0,4400.0,USD,,,,,2026-05-24
해상,Busan,중동,Jeddah,2024,11,1700.0,4100.0,USD,,,,,2026-05-24
해상,Busan,중동,Jeddah,2024,10,3700.0,5300.0,USD,,,,,2026-05-24
해상,Busan,중동,Jeddah,2024,09,3900.0,5400.0,USD,,,,,2026-05-24
해상,Busan,중동,Jeddah,2024,08,3700.0,5300.0,USD,,,,,2026-05-24
해상,Busan,중동,Jeddah,2024,07,3750.0,4300.0,USD,,,,,2026-05-24
해상,Busan,중동,Jeddah,2024,06,3700.0,4584.0,USD,,,,,2026-05-24
해상,Busan,중동,Jeddah,2024,05,4200.0,5500.0,USD,,,,,2026-05-24
해상,Busan,중동,Jeddah,2024,04,3200.0,4300.0,USD,,,,,2026-05-24
해상,Busan,중동,Jeddah,2024,03,3200.0,4700.0,USD,,,,,2026-05-24
해상,Busan,중동,Jeddah,2024,02,3200.0,4700.0,USD,,,,,2026-05-24
해상,Busan,중동,Jeddah,2024,01,3200.0,4700.0,USD,,,,,2026-05-24
해상,Busan,중동,Jeddah,2023,12,1700.0,1900.0,USD,,,,,2026-05-24
해상,Busan,중동,Jeddah,2023,11,1700.0,1900.0,USD,,,,,2026-05-24
해상,Busan,중동,Jeddah,2023,10,1900.0,2100.0,USD,,,,,2026-05-24
해상,Busan,중동,Jeddah,2023,09,1900.0,2100.0,USD,,,,,2026-05-24
해상,Busan,중동,Jeddah,2023,08,1900.0,2100.0,USD,,,,,2026-05-24
해상,Busan,중동,Jeddah,2023,07,2000.0,2400.0,USD,,,,,2026-05-24
해상,Busan,중동,Jeddah,2023,06,2000.0,2400.0,USD,,,,,2026-05-24
해상,Busan,중동,Jeddah,2023,05,1850.0,2300.0,USD,,,,,2026-05-24
해상,Busan,중동,Jeddah,2023,04,1950.0,2300.0,USD,,,,,2026-05-24
해상,Busan,중동,Jeddah,2023,03,1550.0,2400.0,USD,,,,,2026-05-24
해상,Busan,중동,Jeddah,2023,02,1650.0,2550.0,USD,,,,,2026-05-24
해상,Busan,중동,Jeddah,2023,01,1600.0,2954.0,USD,,,,,2026-05-24
해상,Busan,중동,Jeddah,2022,12,2000.0,2500.0,USD,,,,,2026-05-24
해상,Busan,중동,Jeddah,2022,11,2700.0,3600.0,USD,,,,,2026-05-24
해상,Busan,중동,Jeddah,2022,10,3700.0,,USD,,,,,2026-05-24
해상,Busan,중동,Jeddah,2022,09,4800.0,7500.0,USD,,,,,2026-05-24
해상,Busan,중동,Jeddah,2022,08,4800.0,7500.0,USD,,,,,2026-05-24
해상,Busan,중동,Jeddah,2022,07,4800.0,7000.0,USD,,,,,2026-05-24
해상,Busan,중동,Jeddah,2022,06,5300.0,8000.0,USD,,,,,2026-05-24
해상,Busan,중동,Jeddah,2022,05,5300.0,8000.0,USD,,,,,2026-05-24
해상,Busan,중동,Jeddah,2022,04,5300.0,8300.0,USD,,,,,2026-05-24
해상,Busan,중동,Jeddah,2022,03,8000.0,11000.0,USD,,,,,2026-05-24
해상,Busan,중동,Jeddah,2022,02,5950.0,9100.0,USD,,,,,2026-05-24
해상,Busan,중동,Jeddah,2022,01,8000.0,9200.0,USD,,,,,2026-05-24
해상,Busan,중동,Jeddah,2021,12,8000.0,9200.0,USD,,,,,2026-05-24
해상,Busan,중동,Jeddah,2021,11,8000.0,9200.0,USD,,,,,2026-05-24
해상,Busan,중동,Jeddah,2021,10,8000.0,9200.0,USD,,,,,2026-05-24
해상,Busan,중동,Jeddah,2021,09,7400.0,9000.0,USD,,,,,2026-05-24
해상,Busan,중동,Jeddah,2021,08,7400.0,9000.0,USD,,,,,2026-05-24
해상,Busan,중동,Jeddah,2021,07,7400.0,9000.0,USD,,,,,2026-05-24
해상,Busan,중동,Jeddah,2021,06,5400.0,8700.0,USD,,,,,2026-05-24
해상,Busan,중동,Jeddah,2021,05,3250.0,5500.0,USD,,,,,2026-05-24
해상,Busan,중동,Jeddah,2021,04,1600.0,2700.0,USD,,,,,2026-05-24
해상,Busan,중동,Jeddah,2021,03,1600.0,2700.0,USD,,,,,2026-05-24
해상,Busan,중동,Jeddah,2021,02,2100.0,3300.0,USD,,,,,2026-05-24
해상,Busan,중동,Jeddah,2021,01,1550.0,2600.0,USD,,,,,2026-05-24
해상,Busan,중동,Jeddah,2020,12,1500.0,2150.0,USD,,,,,2026-05-24
해상,Busan,중동,Jeddah,2020,11,850.0,1300.0,USD,,,,,2026-05-24
해상,Busan,중동,Jeddah,2020,10,850.0,1300.0,USD,,,,,2026-05-24
해상,Busan,중동,Jeddah,2020,09,950.0,1383.0,USD,,,,,2026-05-24
해상,Busan,중동,Jeddah,2020,08,1150.0,1750.0,USD,,,,,2026-05-24
해상,Busan,중동,Jeddah,2020,07,1150.0,1750.0,USD,,,,,2026-05-24
해상,Busan,중동,Jeddah,2020,06,1100.0,1400.0,USD,,,,,2026-05-24
해상,Busan,중동,Jeddah,2020,05,1150.0,1650.0,USD,,,,,2026-05-24
해상,Busan,중동,Jeddah,2020,04,1250.0,1850.0,USD,,,,,2026-05-24
해상,Busan,중동,Jeddah,2020,03,1000.0,1700.0,USD,,,,,2026-05-24
해상,Busan,중동,Jeddah,2020,02,1000.0,1700.0,USD,,,,,2026-05-24
해상,Busan,중동,Jeddah,2020,01,1000.0,1500.0,USD,,,,,2026-05-24
해상,Busan,중동,Jeddah,2019,12,950.0,1300.0,USD,,,,,2026-05-24
해상,Busan,중동,Jeddah,2019,11,950.0,1300.0,USD,,,,,2026-05-24
해상,Busan,중동,Jeddah,2019,10,950.0,1500.0,USD,,,,,2026-05-24
해상,Busan,중동,Jeddah,2019,09,950.0,1600.0,USD,,,,,2026-05-24
해상,Busan,중동,Jeddah,2019,08,950.0,1600.0,USD,,,,,2026-05-24
해상,Busan,중동,Jeddah,2019,07,1000.0,1600.0,USD,,,,,2026-05-24
해상,Busan,중동,Jeddah,2019,06,950.0,1500.0,USD,,,,,2026-05-24
해상,Busan,중동,Jeddah,2019,05,950.0,1500.0,USD,,,,,2026-05-24
해상,Busan,중동,Jeddah,2019,04,950.0,1500.0,USD,,,,,2026-05-24
해상,Busan,중동,Jeddah,2019,03,950.0,1500.0,USD,,,,,2026-05-24
해상,Busan,중동,Jeddah,2019,02,950.0,1500.0,USD,,,,,2026-05-24
해상,Busan,중동,Jeddah,2019,01,950.0,1500.0,USD,,,,,2026-05-24
해상,Busan,중동,Jeddah,2018,12,950.0,1500.0,USD,,,,,2026-05-24
해상,Busan,중동,Jeddah,2018,11,950.0,1500.0,USD,,,,,2026-05-24
해상,Busan,중동,Jeddah,2018,10,1000.0,1600.0,USD,,,,,2026-05-24
해상,Busan,중동,Jeddah,2018,09,1000.0,1600.0,USD,,,,,2026-05-24
해상,Busan,중동,Jeddah,2018,08,1000.0,1600.0,USD,,,,,2026-05-24
해상,Busan,중동,Jeddah,2018,07,1000.0,1600.0,USD,,,,,2026-05-24
해상,Busan,중동,Jeddah,2018,06,900.0,1500.0,USD,,,,,2026-05-24
해상,Busan,중동,Jeddah,2018,05,700.0,1000.0,USD,,,,,2026-05-24
해상,Busan,중동,Jeddah,2018,04,700.0,1200.0,USD,,,,,2026-05-24
해상,Busan,중동,Jeddah,2018,03,800.0,1400.0,USD,,,,,2026-05-24
해상,Busan,중동,Jeddah,2018,02,800.0,1400.0,USD,,,,,2026-05-24
해상,Busan,중동,Jeddah,2018,01,650.0,1000.0,USD,,,,,2026-05-24
해상,Busan,중동,Jeddah,2017,12,650.0,1050.0,USD,,,,,2026-05-24
해상,Busan,중동,Jeddah,2017,11,950.0,1700.0,USD,,,,,2026-05-24
해상,Busan,중동,Riyard,2026,05,6000.0,8000.0,USD,,,,,2026-05-24
해상,Busan,중동,Riyard,2026,04,6300.0,8500.0,USD,,,,,2026-05-24
해상,Busan,중동,Riyard,2026,01,2000.0,2250.0,USD,,,,,2026-05-24
해상,Busan,중동,Riyard,2025,12,1800.0,2400.0,USD,,,,,2026-05-24
해상,Busan,중동,Riyard,2025,11,1800.0,2250.0,USD,,,,,2026-05-24
해상,Busan,중동,Riyard,2025,10,1400.0,1950.0,USD,,,,,2026-05-24
해상,Busan,중동,Riyard,2025,09,1800.0,2300.0,USD,,,,,2026-05-24
해상,Busan,중동,Riyard,2025,08,1700.0,2200.0,USD,,,,,2026-05-24
해상,Busan,중동,Riyard,2025,07,2050.0,2800.0,USD,,,,,2026-05-24
해상,Busan,중동,Riyard,2025,06,1700.0,2300.0,USD,,,,,2026-05-24
해상,Busan,중동,Riyard,2025,05,1600.0,2300.0,USD,,,,,2026-05-24
해상,Busan,중동,Riyard,2025,04,1650.0,2200.0,USD,,,,,2026-05-24
해상,Busan,중동,Riyard,2025,03,1700.0,2100.0,USD,,,,,2026-05-24
해상,Busan,중동,Riyard,2025,01,1800.0,2500.0,USD,,,,,2026-05-24
해상,Busan,중동,Riyard,2024,12,1950.0,2900.0,USD,,,,,2026-05-24
해상,Busan,중동,Riyard,2024,11,1700.0,2100.0,USD,,,,,2026-05-24
해상,Busan,중동,Riyard,2024,10,1800.0,2500.0,USD,,,,,2026-05-24
해상,Busan,중동,Riyard,2024,09,2700.0,3500.0,USD,,,,,2026-05-24
해상,Busan,중동,Riyard,2024,08,2850.0,4200.0,USD,,,,,2026-05-24
해상,Busan,중동,Riyard,2024,07,2850.0,4000.0,USD,,,,,2026-05-24
해상,Busan,중동,Riyard,2024,06,3200.0,4750.0,USD,,,,,2026-05-24
해상,Busan,중동,Riyard,2024,05,2350.0,3600.0,USD,,,,,2026-05-24
해상,Busan,중동,Riyard,2024,04,2600.0,3800.0,USD,,,,,2026-05-24
해상,Busan,중동,Riyard,2024,03,2100.0,3400.0,USD,,,,,2026-05-24
해상,Busan,중동,Riyard,2024,02,2100.0,3400.0,USD,,,,,2026-05-24
해상,Busan,중동,Riyard,2024,01,2000.0,3400.0,USD,,,,,2026-05-24
해상,Busan,중동,Riyard,2023,12,1500.0,2100.0,USD,,,,,2026-05-24
해상,Busan,중동,Riyard,2023,11,1500.0,2100.0,USD,,,,,2026-05-24
해상,Busan,중동,Riyard,2023,10,1500.0,2100.0,USD,,,,,2026-05-24
해상,Busan,중동,Riyard,2023,09,1500.0,2100.0,USD,,,,,2026-05-24
해상,Busan,중동,Riyard,2023,08,1500.0,2100.0,USD,,,,,2026-05-24
해상,Busan,중동,Riyard,2023,07,1500.0,1750.0,USD,,,,,2026-05-24
해상,Busan,중동,Riyard,2023,06,1500.0,1750.0,USD,,,,,2026-05-24
해상,Busan,중동,Riyard,2023,05,1450.0,1650.0,USD,,,,,2026-05-24
해상,Busan,중동,Riyard,2023,04,1550.0,2400.0,USD,,,,,2026-05-24
해상,Busan,중동,Riyard,2023,03,1550.0,2300.0,USD,,,,,2026-05-24
해상,Busan,중동,Riyard,2023,02,1500.0,2200.0,USD,,,,,2026-05-24
해상,Busan,중동,Riyard,2023,01,1100.0,1600.0,USD,,,,,2026-05-24
해상,Busan,중동,Riyard,2022,12,2000.0,2700.0,USD,,,,,2026-05-24
해상,Busan,중동,Riyard,2022,11,2500.0,3600.0,USD,,,,,2026-05-24
해상,Busan,중동,Riyard,2022,10,2100.0,3400.0,USD,,,,,2026-05-24
해상,Busan,중동,Riyard,2022,09,4500.0,6600.0,USD,,,,,2026-05-24
해상,Busan,중동,Riyard,2022,08,4000.0,6000.0,USD,,,,,2026-05-24
해상,Busan,중동,Riyard,2022,07,5000.0,7500.0,USD,,,,,2026-05-24
해상,Busan,중동,Riyard,2022,06,4600.0,6900.0,USD,,,,,2026-05-24
해상,Busan,중동,Riyard,2022,05,4600.0,6900.0,USD,,,,,2026-05-24
해상,Busan,중동,Riyard,2022,04,4900.0,7200.0,USD,,,,,2026-05-24
해상,Busan,중동,Riyard,2022,03,5850.0,8100.0,USD,,,,,2026-05-24
해상,Busan,중동,Riyard,2022,02,5850.0,8100.0,USD,,,,,2026-05-24
해상,Busan,중동,Riyard,2022,01,6800.0,9200.0,USD,,,,,2026-05-24
해상,Busan,중동,Riyard,2021,12,6800.0,9200.0,USD,,,,,2026-05-24
해상,Busan,중동,Riyard,2021,11,6800.0,9200.0,USD,,,,,2026-05-24
해상,Busan,중동,Riyard,2021,10,6800.0,9200.0,USD,,,,,2026-05-24
해상,Busan,중동,Riyard,2021,09,5900.0,8000.0,USD,,,,,2026-05-24
해상,Busan,중동,Riyard,2021,08,5900.0,8000.0,USD,,,,,2026-05-24
해상,Busan,중동,Riyard,2021,07,4900.0,6900.0,USD,,,,,2026-05-24
해상,Busan,중동,Riyard,2021,06,4900.0,6900.0,USD,,,,,2026-05-24
해상,Busan,중동,Riyard,2021,05,2400.0,4800.0,USD,,,,,2026-05-24
해상,Busan,중동,Riyard,2021,04,2000.0,3500.0,USD,,,,,2026-05-24
해상,Busan,중동,Riyard,2021,03,2000.0,3500.0,USD,,,,,2026-05-24
해상,Busan,중동,Riyard,2021,02,2100.0,3500.0,USD,,,,,2026-05-24
해상,Busan,중동,Riyard,2021,01,2067.0,3734.0,USD,,,,,2026-05-24
해상,Busan,중동,Riyard,2020,12,1500.0,2200.0,USD,,,,,2026-05-24
해상,Busan,중동,Riyard,2020,11,1200.0,1800.0,USD,,,,,2026-05-24
해상,Busan,중동,Riyard,2020,10,1200.0,1800.0,USD,,,,,2026-05-24
해상,Busan,중동,Riyard,2020,09,1233.0,1883.0,USD,,,,,2026-05-24
해상,Busan,중동,Riyard,2020,08,1400.0,2250.0,USD,,,,,2026-05-24
해상,Busan,중동,Riyard,2020,07,1400.0,2250.0,USD,,,,,2026-05-24
해상,Busan,중동,Riyard,2020,06,1200.0,1800.0,USD,,,,,2026-05-24
해상,Busan,중동,Riyard,2020,05,1100.0,1800.0,USD,,,,,2026-05-24
해상,Busan,중동,Riyard,2020,04,1400.0,2200.0,USD,,,,,2026-05-24
해상,Busan,중동,Riyard,2020,03,1200.0,1600.0,USD,,,,,2026-05-24
해상,Busan,중동,Riyard,2020,02,1250.0,1600.0,USD,,,,,2026-05-24
해상,Busan,중동,Riyard,2020,01,1250.0,1950.0,USD,,,,,2026-05-24
해상,Busan,중동,Riyard,2019,12,950.0,1650.0,USD,,,,,2026-05-24
해상,Busan,중동,Riyard,2019,11,1050.0,1700.0,USD,,,,,2026-05-24
해상,Busan,중동,Riyard,2019,10,900.0,1400.0,USD,,,,,2026-05-24
해상,Busan,중동,Riyard,2019,09,1100.0,1650.0,USD,,,,,2026-05-24
해상,Busan,중동,Riyard,2019,08,1100.0,1400.0,USD,,,,,2026-05-24
해상,Busan,중동,Riyard,2019,07,1100.0,1800.0,USD,,,,,2026-05-24
해상,Busan,중동,Riyard,2019,06,950.0,1700.0,USD,,,,,2026-05-24
해상,Busan,중동,Riyard,2019,05,950.0,1600.0,USD,,,,,2026-05-24
해상,Busan,중동,Riyard,2019,04,950.0,1600.0,USD,,,,,2026-05-24
해상,Busan,중동,Riyard,2019,03,950.0,1600.0,USD,,,,,2026-05-24
해상,Busan,중동,Riyard,2019,02,850.0,1400.0,USD,,,,,2026-05-24
해상,Busan,중동,Riyard,2019,01,850.0,1400.0,USD,,,,,2026-05-24
해상,Busan,중동,Riyard,2018,12,850.0,1400.0,USD,,,,,2026-05-24
해상,Busan,중동,Riyard,2018,11,850.0,1400.0,USD,,,,,2026-05-24
해상,Busan,중동,Riyard,2018,10,850.0,1400.0,USD,,,,,2026-05-24
해상,Busan,중동,Riyard,2018,09,850.0,1400.0,USD,,,,,2026-05-24
해상,Busan,중동,Riyard,2018,08,850.0,1400.0,USD,,,,,2026-05-24
해상,Busan,중동,Riyard,2018,07,850.0,1400.0,USD,,,,,2026-05-24
해상,Busan,중동,Riyard,2018,06,850.0,1400.0,USD,,,,,2026-05-24
해상,Busan,중동,Riyard,2018,05,750.0,1100.0,USD,,,,,2026-05-24
해상,Busan,중동,Riyard,2018,04,700.0,1200.0,USD,,,,,2026-05-24
해상,Busan,중동,Riyard,2018,03,1000.0,1500.0,USD,,,,,2026-05-24
해상,Busan,중동,Riyard,2018,02,850.0,1450.0,USD,,,,,2026-05-24
해상,Busan,중동,Riyard,2018,01,650.0,1050.0,USD,,,,,2026-05-24
해상,Busan,중동,Riyard,2017,12,1100.0,1300.0,USD,,,,,2026-05-24
해상,Busan,중동,Riyard,2017,11,1100.0,1300.0,USD,,,,,2026-05-24
해상,Busan,중동,Dubai,2026,05,5600.0,7400.0,USD,,,,,2026-05-24
해상,Busan,중동,Dubai,2026,04,5800.0,7800.0,USD,,,,,2026-05-24
해상,Busan,중동,Dubai,2026,01,1650.0,2200.0,USD,,,,,2026-05-24
해상,Busan,중동,Dubai,2025,12,1400.0,1800.0,USD,,,,,2026-05-24
해상,Busan,중동,Dubai,2025,11,1400.0,1700.0,USD,,,,,2026-05-24
해상,Busan,중동,Dubai,2025,10,950.0,1300.0,USD,,,,,2026-05-24
해상,Busan,중동,Dubai,2025,09,1400.0,1800.0,USD,,,,,2026-05-24
해상,Busan,중동,Dubai,2025,08,1350.0,1650.0,USD,,,,,2026-05-24
해상,Busan,중동,Dubai,2025,07,1600.0,2100.0,USD,,,,,2026-05-24
해상,Busan,중동,Dubai,2025,06,1300.0,1600.0,USD,,,,,2026-05-24
해상,Busan,중동,Dubai,2025,05,1050.0,1550.0,USD,,,,,2026-05-24
해상,Busan,중동,Dubai,2025,04,1250.0,1600.0,USD,,,,,2026-05-24
해상,Busan,중동,Dubai,2025,03,1350.0,1750.0,USD,,,,,2026-05-24
해상,Busan,중동,Dubai,2025,01,1400.0,2000.0,USD,,,,,2026-05-24
해상,Busan,중동,Dubai,2024,12,1550.0,2200.0,USD,,,,,2026-05-24
해상,Busan,중동,Dubai,2024,11,1400.0,2000.0,USD,,,,,2026-05-24
해상,Busan,중동,Dubai,2024,10,1500.0,2000.0,USD,,,,,2026-05-24
해상,Busan,중동,Dubai,2024,09,2400.0,3000.0,USD,,,,,2026-05-24
해상,Busan,중동,Dubai,2024,08,2450.0,3650.0,USD,,,,,2026-05-24
해상,Busan,중동,Dubai,2024,07,2600.0,3500.0,USD,,,,,2026-05-24
해상,Busan,중동,Dubai,2024,06,2700.0,4250.0,USD,,,,,2026-05-24
해상,Busan,중동,Dubai,2024,05,1950.0,2800.0,USD,,,,,2026-05-24
해상,Busan,중동,Dubai,2024,04,1750.0,2900.0,USD,,,,,2026-05-24
해상,Busan,중동,Dubai,2024,03,1750.0,2900.0,USD,,,,,2026-05-24
해상,Busan,중동,Dubai,2024,02,1750.0,2900.0,USD,,,,,2026-05-24
해상,Busan,중동,Dubai,2024,01,1700.0,2900.0,USD,,,,,2026-05-24
해상,Busan,중동,Dubai,2023,12,1100.0,1500.0,USD,,,,,2026-05-24
해상,Busan,중동,Dubai,2023,11,1100.0,1500.0,USD,,,,,2026-05-24
해상,Busan,중동,Dubai,2023,10,1150.0,1600.0,USD,,,,,2026-05-24
해상,Busan,중동,Dubai,2023,09,1150.0,1600.0,USD,,,,,2026-05-24
해상,Busan,중동,Dubai,2023,08,1150.0,1600.0,USD,,,,,2026-05-24
해상,Busan,중동,Dubai,2023,07,1150.0,1600.0,USD,,,,,2026-05-24
해상,Busan,중동,Dubai,2023,06,1150.0,1600.0,USD,,,,,2026-05-24
해상,Busan,중동,Dubai,2023,05,1100.0,1300.0,USD,,,,,2026-05-24
해상,Busan,중동,Dubai,2023,04,1200.0,1800.0,USD,,,,,2026-05-24
해상,Busan,중동,Dubai,2023,03,900.0,1300.0,USD,,,,,2026-05-24
해상,Busan,중동,Dubai,2023,02,800.0,1500.0,USD,,,,,2026-05-24
해상,Busan,중동,Dubai,2023,01,1000.0,1500.0,USD,,,,,2026-05-24
해상,Busan,중동,Dubai,2022,12,1300.0,1800.0,USD,,,,,2026-05-24
해상,Busan,중동,Dubai,2022,11,1700.0,2400.0,USD,,,,,2026-05-24
해상,Busan,중동,Dubai,2022,10,1600.0,2200.0,USD,,,,,2026-05-24
해상,Busan,중동,Dubai,2022,09,3600.0,5000.0,USD,,,,,2026-05-24
해상,Busan,중동,Dubai,2022,08,4000.0,6000.0,USD,,,,,2026-05-24
해상,Busan,중동,Dubai,2022,07,4000.0,6000.0,USD,,,,,2026-05-24
해상,Busan,중동,Dubai,2022,06,4000.0,5800.0,USD,,,,,2026-05-24
해상,Busan,중동,Dubai,2022,05,4000.0,5800.0,USD,,,,,2026-05-24
해상,Busan,중동,Dubai,2022,04,4300.0,6300.0,USD,,,,,2026-05-24
해상,Busan,중동,Dubai,2022,03,5450.0,7500.0,USD,,,,,2026-05-24
해상,Busan,중동,Dubai,2022,02,5450.0,7500.0,USD,,,,,2026-05-24
해상,Busan,중동,Dubai,2022,01,5500.0,8000.0,USD,,,,,2026-05-24
해상,Busan,중동,Dubai,2021,12,5500.0,8000.0,USD,,,,,2026-05-24
해상,Busan,중동,Dubai,2021,11,5500.0,8000.0,USD,,,,,2026-05-24
해상,Busan,중동,Dubai,2021,10,5500.0,8000.0,USD,,,,,2026-05-24
해상,Busan,중동,Dubai,2021,09,4650.0,7000.0,USD,,,,,2026-05-24
해상,Busan,중동,Dubai,2021,08,4650.0,7000.0,USD,,,,,2026-05-24
해상,Busan,중동,Dubai,2021,07,4250.0,6500.0,USD,,,,,2026-05-24
해상,Busan,중동,Dubai,2021,06,4250.0,6500.0,USD,,,,,2026-05-24
해상,Busan,중동,Dubai,2021,05,2100.0,4200.0,USD,,,,,2026-05-24
해상,Busan,중동,Dubai,2021,04,1600.0,2900.0,USD,,,,,2026-05-24
해상,Busan,중동,Dubai,2021,03,1600.0,2900.0,USD,,,,,2026-05-24
해상,Busan,중동,Dubai,2021,02,1550.0,2800.0,USD,,,,,2026-05-24
해상,Busan,중동,Dubai,2021,01,1492.0,2584.0,USD,,,,,2026-05-24
해상,Busan,중동,Dubai,2020,12,1125.0,1600.0,USD,,,,,2026-05-24
해상,Busan,중동,Dubai,2020,11,750.0,1200.0,USD,,,,,2026-05-24
해상,Busan,중동,Dubai,2020,10,750.0,1200.0,USD,,,,,2026-05-24
해상,Busan,중동,Dubai,2020,09,766.0,1200.0,USD,,,,,2026-05-24
해상,Busan,중동,Dubai,2020,08,900.0,1400.0,USD,,,,,2026-05-24
해상,Busan,중동,Dubai,2020,07,900.0,1400.0,USD,,,,,2026-05-24
해상,Busan,중동,Dubai,2020,06,750.0,1200.0,USD,,,,,2026-05-24
해상,Busan,중동,Dubai,2020,05,950.0,1550.0,USD,,,,,2026-05-24
해상,Busan,중동,Dubai,2020,04,1050.0,1700.0,USD,,,,,2026-05-24
해상,Busan,중동,Dubai,2020,03,800.0,1100.0,USD,,,,,2026-05-24
해상,Busan,중동,Dubai,2020,02,800.0,1100.0,USD,,,,,2026-05-24
해상,Busan,중동,Dubai,2020,01,900.0,1500.0,USD,,,,,2026-05-24
해상,Busan,중동,Dubai,2019,12,650.0,1100.0,USD,,,,,2026-05-24
해상,Busan,중동,Dubai,2019,11,750.0,1200.0,USD,,,,,2026-05-24
해상,Busan,중동,Dubai,2019,10,550.0,850.0,USD,,,,,2026-05-24
해상,Busan,중동,Dubai,2019,09,700.0,1200.0,USD,,,,,2026-05-24
해상,Busan,중동,Dubai,2019,08,700.0,1200.0,USD,,,,,2026-05-24
해상,Busan,중동,Dubai,2019,07,700.0,1100.0,USD,,,,,2026-05-24
해상,Busan,중동,Dubai,2019,06,600.0,1100.0,USD,,,,,2026-05-24
해상,Busan,중동,Dubai,2019,05,600.0,900.0,USD,,,,,2026-05-24
해상,Busan,중동,Dubai,2019,04,600.0,900.0,USD,,,,,2026-05-24
해상,Busan,중동,Dubai,2019,03,600.0,900.0,USD,,,,,2026-05-24
해상,Busan,중동,Dubai,2019,02,550.0,850.0,USD,,,,,2026-05-24
해상,Busan,중동,Dubai,2019,01,500.0,700.0,USD,,,,,2026-05-24
해상,Busan,중동,Dubai,2018,12,500.0,700.0,USD,,,,,2026-05-24
해상,Busan,중동,Dubai,2018,11,500.0,700.0,USD,,,,,2026-05-24
해상,Busan,중동,Dubai,2018,10,500.0,750.0,USD,,,,,2026-05-24
해상,Busan,중동,Dubai,2018,09,500.0,750.0,USD,,,,,2026-05-24
해상,Busan,중동,Dubai,2018,08,500.0,750.0,USD,,,,,2026-05-24
해상,Busan,중동,Dubai,2018,07,500.0,750.0,USD,,,,,2026-05-24
해상,Busan,중동,Dubai,2018,06,500.0,750.0,USD,,,,,2026-05-24
해상,Busan,중동,Dubai,2018,05,500.0,600.0,USD,,,,,2026-05-24
해상,Busan,중동,Dubai,2018,04,500.0,900.0,USD,,,,,2026-05-24
해상,Busan,중동,Dubai,2018,03,600.0,1100.0,USD,,,,,2026-05-24
해상,Busan,중동,Dubai,2018,02,600.0,1100.0,USD,,,,,2026-05-24
해상,Busan,중동,Dubai,2018,01,400.0,700.0,USD,,,,,2026-05-24
해상,Busan,중동,Dubai,2017,12,550.0,900.0,USD,,,,,2026-05-24
해상,Busan,중동,Dubai,2017,11,550.0,900.0,USD,,,,,2026-05-24
해상,Busan,러시아/CIS,Moscow,2026,05,4050.0,5550.0,USD,,,,,2026-05-24
해상,Busan,러시아/CIS,Moscow,2026,04,4000.0,5250.0,USD,,,,,2026-05-24
해상,Busan,러시아/CIS,Moscow,2026,03,3900.0,4900.0,USD,,,,,2026-05-24
해상,Busan,러시아/CIS,Moscow,2026,02,4000.0,5100.0,USD,,,,,2026-05-24
해상,Busan,러시아/CIS,Moscow,2026,01,4000.0,5000.0,USD,,,,,2026-05-24
해상,Busan,러시아/CIS,Moscow,2025,12,3900.0,4950.0,USD,,,,,2026-05-24
해상,Busan,러시아/CIS,Moscow,2025,11,3900.0,4900.0,USD,,,,,2026-05-24
해상,Busan,러시아/CIS,Moscow,2025,10,3500.0,4400.0,USD,,,,,2026-05-24
해상,Busan,러시아/CIS,Moscow,2025,09,3500.0,4400.0,USD,,,,,2026-05-24
해상,Busan,러시아/CIS,Moscow,2025,08,3300.0,4000.0,USD,,,,,2026-05-24
해상,Busan,러시아/CIS,Moscow,2025,07,3550.0,4550.0,USD,,,,,2026-05-24
해상,Busan,러시아/CIS,Moscow,2025,06,3600.0,5150.0,USD,,,,,2026-05-24
해상,Busan,러시아/CIS,Moscow,2025,05,4500.0,6800.0,USD,,,,,2026-05-24
해상,Busan,러시아/CIS,Moscow,2025,04,4500.0,6800.0,USD,,,,,2026-05-24
해상,Busan,러시아/CIS,Moscow,2025,03,4500.0,6800.0,USD,,,,,2026-05-24
해상,Busan,러시아/CIS,Moscow,2025,01,4900.0,7600.0,USD,,,,,2026-05-24
해상,Busan,러시아/CIS,Moscow,2024,12,4700.0,7600.0,USD,,,,,2026-05-24
해상,Busan,러시아/CIS,Moscow,2024,11,4700.0,7600.0,USD,,,,,2026-05-24
해상,Busan,러시아/CIS,Moscow,2024,10,4700.0,7600.0,USD,,,,,2026-05-24
해상,Busan,러시아/CIS,Moscow,2024,09,4400.0,7500.0,USD,,,,,2026-05-24
해상,Busan,러시아/CIS,Moscow,2024,08,4400.0,7500.0,USD,,,,,2026-05-24
해상,Busan,러시아/CIS,Moscow,2024,07,4300.0,6300.0,USD,,,,,2026-05-24
해상,Busan,러시아/CIS,Moscow,2024,06,3900.0,6900.0,USD,,,,,2026-05-24
해상,Busan,러시아/CIS,Moscow,2024,05,3600.0,5300.0,USD,,,,,2026-05-24
해상,Busan,러시아/CIS,Moscow,2024,03,2500.0,4000.0,USD,,,,,2026-05-24
해상,Busan,러시아/CIS,Moscow,2024,02,3500.0,5500.0,USD,,,,,2026-05-24
해상,Busan,러시아/CIS,Moscow,2024,01,3550.0,6050.0,USD,,,,,2026-05-24
해상,Busan,러시아/CIS,Moscow,2023,12,3500.0,5400.0,USD,,,,,2026-05-24
해상,Busan,러시아/CIS,Moscow,2023,11,3450.0,5350.0,USD,,,,,2026-05-24
해상,Busan,러시아/CIS,Moscow,2023,10,3300.0,5300.0,USD,,,,,2026-05-24
해상,Busan,러시아/CIS,Moscow,2023,09,3500.0,5800.0,USD,,,,,2026-05-24
해상,Busan,러시아/CIS,Moscow,2023,08,3800.0,6000.0,USD,,,,,2026-05-24
해상,Busan,러시아/CIS,Moscow,2023,07,3900.0,6150.0,USD,,,,,2026-05-24
해상,Busan,러시아/CIS,Moscow,2023,06,4400.0,8000.0,USD,,,,,2026-05-24
해상,Busan,러시아/CIS,Moscow,2023,05,4300.0,8300.0,USD,,,,,2026-05-24
해상,Busan,러시아/CIS,Moscow,2023,04,4300.0,8300.0,USD,,,,,2026-05-24
해상,Busan,러시아/CIS,Moscow,2023,03,5000.0,9500.0,USD,,,,,2026-05-24
해상,Busan,러시아/CIS,Moscow,2023,02,5000.0,9900.0,USD,,,,,2026-05-24
해상,Busan,러시아/CIS,Moscow,2023,01,5650.0,9950.0,USD,,,,,2026-05-24
해상,Busan,러시아/CIS,Moscow,2022,12,6000.0,9600.0,USD,,,,,2026-05-24
해상,Busan,러시아/CIS,Moscow,2022,11,6000.0,9600.0,USD,,,,,2026-05-24
해상,Busan,러시아/CIS,Moscow,2022,10,5500.0,8900.0,USD,,,,,2026-05-24
해상,Busan,러시아/CIS,Moscow,2022,09,5500.0,8900.0,USD,,,,,2026-05-24
해상,Busan,러시아/CIS,Moscow,2022,08,5500.0,9500.0,USD,,,,,2026-05-24
해상,Busan,러시아/CIS,Moscow,2022,07,5800.0,10500.0,USD,,,,,2026-05-24
해상,Busan,러시아/CIS,Moscow,2022,06,5750.0,10300.0,USD,,,,,2026-05-24
해상,Busan,러시아/CIS,Moscow,2022,05,5200.0,9500.0,USD,,,,,2026-05-24
해상,Busan,러시아/CIS,Moscow,2022,04,5600.0,9950.0,USD,,,,,2026-05-24
해상,Busan,러시아/CIS,Moscow,2022,03,8400.0,11000.0,USD,,,,,2026-05-24
해상,Busan,러시아/CIS,Moscow,2022,02,8500.0,13500.0,USD,,,,,2026-05-24
해상,Busan,러시아/CIS,Moscow,2022,01,9500.0,14500.0,USD,,,,,2026-05-24
해상,Busan,러시아/CIS,Moscow,2021,12,11200.0,15300.0,USD,,,,,2026-05-24
해상,Busan,러시아/CIS,Moscow,2021,11,11100.0,15100.0,USD,,,,,2026-05-24
해상,Busan,러시아/CIS,Moscow,2021,10,6600.0,9800.0,USD,,,,,2026-05-24
해상,Busan,러시아/CIS,Moscow,2021,09,6000.0,8000.0,USD,,,,,2026-05-24
해상,Busan,러시아/CIS,Moscow,2021,08,4500.0,7200.0,USD,,,,,2026-05-24
해상,Busan,러시아/CIS,Moscow,2021,07,4500.0,7200.0,USD,,,,,2026-05-24
해상,Busan,러시아/CIS,Moscow,2021,06,4100.0,6800.0,USD,,,,,2026-05-24
해상,Busan,러시아/CIS,Moscow,2021,05,4100.0,6500.0,USD,,,,,2026-05-24
해상,Busan,러시아/CIS,Moscow,2021,04,4100.0,8100.0,USD,,,,,2026-05-24
해상,Busan,러시아/CIS,Moscow,2021,03,4100.0,8100.0,USD,,,,,2026-05-24
해상,Busan,러시아/CIS,Moscow,2021,02,4100.0,8100.0,USD,,,,,2026-05-24
해상,Busan,러시아/CIS,Moscow,2021,01,4100.0,8100.0,USD,,,,,2026-05-24
해상,Busan,러시아/CIS,Moscow,2020,12,0.0,0.0,USD,,,,,2026-05-24
해상,Busan,러시아/CIS,Moscow,2020,11,2050.0,3200.0,USD,,,,,2026-05-24
해상,Busan,러시아/CIS,Moscow,2020,10,1950.0,3000.0,USD,,,,,2026-05-24
해상,Busan,러시아/CIS,Moscow,2020,09,1900.0,3050.0,USD,,,,,2026-05-24
해상,Busan,러시아/CIS,Moscow,2020,08,1800.0,2900.0,USD,,,,,2026-05-24
해상,Busan,러시아/CIS,Moscow,2020,07,1850.0,3000.0,USD,,,,,2026-05-24
해상,Busan,러시아/CIS,Moscow,2020,06,1850.0,3000.0,USD,,,,,2026-05-24
해상,Busan,러시아/CIS,Moscow,2020,05,1850.0,3000.0,USD,,,,,2026-05-24
해상,Busan,러시아/CIS,Moscow,2020,04,1850.0,3000.0,USD,,,,,2026-05-24
해상,Busan,러시아/CIS,Moscow,2020,03,1900.0,3100.0,USD,,,,,2026-05-24
해상,Busan,러시아/CIS,Moscow,2020,02,2050.0,3300.0,USD,,,,,2026-05-24
해상,Busan,러시아/CIS,Moscow,2020,01,2100.0,3350.0,USD,,,,,2026-05-24
해상,Busan,러시아/CIS,Moscow,2019,12,2100.0,3100.0,USD,,,,,2026-05-24
해상,Busan,러시아/CIS,Moscow,2019,11,2100.0,3100.0,USD,,,,,2026-05-24
해상,Busan,러시아/CIS,Moscow,2019,10,2100.0,3100.0,USD,,,,,2026-05-24
해상,Busan,러시아/CIS,Moscow,2019,09,2100.0,3150.0,USD,,,,,2026-05-24
해상,Busan,러시아/CIS,Moscow,2019,08,2100.0,3150.0,USD,,,,,2026-05-24
해상,Busan,러시아/CIS,Moscow,2019,07,2100.0,3150.0,USD,,,,,2026-05-24
해상,Busan,러시아/CIS,Moscow,2019,06,2100.0,3150.0,USD,,,,,2026-05-24
해상,Busan,러시아/CIS,Moscow,2019,05,2200.0,3350.0,USD,,,,,2026-05-24
해상,Busan,러시아/CIS,Moscow,2019,04,2200.0,3350.0,USD,,,,,2026-05-24
해상,Busan,러시아/CIS,Moscow,2019,03,2350.0,3450.0,USD,,,,,2026-05-24
해상,Busan,러시아/CIS,Moscow,2019,02,2350.0,3450.0,USD,,,,,2026-05-24
해상,Busan,러시아/CIS,Moscow,2019,01,2350.0,3450.0,USD,,,,,2026-05-24
해상,Busan,러시아/CIS,Moscow,2018,12,2350.0,3450.0,USD,,,,,2026-05-24
해상,Busan,러시아/CIS,Moscow,2018,11,2350.0,3450.0,USD,,,,,2026-05-24
해상,Busan,러시아/CIS,Moscow,2018,10,2350.0,3450.0,USD,,,,,2026-05-24
해상,Busan,러시아/CIS,Moscow,2018,09,2400.0,3450.0,USD,,,,,2026-05-24
해상,Busan,러시아/CIS,Moscow,2018,08,2400.0,3450.0,USD,,,,,2026-05-24
해상,Busan,러시아/CIS,Moscow,2018,07,2400.0,3800.0,USD,,,,,2026-05-24
해상,Busan,러시아/CIS,Moscow,2018,06,2400.0,3950.0,USD,,,,,2026-05-24
해상,Busan,러시아/CIS,Moscow,2018,05,2400.0,4050.0,USD,,,,,2026-05-24
해상,Busan,러시아/CIS,Moscow,2018,04,2400.0,4050.0,USD,,,,,2026-05-24
해상,Busan,러시아/CIS,Moscow,2018,03,2400.0,4050.0,USD,,,,,2026-05-24
해상,Busan,러시아/CIS,Moscow,2018,02,2400.0,4050.0,USD,,,,,2026-05-24
해상,Busan,러시아/CIS,Moscow,2018,01,2450.0,4150.0,USD,,,,,2026-05-24
해상,Busan,러시아/CIS,Moscow,2017,12,2400.0,4050.0,USD,,,,,2026-05-24
해상,Busan,러시아/CIS,Vostochny,2026,03,1000.0,1200.0,USD,,,,,2026-05-24
해상,Busan,러시아/CIS,Vostochny,2025,11,1000.0,1200.0,USD,,,,,2026-05-24
해상,Busan,러시아/CIS,Vostochny,2025,10,800.0,1000.0,USD,,,,,2026-05-24
해상,Busan,러시아/CIS,Vostochny,2025,09,800.0,1000.0,USD,,,,,2026-05-24
해상,Busan,러시아/CIS,Vostochny,2025,08,550.0,700.0,USD,,,,,2026-05-24
해상,Busan,러시아/CIS,Vostochny,2025,07,900.0,1100.0,USD,,,,,2026-05-24
해상,Busan,러시아/CIS,Vostochny,2025,06,1000.0,1200.0,USD,,,,,2026-05-24
해상,Busan,러시아/CIS,Vostochny,2025,05,1000.0,1300.0,USD,,,,,2026-05-24
해상,Busan,러시아/CIS,Vostochny,2025,04,1000.0,1300.0,USD,,,,,2026-05-24
해상,Busan,러시아/CIS,Vostochny,2025,03,4700.0,6800.0,USD,,,,,2026-05-24
해상,Busan,러시아/CIS,Vostochny,2025,01,,,USD,,,,,2026-05-24
해상,Busan,러시아/CIS,Vostochny,2024,12,0.0,0.0,USD,,,,,2026-05-24
해상,Busan,러시아/CIS,Vostochny,2024,11,0.0,0.0,USD,,,,,2026-05-24
해상,Busan,러시아/CIS,Vostochny,2024,10,0.0,0.0,USD,,,,,2026-05-24
해상,Busan,러시아/CIS,Vostochny,2024,09,1800.0,2100.0,USD,,,,,2026-05-24
해상,Busan,러시아/CIS,Vostochny,2024,08,0.0,0.0,USD,,,,,2026-05-24
해상,Busan,러시아/CIS,Vostochny,2024,07,1100.0,1500.0,USD,,,,,2026-05-24
해상,Busan,러시아/CIS,Vostochny,2024,06,,,USD,,,,,2026-05-24
해상,Busan,러시아/CIS,Vostochny,2024,05,0.0,0.0,USD,,,,,2026-05-24
해상,Busan,러시아/CIS,Vostochny,2024,04,0.0,0.0,USD,,,,,2026-05-24
해상,Busan,러시아/CIS,Vostochny,2024,03,900.0,1100.0,USD,,,,,2026-05-24
해상,Busan,러시아/CIS,Vostochny,2024,02,700.0,1100.0,USD,,,,,2026-05-24
해상,Busan,러시아/CIS,Vostochny,2024,01,700.0,1100.0,USD,,,,,2026-05-24
해상,Busan,러시아/CIS,Vostochny,2023,12,700.0,1000.0,USD,,,,,2026-05-24
해상,Busan,러시아/CIS,Vostochny,2023,11,700.0,1000.0,USD,,,,,2026-05-24
해상,Busan,러시아/CIS,Vostochny,2023,10,700.0,1000.0,USD,,,,,2026-05-24
해상,Busan,러시아/CIS,Vostochny,2023,09,700.0,1000.0,USD,,,,,2026-05-24
해상,Busan,러시아/CIS,Vostochny,2023,08,700.0,1000.0,USD,,,,,2026-05-24
해상,Busan,러시아/CIS,Vostochny,2023,07,700.0,1000.0,USD,,,,,2026-05-24
해상,Busan,러시아/CIS,Vostochny,2023,06,1200.0,1700.0,USD,,,,,2026-05-24
해상,Busan,러시아/CIS,Vostochny,2023,05,700.0,900.0,USD,,,,,2026-05-24
해상,Busan,러시아/CIS,Vostochny,2023,04,3000.0,4000.0,USD,,,,,2026-05-24
해상,Busan,러시아/CIS,Vostochny,2023,03,3500.0,5600.0,USD,,,,,2026-05-24
해상,Busan,러시아/CIS,Vostochny,2023,02,3500.0,6000.0,USD,,,,,2026-05-24
해상,Busan,러시아/CIS,Vostochny,2023,01,3900.0,5800.0,USD,,,,,2026-05-24
해상,Busan,러시아/CIS,Vostochny,2022,12,4200.0,5500.0,USD,,,,,2026-05-24
해상,Busan,러시아/CIS,Vostochny,2022,11,4200.0,5500.0,USD,,,,,2026-05-24
해상,Busan,러시아/CIS,Vostochny,2022,10,4200.0,5500.0,USD,,,,,2026-05-24
해상,Busan,러시아/CIS,Vostochny,2022,09,4200.0,5500.0,USD,,,,,2026-05-24
해상,Busan,러시아/CIS,Vostochny,2022,08,4200.0,5500.0,USD,,,,,2026-05-24
해상,Busan,러시아/CIS,Vostochny,2022,07,4200.0,6000.0,USD,,,,,2026-05-24
해상,Busan,러시아/CIS,Vostochny,2022,06,4500.0,7500.0,USD,,,,,2026-05-24
해상,Busan,러시아/CIS,Vostochny,2022,05,5000.0,8000.0,USD,,,,,2026-05-24
해상,Busan,러시아/CIS,Vostochny,2022,04,5000.0,8000.0,USD,,,,,2026-05-24
해상,Busan,러시아/CIS,Vostochny,2022,03,5000.0,8000.0,USD,,,,,2026-05-24
해상,Busan,러시아/CIS,Vostochny,2022,02,6000.0,9000.0,USD,,,,,2026-05-24
해상,Busan,러시아/CIS,Vostochny,2022,01,4200.0,7800.0,USD,,,,,2026-05-24
해상,Busan,러시아/CIS,Vostochny,2021,12,6100.0,9500.0,USD,,,,,2026-05-24
해상,Busan,러시아/CIS,Vostochny,2021,11,6000.0,8800.0,USD,,,,,2026-05-24
해상,Busan,러시아/CIS,Vostochny,2021,10,4800.0,7000.0,USD,,,,,2026-05-24
해상,Busan,러시아/CIS,Vostochny,2021,09,3500.0,6000.0,USD,,,,,2026-05-24
해상,Busan,러시아/CIS,Vostochny,2021,08,3100.0,5700.0,USD,,,,,2026-05-24
해상,Busan,러시아/CIS,Vostochny,2021,07,3100.0,5700.0,USD,,,,,2026-05-24
해상,Busan,러시아/CIS,Vostochny,2021,06,2350.0,3200.0,USD,,,,,2026-05-24
해상,Busan,러시아/CIS,Vostochny,2021,05,2150.0,2700.0,USD,,,,,2026-05-24
해상,Busan,러시아/CIS,Vostochny,2021,04,2710.0,5500.0,USD,,,,,2026-05-24
해상,Busan,러시아/CIS,Vostochny,2021,03,2500.0,3650.0,USD,,,,,2026-05-24
해상,Busan,러시아/CIS,Vostochny,2021,02,3400.0,6500.0,USD,,,,,2026-05-24
해상,Busan,러시아/CIS,Vostochny,2021,01,3400.0,6500.0,USD,,,,,2026-05-24
해상,Busan,러시아/CIS,Vostochny,2020,12,0.0,0.0,USD,,,,,2026-05-24
해상,Busan,러시아/CIS,Vostochny,2020,11,550.0,800.0,USD,,,,,2026-05-24
해상,Busan,러시아/CIS,Vostochny,2020,10,400.0,500.0,USD,,,,,2026-05-24
해상,Busan,러시아/CIS,Vostochny,2020,09,450.0,600.0,USD,,,,,2026-05-24
해상,Busan,러시아/CIS,Vostochny,2020,08,400.0,500.0,USD,,,,,2026-05-24
해상,Busan,러시아/CIS,Vostochny,2020,07,400.0,500.0,USD,,,,,2026-05-24
해상,Busan,러시아/CIS,Vostochny,2020,06,400.0,500.0,USD,,,,,2026-05-24
해상,Busan,러시아/CIS,Vostochny,2020,05,400.0,500.0,USD,,,,,2026-05-24
해상,Busan,러시아/CIS,Vostochny,2020,04,400.0,500.0,USD,,,,,2026-05-24
해상,Busan,러시아/CIS,Vostochny,2020,03,400.0,500.0,USD,,,,,2026-05-24
해상,Busan,러시아/CIS,Vostochny,2020,02,350.0,450.0,USD,,,,,2026-05-24
해상,Busan,러시아/CIS,Vostochny,2020,01,350.0,450.0,USD,,,,,2026-05-24
해상,Busan,러시아/CIS,Vostochny,2019,12,330.0,460.0,USD,,,,,2026-05-24
해상,Busan,러시아/CIS,Vostochny,2019,11,330.0,460.0,USD,,,,,2026-05-24
해상,Busan,러시아/CIS,Vostochny,2019,10,300.0,400.0,USD,,,,,2026-05-24
해상,Busan,러시아/CIS,Vostochny,2019,09,300.0,400.0,USD,,,,,2026-05-24
해상,Busan,러시아/CIS,Vostochny,2019,08,300.0,400.0,USD,,,,,2026-05-24
해상,Busan,러시아/CIS,Vostochny,2019,07,300.0,400.0,USD,,,,,2026-05-24
해상,Busan,러시아/CIS,Vostochny,2019,06,300.0,400.0,USD,,,,,2026-05-24
해상,Busan,러시아/CIS,Vostochny,2019,05,300.0,400.0,USD,,,,,2026-05-24
해상,Busan,러시아/CIS,Vostochny,2019,04,300.0,400.0,USD,,,,,2026-05-24
해상,Busan,러시아/CIS,Vostochny,2019,03,300.0,400.0,USD,,,,,2026-05-24
해상,Busan,러시아/CIS,Vostochny,2019,02,300.0,400.0,USD,,,,,2026-05-24
해상,Busan,러시아/CIS,Vostochny,2019,01,300.0,400.0,USD,,,,,2026-05-24
해상,Busan,러시아/CIS,Vostochny,2018,12,300.0,400.0,USD,,,,,2026-05-24
해상,Busan,러시아/CIS,Vostochny,2018,11,300.0,400.0,USD,,,,,2026-05-24
해상,Busan,러시아/CIS,Vostochny,2018,10,300.0,400.0,USD,,,,,2026-05-24
해상,Busan,러시아/CIS,Vostochny,2018,09,300.0,400.0,USD,,,,,2026-05-24
해상,Busan,러시아/CIS,Vostochny,2018,08,300.0,400.0,USD,,,,,2026-05-24
해상,Busan,러시아/CIS,Vostochny,2018,07,300.0,400.0,USD,,,,,2026-05-24
해상,Busan,러시아/CIS,Vostochny,2018,06,300.0,400.0,USD,,,,,2026-05-24
해상,Busan,러시아/CIS,Vostochny,2018,05,300.0,400.0,USD,,,,,2026-05-24
해상,Busan,러시아/CIS,Vostochny,2018,04,300.0,400.0,USD,,,,,2026-05-24
해상,Busan,러시아/CIS,Vostochny,2018,03,300.0,400.0,USD,,,,,2026-05-24
해상,Busan,러시아/CIS,Vostochny,2018,02,300.0,400.0,USD,,,,,2026-05-24
해상,Busan,러시아/CIS,Vostochny,2018,01,300.0,400.0,USD,,,,,2026-05-24
해상,Busan,러시아/CIS,Vostochny,2017,12,300.0,400.0,USD,,,,,2026-05-24
해상,Busan,러시아/CIS,Vostochny,2017,11,350.0,500.0,USD,,,,,2026-05-24
해상,Busan,러시아/CIS,Vostochny,2017,10,350.0,500.0,USD,,,,,2026-05-24
해상,Busan,러시아/CIS,Vostochny,2017,09,350.0,500.0,USD,,,,,2026-05-24
해상,Busan,러시아/CIS,Vostochny,2017,08,350.0,500.0,USD,,,,,2026-05-24
해상,Busan,러시아/CIS,Ulaanbaatar,2026,05,2500.0,3400.0,USD,,,,,2026-05-24
해상,Busan,러시아/CIS,Ulaanbaatar,2026,04,2400.0,3300.0,USD,,,,,2026-05-24
해상,Busan,러시아/CIS,Ulaanbaatar,2026,03,2300.0,3300.0,USD,,,,,2026-05-24
해상,Busan,러시아/CIS,Ulaanbaatar,2026,02,2350.0,3350.0,USD,,,,,2026-05-24
해상,Busan,러시아/CIS,Ulaanbaatar,2026,01,2450.0,3400.0,USD,,,,,2026-05-24
해상,Busan,러시아/CIS,Ulaanbaatar,2025,12,2300.0,3300.0,USD,,,,,2026-05-24
해상,Busan,러시아/CIS,Ulaanbaatar,2025,11,2300.0,3300.0,USD,,,,,2026-05-24
해상,Busan,러시아/CIS,Ulaanbaatar,2025,10,2200.0,3200.0,USD,,,,,2026-05-24
해상,Busan,러시아/CIS,Ulaanbaatar,2025,09,2200.0,3200.0,USD,,,,,2026-05-24
해상,Busan,러시아/CIS,Ulaanbaatar,2025,08,2200.0,3200.0,USD,,,,,2026-05-24
해상,Busan,러시아/CIS,Ulaanbaatar,2025,07,2300.0,3400.0,USD,,,,,2026-05-24
해상,Busan,러시아/CIS,Ulaanbaatar,2025,06,2200.0,3200.0,USD,,,,,2026-05-24
해상,Busan,러시아/CIS,Ulaanbaatar,2025,05,2500.0,3600.0,USD,,,,,2026-05-24
해상,Busan,러시아/CIS,Ulaanbaatar,2025,04,2500.0,3600.0,USD,,,,,2026-05-24
해상,Busan,러시아/CIS,Ulaanbaatar,2025,03,2500.0,3600.0,USD,,,,,2026-05-24
해상,Busan,러시아/CIS,Ulaanbaatar,2025,01,2700.0,3800.0,USD,,,,,2026-05-24
해상,Busan,러시아/CIS,Ulaanbaatar,2024,12,3000.0,3800.0,USD,,,,,2026-05-24
해상,Busan,러시아/CIS,Ulaanbaatar,2024,11,3000.0,4300.0,USD,,,,,2026-05-24
해상,Busan,러시아/CIS,Ulaanbaatar,2024,10,3000.0,4300.0,USD,,,,,2026-05-24
해상,Busan,러시아/CIS,Ulaanbaatar,2024,09,2900.0,3900.0,USD,,,,,2026-05-24
해상,Busan,러시아/CIS,Ulaanbaatar,2024,08,2900.0,4200.0,USD,,,,,2026-05-24
해상,Busan,러시아/CIS,Ulaanbaatar,2024,07,2300.0,3400.0,USD,,,,,2026-05-24
해상,Busan,러시아/CIS,Ulaanbaatar,2024,06,2900.0,4100.0,USD,,,,,2026-05-24
해상,Busan,러시아/CIS,Ulaanbaatar,2024,05,2500.0,3600.0,USD,,,,,2026-05-24
해상,Busan,러시아/CIS,Ulaanbaatar,2024,04,2500.0,3500.0,USD,,,,,2026-05-24
해상,Busan,러시아/CIS,Ulaanbaatar,2024,03,2500.0,3500.0,USD,,,,,2026-05-24
해상,Busan,러시아/CIS,Ulaanbaatar,2024,02,2600.0,3700.0,USD,,,,,2026-05-24
해상,Busan,러시아/CIS,Ulaanbaatar,2024,01,2600.0,3700.0,USD,,,,,2026-05-24
해상,Busan,러시아/CIS,Ulaanbaatar,2023,12,2500.0,3600.0,USD,,,,,2026-05-24
해상,Busan,러시아/CIS,Ulaanbaatar,2023,11,2600.0,3700.0,USD,,,,,2026-05-24
해상,Busan,러시아/CIS,Ulaanbaatar,2023,10,2500.0,3700.0,USD,,,,,2026-05-24
해상,Busan,러시아/CIS,Ulaanbaatar,2023,09,2500.0,3700.0,USD,,,,,2026-05-24
해상,Busan,러시아/CIS,Ulaanbaatar,2023,08,2600.0,3800.0,USD,,,,,2026-05-24
해상,Busan,러시아/CIS,Ulaanbaatar,2023,07,2600.0,3800.0,USD,,,,,2026-05-24
해상,Busan,러시아/CIS,Ulaanbaatar,2023,06,2600.0,3800.0,USD,,,,,2026-05-24
해상,Busan,러시아/CIS,Ulaanbaatar,2023,05,3100.0,4500.0,USD,,,,,2026-05-24
해상,Busan,러시아/CIS,Ulaanbaatar,2023,04,3800.0,4800.0,USD,,,,,2026-05-24
해상,Busan,러시아/CIS,Ulaanbaatar,2023,03,3700.0,4700.0,USD,,,,,2026-05-24
해상,Busan,러시아/CIS,Ulaanbaatar,2023,02,4000.0,5000.0,USD,,,,,2026-05-24
해상,Busan,러시아/CIS,Ulaanbaatar,2023,01,3700.0,4700.0,USD,,,,,2026-05-24
해상,Busan,러시아/CIS,Ulaanbaatar,2022,12,4500.0,6300.0,USD,,,,,2026-05-24
해상,Busan,러시아/CIS,Ulaanbaatar,2022,11,4500.0,6300.0,USD,,,,,2026-05-24
해상,Busan,러시아/CIS,Ulaanbaatar,2022,10,7300.0,7300.0,USD,,,,,2026-05-24
해상,Busan,러시아/CIS,Ulaanbaatar,2022,09,7300.0,7300.0,USD,,,,,2026-05-24
해상,Busan,러시아/CIS,Ulaanbaatar,2022,08,,7300.0,USD,,,,,2026-05-24
해상,Busan,러시아/CIS,Ulaanbaatar,2022,07,0.0,7600.0,USD,,,,,2026-05-24
해상,Busan,러시아/CIS,Ulaanbaatar,2022,06,0.0,7600.0,USD,,,,,2026-05-24
해상,Busan,러시아/CIS,Ulaanbaatar,2022,05,0.0,7500.0,USD,,,,,2026-05-24
해상,Busan,러시아/CIS,Ulaanbaatar,2022,04,0.0,7500.0,USD,,,,,2026-05-24
해상,Busan,러시아/CIS,Ulaanbaatar,2022,03,0.0,7500.0,USD,,,,,2026-05-24
해상,Busan,러시아/CIS,Ulaanbaatar,2022,02,0.0,0.0,USD,,,,,2026-05-24
해상,Busan,러시아/CIS,Ulaanbaatar,2022,01,0.0,0.0,USD,,,,,2026-05-24
해상,Busan,러시아/CIS,Ulaanbaatar,2021,12,133.0,133.0,USD,,,,,2026-05-24
해상,Busan,러시아/CIS,Ulaanbaatar,2021,11,133.0,133.0,USD,,,,,2026-05-24
해상,Busan,러시아/CIS,Ulaanbaatar,2021,10,133.0,133.0,USD,,,,,2026-05-24
해상,Busan,러시아/CIS,Ulaanbaatar,2021,09,133.0,133.0,USD,,,,,2026-05-24
해상,Busan,러시아/CIS,Ulaanbaatar,2021,08,0.0,0.0,USD,,,,,2026-05-24
해상,Busan,러시아/CIS,Ulaanbaatar,2021,07,0.0,0.0,USD,,,,,2026-05-24
해상,Busan,러시아/CIS,Ulaanbaatar,2021,06,2050.0,3000.0,USD,,,,,2026-05-24
해상,Busan,러시아/CIS,Ulaanbaatar,2021,05,2050.0,3000.0,USD,,,,,2026-05-24
해상,Busan,러시아/CIS,Ulaanbaatar,2021,04,2100.0,3050.0,USD,,,,,2026-05-24
해상,Busan,러시아/CIS,Ulaanbaatar,2021,03,2100.0,3050.0,USD,,,,,2026-05-24
해상,Busan,러시아/CIS,Ulaanbaatar,2021,02,2100.0,3050.0,USD,,,,,2026-05-24
해상,Busan,러시아/CIS,Ulaanbaatar,2021,01,2100.0,3050.0,USD,,,,,2026-05-24
해상,Busan,러시아/CIS,Ulaanbaatar,2020,12,0.0,0.0,USD,,,,,2026-05-24
해상,Busan,러시아/CIS,Ulaanbaatar,2020,11,2000.0,3000.0,USD,,,,,2026-05-24
해상,Busan,러시아/CIS,Ulaanbaatar,2020,10,2100.0,3100.0,USD,,,,,2026-05-24
해상,Busan,러시아/CIS,Ulaanbaatar,2020,09,2300.0,3300.0,USD,,,,,2026-05-24
해상,Busan,러시아/CIS,Ulaanbaatar,2020,08,2000.0,3000.0,USD,,,,,2026-05-24
해상,Busan,러시아/CIS,Ulaanbaatar,2020,07,2000.0,3000.0,USD,,,,,2026-05-24
해상,Busan,러시아/CIS,Ulaanbaatar,2020,06,2000.0,3000.0,USD,,,,,2026-05-24
해상,Busan,러시아/CIS,Ulaanbaatar,2020,05,2000.0,3000.0,USD,,,,,2026-05-24
해상,Busan,러시아/CIS,Ulaanbaatar,2020,04,2000.0,3000.0,USD,,,,,2026-05-24
해상,Busan,러시아/CIS,Ulaanbaatar,2020,03,2000.0,3000.0,USD,,,,,2026-05-24
해상,Busan,러시아/CIS,Ulaanbaatar,2020,02,2100.0,3050.0,USD,,,,,2026-05-24
해상,Busan,러시아/CIS,Ulaanbaatar,2020,01,2100.0,3100.0,USD,,,,,2026-05-24
해상,Busan,러시아/CIS,Ulaanbaatar,2019,12,2050.0,3050.0,USD,,,,,2026-05-24
해상,Busan,러시아/CIS,Ulaanbaatar,2019,11,2050.0,3050.0,USD,,,,,2026-05-24
해상,Busan,러시아/CIS,Ulaanbaatar,2019,10,2050.0,3050.0,USD,,,,,2026-05-24
해상,Busan,러시아/CIS,Ulaanbaatar,2019,09,2050.0,3050.0,USD,,,,,2026-05-24
해상,Busan,러시아/CIS,Ulaanbaatar,2019,08,2050.0,3050.0,USD,,,,,2026-05-24
해상,Busan,러시아/CIS,Ulaanbaatar,2019,07,2050.0,3050.0,USD,,,,,2026-05-24
해상,Busan,러시아/CIS,Ulaanbaatar,2019,06,2050.0,3050.0,USD,,,,,2026-05-24
해상,Busan,러시아/CIS,Ulaanbaatar,2019,05,2050.0,3050.0,USD,,,,,2026-05-24
해상,Busan,러시아/CIS,Ulaanbaatar,2019,04,2050.0,3050.0,USD,,,,,2026-05-24
해상,Busan,러시아/CIS,Ulaanbaatar,2019,03,2050.0,3050.0,USD,,,,,2026-05-24
해상,Busan,러시아/CIS,Ulaanbaatar,2019,02,2050.0,3050.0,USD,,,,,2026-05-24
해상,Busan,러시아/CIS,Ulaanbaatar,2019,01,1650.0,2900.0,USD,,,,,2026-05-24
해상,Busan,러시아/CIS,Ulaanbaatar,2018,12,2200.0,3100.0,USD,,,,,2026-05-24
해상,Busan,러시아/CIS,Ulaanbaatar,2018,11,2400.0,3500.0,USD,,,,,2026-05-24
해상,Busan,러시아/CIS,Ulaanbaatar,2018,10,2400.0,3500.0,USD,,,,,2026-05-24
해상,Busan,러시아/CIS,Ulaanbaatar,2018,09,2350.0,3400.0,USD,,,,,2026-05-24
해상,Busan,러시아/CIS,Ulaanbaatar,2018,08,2350.0,3400.0,USD,,,,,2026-05-24
해상,Busan,러시아/CIS,Ulaanbaatar,2018,07,2300.0,3600.0,USD,,,,,2026-05-24
해상,Busan,러시아/CIS,Ulaanbaatar,2018,06,2400.0,3750.0,USD,,,,,2026-05-24
해상,Busan,러시아/CIS,Ulaanbaatar,2018,05,2400.0,3750.0,USD,,,,,2026-05-24
해상,Busan,러시아/CIS,Ulaanbaatar,2018,04,2400.0,3750.0,USD,,,,,2026-05-24
해상,Busan,러시아/CIS,Ulaanbaatar,2018,03,2400.0,3750.0,USD,,,,,2026-05-24
해상,Busan,러시아/CIS,Ulaanbaatar,2018,02,2400.0,3750.0,USD,,,,,2026-05-24
해상,Busan,러시아/CIS,Ulaanbaatar,2018,01,2400.0,3750.0,USD,,,,,2026-05-24
해상,Busan,러시아/CIS,"St,Petersburg",2026,05,4250.0,5800.0,USD,,,,,2026-05-24
해상,Busan,러시아/CIS,"St,Petersburg",2026,04,4100.0,5700.0,USD,,,,,2026-05-24
해상,Busan,러시아/CIS,"St,Petersburg",2026,03,4100.0,5500.0,USD,,,,,2026-05-24
해상,Busan,러시아/CIS,"St,Petersburg",2026,02,4100.0,5500.0,USD,,,,,2026-05-24
해상,Busan,러시아/CIS,"St,Petersburg",2026,01,4000.0,5500.0,USD,,,,,2026-05-24
해상,Busan,러시아/CIS,"St,Petersburg",2025,12,3900.0,5400.0,USD,,,,,2026-05-24
해상,Busan,러시아/CIS,"St,Petersburg",2025,11,4100.0,5500.0,USD,,,,,2026-05-24
해상,Busan,러시아/CIS,"St,Petersburg",2025,10,3700.0,5050.0,USD,,,,,2026-05-24
해상,Busan,러시아/CIS,"St,Petersburg",2025,09,3700.0,5050.0,USD,,,,,2026-05-24
해상,Busan,러시아/CIS,"St,Petersburg",2025,08,3850.0,5200.0,USD,,,,,2026-05-24
해상,Busan,러시아/CIS,"St,Petersburg",2025,07,3800.0,5400.0,USD,,,,,2026-05-24
해상,Busan,러시아/CIS,"St,Petersburg",2025,06,4000.0,5700.0,USD,,,,,2026-05-24
해상,Busan,러시아/CIS,"St,Petersburg",2025,05,4700.0,6000.0,USD,,,,,2026-05-24
해상,Busan,러시아/CIS,"St,Petersburg",2025,04,4500.0,6800.0,USD,,,,,2026-05-24
해상,Busan,러시아/CIS,"St,Petersburg",2025,03,4500.0,6800.0,USD,,,,,2026-05-24
해상,Busan,러시아/CIS,"St,Petersburg",2025,01,4700.0,7300.0,USD,,,,,2026-05-24
해상,Busan,러시아/CIS,"St,Petersburg",2024,12,4900.0,7400.0,USD,,,,,2026-05-24
해상,Busan,러시아/CIS,"St,Petersburg",2024,11,4900.0,8000.0,USD,,,,,2026-05-24
해상,Busan,러시아/CIS,"St,Petersburg",2024,10,4900.0,8000.0,USD,,,,,2026-05-24
해상,Busan,러시아/CIS,"St,Petersburg",2024,09,4600.0,7400.0,USD,,,,,2026-05-24
해상,Busan,러시아/CIS,"St,Petersburg",2024,08,4600.0,7900.0,USD,,,,,2026-05-24
해상,Busan,러시아/CIS,"St,Petersburg",2024,07,4300.0,6800.0,USD,,,,,2026-05-24
해상,Busan,러시아/CIS,"St,Petersburg",2024,06,4500.0,7500.0,USD,,,,,2026-05-24
해상,Busan,러시아/CIS,"St,Petersburg",2024,05,3700.0,5400.0,USD,,,,,2026-05-24
해상,Busan,러시아/CIS,"St,Petersburg",2024,04,3400.0,5000.0,USD,,,,,2026-05-24
해상,Busan,러시아/CIS,"St,Petersburg",2024,03,3400.0,5000.0,USD,,,,,2026-05-24
해상,Busan,러시아/CIS,"St,Petersburg",2024,02,3500.0,5600.0,USD,,,,,2026-05-24
해상,Busan,러시아/CIS,"St,Petersburg",2024,01,3750.0,6100.0,USD,,,,,2026-05-24
해상,Busan,러시아/CIS,"St,Petersburg",2023,12,3600.0,5500.0,USD,,,,,2026-05-24
해상,Busan,러시아/CIS,"St,Petersburg",2023,11,3500.0,5400.0,USD,,,,,2026-05-24
해상,Busan,러시아/CIS,"St,Petersburg",2023,10,3400.0,5400.0,USD,,,,,2026-05-24
해상,Busan,러시아/CIS,"St,Petersburg",2023,09,3800.0,6000.0,USD,,,,,2026-05-24
해상,Busan,러시아/CIS,"St,Petersburg",2023,08,4050.0,6200.0,USD,,,,,2026-05-24
해상,Busan,러시아/CIS,"St,Petersburg",2023,07,4050.0,6200.0,USD,,,,,2026-05-24
해상,Busan,러시아/CIS,"St,Petersburg",2023,06,4800.0,8400.0,USD,,,,,2026-05-24
해상,Busan,러시아/CIS,"St,Petersburg",2023,05,4500.0,7500.0,USD,,,,,2026-05-24
해상,Busan,러시아/CIS,"St,Petersburg",2023,04,4600.0,8500.0,USD,,,,,2026-05-24
해상,Busan,러시아/CIS,"St,Petersburg",2023,02,0.0,0.0,USD,,,,,2026-05-24
해상,Busan,러시아/CIS,"St,Petersburg",2023,01,,,USD,,,,,2026-05-24
해상,Busan,러시아/CIS,"St,Petersburg",2022,09,0.0,0.0,USD,,,,,2026-05-24
해상,Busan,러시아/CIS,"St,Petersburg",2022,07,8000.0,14000.0,USD,,,,,2026-05-24
해상,Busan,러시아/CIS,"St,Petersburg",2022,06,15200.0,8500.0,USD,,,,,2026-05-24
해상,Busan,러시아/CIS,"St,Petersburg",2022,05,0.0,0.0,USD,,,,,2026-05-24
해상,Busan,러시아/CIS,"St,Petersburg",2022,04,0.0,0.0,USD,,,,,2026-05-24
해상,Busan,러시아/CIS,"St,Petersburg",2022,03,9000.0,16500.0,USD,,,,,2026-05-24
해상,Busan,러시아/CIS,"St,Petersburg",2022,02,9000.0,16500.0,USD,,,,,2026-05-24
해상,Busan,러시아/CIS,"St,Petersburg",2022,01,9000.0,16500.0,USD,,,,,2026-05-24
해상,Busan,러시아/CIS,"St,Petersburg",2021,12,8700.0,16000.0,USD,,,,,2026-05-24
해상,Busan,러시아/CIS,"St,Petersburg",2021,11,8700.0,16000.0,USD,,,,,2026-05-24
해상,Busan,러시아/CIS,"St,Petersburg",2021,10,8700.0,16000.0,USD,,,,,2026-05-24
해상,Busan,러시아/CIS,"St,Petersburg",2021,09,8200.0,15000.0,USD,,,,,2026-05-24
해상,Busan,러시아/CIS,"St,Petersburg",2021,08,6500.0,14200.0,USD,,,,,2026-05-24
해상,Busan,러시아/CIS,"St,Petersburg",2021,07,5500.0,14200.0,USD,,,,,2026-05-24
해상,Busan,러시아/CIS,"St,Petersburg",2021,06,6300.0,12000.0,USD,,,,,2026-05-24
해상,Busan,러시아/CIS,"St,Petersburg",2021,05,5500.0,10600.0,USD,,,,,2026-05-24
해상,Busan,러시아/CIS,"St,Petersburg",2021,04,5800.0,9200.0,USD,,,,,2026-05-24
해상,Busan,러시아/CIS,"St,Petersburg",2021,03,4400.0,8800.0,USD,,,,,2026-05-24
해상,Busan,러시아/CIS,"St,Petersburg",2021,02,4700.0,9400.0,USD,,,,,2026-05-24
해상,Busan,러시아/CIS,"St,Petersburg",2021,01,4700.0,8600.0,USD,,,,,2026-05-24
해상,Busan,러시아/CIS,"St,Petersburg",2020,12,3500.0,6800.0,USD,,,,,2026-05-24
해상,Busan,러시아/CIS,"St,Petersburg",2020,11,1900.0,3600.0,USD,,,,,2026-05-24
해상,Busan,러시아/CIS,"St,Petersburg",2020,10,1800.0,2750.0,USD,,,,,2026-05-24
해상,Busan,러시아/CIS,"St,Petersburg",2020,09,1615.0,3015.0,USD,,,,,2026-05-24
해상,Busan,러시아/CIS,"St,Petersburg",2020,08,1600.0,2900.0,USD,,,,,2026-05-24
해상,Busan,러시아/CIS,"St,Petersburg",2020,07,1400.0,2600.0,USD,,,,,2026-05-24
해상,Busan,러시아/CIS,"St,Petersburg",2020,06,1600.0,3000.0,USD,,,,,2026-05-24
해상,Busan,러시아/CIS,"St,Petersburg",2020,05,1600.0,2800.0,USD,,,,,2026-05-24
해상,Busan,러시아/CIS,"St,Petersburg",2020,04,1400.0,2600.0,USD,,,,,2026-05-24
해상,Busan,러시아/CIS,"St,Petersburg",2020,03,1600.0,2900.0,USD,,,,,2026-05-24
해상,Busan,러시아/CIS,"St,Petersburg",2020,02,1700.0,2900.0,USD,,,,,2026-05-24
해상,Busan,러시아/CIS,"St,Petersburg",2020,01,1700.0,2900.0,USD,,,,,2026-05-24
해상,Busan,러시아/CIS,"St,Petersburg",2019,12,1700.0,3100.0,USD,,,,,2026-05-24
해상,Busan,러시아/CIS,"St,Petersburg",2019,11,1500.0,2800.0,USD,,,,,2026-05-24
해상,Busan,러시아/CIS,"St,Petersburg",2019,10,1700.0,3200.0,USD,,,,,2026-05-24
해상,Busan,러시아/CIS,"St,Petersburg",2019,09,1700.0,3300.0,USD,,,,,2026-05-24
해상,Busan,러시아/CIS,"St,Petersburg",2019,08,1800.0,3300.0,USD,,,,,2026-05-24
해상,Busan,러시아/CIS,"St,Petersburg",2019,07,1450.0,2600.0,USD,,,,,2026-05-24
해상,Busan,러시아/CIS,"St,Petersburg",2019,06,1500.0,2700.0,USD,,,,,2026-05-24
해상,Busan,러시아/CIS,"St,Petersburg",2019,05,1500.0,2700.0,USD,,,,,2026-05-24
해상,Busan,러시아/CIS,"St,Petersburg",2019,04,1250.0,2300.0,USD,,,,,2026-05-24
해상,Busan,러시아/CIS,"St,Petersburg",2019,03,1600.0,2600.0,USD,,,,,2026-05-24
해상,Busan,러시아/CIS,"St,Petersburg",2019,02,1800.0,2800.0,USD,,,,,2026-05-24
해상,Busan,러시아/CIS,"St,Petersburg",2019,01,1900.0,2900.0,USD,,,,,2026-05-24
해상,Busan,러시아/CIS,"St,Petersburg",2018,12,1600.0,2600.0,USD,,,,,2026-05-24
해상,Busan,러시아/CIS,"St,Petersburg",2018,11,1600.0,2600.0,USD,,,,,2026-05-24
해상,Busan,러시아/CIS,"St,Petersburg",2018,10,1800.0,2900.0,USD,,,,,2026-05-24
해상,Busan,러시아/CIS,"St,Petersburg",2018,09,1900.0,3100.0,USD,,,,,2026-05-24
해상,Busan,러시아/CIS,"St,Petersburg",2018,08,1800.0,3000.0,USD,,,,,2026-05-24
해상,Busan,러시아/CIS,"St,Petersburg",2018,07,1700.0,2800.0,USD,,,,,2026-05-24
해상,Busan,러시아/CIS,"St,Petersburg",2018,06,1500.0,2400.0,USD,,,,,2026-05-24
해상,Busan,러시아/CIS,"St,Petersburg",2018,05,1300.0,2200.0,USD,,,,,2026-05-24
해상,Busan,러시아/CIS,"St,Petersburg",2018,04,1200.0,2000.0,USD,,,,,2026-05-24
해상,Busan,러시아/CIS,"St,Petersburg",2018,03,1500.0,2700.0,USD,,,,,2026-05-24
해상,Busan,러시아/CIS,"St,Petersburg",2018,02,1500.0,2600.0,USD,,,,,2026-05-24
해상,Busan,러시아/CIS,"St,Petersburg",2018,01,1450.0,2800.0,USD,,,,,2026-05-24
해상,Busan,러시아/CIS,"St,Petersburg",2017,12,1250.0,2200.0,USD,,,,,2026-05-24
해상,Busan,러시아/CIS,"St,Petersburg",2017,11,1250.0,2200.0,USD,,,,,2026-05-24
해상,Busan,러시아/CIS,"St,Petersburg",2017,10,1600.0,3100.0,USD,,,,,2026-05-24
해상,Busan,러시아/CIS,"St,Petersburg",2017,09,1600.0,3100.0,USD,,,,,2026-05-24
해상,Busan,러시아/CIS,"St,Petersburg",2017,08,1700.0,3000.0,USD,,,,,2026-05-24
해상,Busan,러시아/CIS,Almaty,2026,05,3200.0,4900.0,USD,,,,,2026-05-24
해상,Busan,러시아/CIS,Almaty,2026,04,3100.0,4600.0,USD,,,,,2026-05-24
해상,Busan,러시아/CIS,Almaty,2026,03,3300.0,5100.0,USD,,,,,2026-05-24
해상,Busan,러시아/CIS,Almaty,2026,02,3300.0,4900.0,USD,,,,,2026-05-24
해상,Busan,러시아/CIS,Almaty,2026,01,3400.0,4950.0,USD,,,,,2026-05-24
해상,Busan,러시아/CIS,Almaty,2025,12,3300.0,4800.0,USD,,,,,2026-05-24
해상,Busan,러시아/CIS,Almaty,2025,11,3300.0,5100.0,USD,,,,,2026-05-24
해상,Busan,러시아/CIS,Almaty,2025,10,3200.0,5000.0,USD,,,,,2026-05-24
해상,Busan,러시아/CIS,Almaty,2025,09,3200.0,5000.0,USD,,,,,2026-05-24
해상,Busan,러시아/CIS,Almaty,2025,08,3300.0,5000.0,USD,,,,,2026-05-24
해상,Busan,러시아/CIS,Almaty,2025,07,3400.0,5100.0,USD,,,,,2026-05-24
해상,Busan,러시아/CIS,Almaty,2025,06,3500.0,5200.0,USD,,,,,2026-05-24
해상,Busan,러시아/CIS,Almaty,2025,05,3600.0,5800.0,USD,,,,,2026-05-24
해상,Busan,러시아/CIS,Almaty,2025,04,3600.0,5800.0,USD,,,,,2026-05-24
해상,Busan,러시아/CIS,Almaty,2025,03,3700.0,6000.0,USD,,,,,2026-05-24
해상,Busan,러시아/CIS,Almaty,2025,01,3700.0,5800.0,USD,,,,,2026-05-24
해상,Busan,러시아/CIS,Almaty,2024,12,3700.0,5800.0,USD,,,,,2026-05-24
해상,Busan,러시아/CIS,Almaty,2024,11,4200.0,6300.0,USD,,,,,2026-05-24
해상,Busan,러시아/CIS,Almaty,2024,10,4200.0,6400.0,USD,,,,,2026-05-24
해상,Busan,러시아/CIS,Almaty,2024,09,3700.0,5800.0,USD,,,,,2026-05-24
해상,Busan,러시아/CIS,Almaty,2024,08,3700.0,5800.0,USD,,,,,2026-05-24
해상,Busan,러시아/CIS,Almaty,2024,07,3700.0,5800.0,USD,,,,,2026-05-24
해상,Busan,러시아/CIS,Almaty,2024,06,3700.0,5700.0,USD,,,,,2026-05-24
해상,Busan,러시아/CIS,Almaty,2024,05,3600.0,5600.0,USD,,,,,2026-05-24
해상,Busan,러시아/CIS,Almaty,2024,04,3500.0,5400.0,USD,,,,,2026-05-24
해상,Busan,러시아/CIS,Almaty,2024,03,3500.0,5400.0,USD,,,,,2026-05-24
해상,Busan,러시아/CIS,Almaty,2024,02,3600.0,5600.0,USD,,,,,2026-05-24
해상,Busan,러시아/CIS,Almaty,2024,01,3600.0,5600.0,USD,,,,,2026-05-24
해상,Busan,러시아/CIS,Almaty,2023,12,3600.0,5600.0,USD,,,,,2026-05-24
해상,Busan,러시아/CIS,Almaty,2023,11,3600.0,5800.0,USD,,,,,2026-05-24
해상,Busan,러시아/CIS,Almaty,2023,10,4000.0,6100.0,USD,,,,,2026-05-24
해상,Busan,러시아/CIS,Almaty,2023,09,4200.0,6800.0,USD,,,,,2026-05-24
해상,Busan,러시아/CIS,Almaty,2023,08,4700.0,7200.0,USD,,,,,2026-05-24
해상,Busan,러시아/CIS,Almaty,2023,07,4700.0,7200.0,USD,,,,,2026-05-24
해상,Busan,러시아/CIS,Almaty,2023,06,5400.0,8100.0,USD,,,,,2026-05-24
해상,Busan,러시아/CIS,Almaty,2023,05,5400.0,8100.0,USD,,,,,2026-05-24
해상,Busan,러시아/CIS,Almaty,2023,04,5900.0,8400.0,USD,,,,,2026-05-24
해상,Busan,러시아/CIS,Almaty,2023,03,4600.0,7000.0,USD,,,,,2026-05-24
해상,Busan,러시아/CIS,Almaty,2023,02,4650.0,6800.0,USD,,,,,2026-05-24
해상,Busan,러시아/CIS,Almaty,2023,01,4500.0,6800.0,USD,,,,,2026-05-24
해상,Busan,러시아/CIS,Almaty,2022,12,4000.0,6100.0,USD,,,,,2026-05-24
해상,Busan,러시아/CIS,Almaty,2022,11,4000.0,6100.0,USD,,,,,2026-05-24
해상,Busan,러시아/CIS,Almaty,2022,10,4500.0,6900.0,USD,,,,,2026-05-24
해상,Busan,러시아/CIS,Almaty,2022,09,4500.0,6900.0,USD,,,,,2026-05-24
해상,Busan,러시아/CIS,Almaty,2022,08,4500.0,6900.0,USD,,,,,2026-05-24
해상,Busan,러시아/CIS,Almaty,2022,07,4500.0,6900.0,USD,,,,,2026-05-24
해상,Busan,러시아/CIS,Almaty,2022,06,4500.0,6900.0,USD,,,,,2026-05-24
해상,Busan,러시아/CIS,Almaty,2022,05,4600.0,7000.0,USD,,,,,2026-05-24
해상,Busan,러시아/CIS,Almaty,2022,04,4700.0,7200.0,USD,,,,,2026-05-24
해상,Busan,러시아/CIS,Almaty,2022,03,4800.0,7500.0,USD,,,,,2026-05-24
해상,Busan,러시아/CIS,Almaty,2022,02,5100.0,8000.0,USD,,,,,2026-05-24
해상,Busan,러시아/CIS,Almaty,2022,01,5100.0,8000.0,USD,,,,,2026-05-24
해상,Busan,러시아/CIS,Almaty,2021,12,5400.0,8700.0,USD,,,,,2026-05-24
해상,Busan,러시아/CIS,Almaty,2021,11,5300.0,8300.0,USD,,,,,2026-05-24
해상,Busan,러시아/CIS,Almaty,2021,10,4500.0,7500.0,USD,,,,,2026-05-24
해상,Busan,러시아/CIS,Almaty,2021,09,4200.0,7000.0,USD,,,,,2026-05-24
해상,Busan,러시아/CIS,Almaty,2021,08,3600.0,6500.0,USD,,,,,2026-05-24
해상,Busan,러시아/CIS,Almaty,2021,07,3600.0,6500.0,USD,,,,,2026-05-24
해상,Busan,러시아/CIS,Almaty,2021,06,3600.0,6600.0,USD,,,,,2026-05-24
해상,Busan,러시아/CIS,Almaty,2021,05,3600.0,6600.0,USD,,,,,2026-05-24
해상,Busan,러시아/CIS,Almaty,2021,04,3700.0,6700.0,USD,,,,,2026-05-24
해상,Busan,러시아/CIS,Almaty,2021,03,3850.0,7000.0,USD,,,,,2026-05-24
해상,Busan,러시아/CIS,Almaty,2021,02,3550.0,7000.0,USD,,,,,2026-05-24
해상,Busan,러시아/CIS,Almaty,2021,01,3550.0,6500.0,USD,,,,,2026-05-24
해상,Busan,러시아/CIS,Almaty,2020,12,0.0,0.0,USD,,,,,2026-05-24
해상,Busan,러시아/CIS,Almaty,2020,11,2700.0,3750.0,USD,,,,,2026-05-24
해상,Busan,러시아/CIS,Almaty,2020,10,2400.0,3200.0,USD,,,,,2026-05-24
해상,Busan,러시아/CIS,Almaty,2020,09,2550.0,3350.0,USD,,,,,2026-05-24
해상,Busan,러시아/CIS,Almaty,2020,08,2350.0,3100.0,USD,,,,,2026-05-24
해상,Busan,러시아/CIS,Almaty,2020,07,2350.0,3100.0,USD,,,,,2026-05-24
해상,Busan,러시아/CIS,Almaty,2020,06,2350.0,3100.0,USD,,,,,2026-05-24
해상,Busan,러시아/CIS,Almaty,2020,05,2450.0,3400.0,USD,,,,,2026-05-24
해상,Busan,러시아/CIS,Almaty,2020,04,2450.0,3400.0,USD,,,,,2026-05-24
해상,Busan,러시아/CIS,Almaty,2020,03,2350.0,3400.0,USD,,,,,2026-05-24
해상,Busan,러시아/CIS,Almaty,2020,02,2550.0,3550.0,USD,,,,,2026-05-24
해상,Busan,러시아/CIS,Almaty,2020,01,2550.0,3700.0,USD,,,,,2026-05-24
해상,Busan,러시아/CIS,Almaty,2019,12,2750.0,3800.0,USD,,,,,2026-05-24
해상,Busan,러시아/CIS,Almaty,2019,11,2500.0,3500.0,USD,,,,,2026-05-24
해상,Busan,러시아/CIS,Almaty,2019,10,2400.0,3300.0,USD,,,,,2026-05-24
해상,Busan,러시아/CIS,Almaty,2019,09,2400.0,3300.0,USD,,,,,2026-05-24
해상,Busan,러시아/CIS,Almaty,2019,08,2400.0,3300.0,USD,,,,,2026-05-24
해상,Busan,러시아/CIS,Almaty,2019,07,2400.0,3300.0,USD,,,,,2026-05-24
해상,Busan,러시아/CIS,Almaty,2019,06,2450.0,3400.0,USD,,,,,2026-05-24
해상,Busan,러시아/CIS,Almaty,2019,05,2450.0,3400.0,USD,,,,,2026-05-24
해상,Busan,러시아/CIS,Almaty,2019,04,2850.0,4150.0,USD,,,,,2026-05-24
해상,Busan,러시아/CIS,Almaty,2019,03,2850.0,4250.0,USD,,,,,2026-05-24
해상,Busan,러시아/CIS,Almaty,2019,02,2650.0,3900.0,USD,,,,,2026-05-24
해상,Busan,러시아/CIS,Almaty,2019,01,2650.0,3900.0,USD,,,,,2026-05-24
해상,Busan,러시아/CIS,Almaty,2018,12,2650.0,4050.0,USD,,,,,2026-05-24
해상,Busan,러시아/CIS,Almaty,2018,11,2850.0,4550.0,USD,,,,,2026-05-24
해상,Busan,러시아/CIS,Almaty,2018,10,2850.0,4550.0,USD,,,,,2026-05-24
해상,Busan,러시아/CIS,Almaty,2018,09,2900.0,4600.0,USD,,,,,2026-05-24
해상,Busan,러시아/CIS,Almaty,2018,08,2900.0,4600.0,USD,,,,,2026-05-24
해상,Busan,러시아/CIS,Almaty,2018,07,2950.0,4600.0,USD,,,,,2026-05-24
해상,Busan,러시아/CIS,Almaty,2018,06,2950.0,4700.0,USD,,,,,2026-05-24
해상,Busan,러시아/CIS,Almaty,2018,05,2950.0,4700.0,USD,,,,,2026-05-24
해상,Busan,러시아/CIS,Almaty,2018,04,2950.0,4700.0,USD,,,,,2026-05-24
해상,Busan,러시아/CIS,Almaty,2018,03,2950.0,4600.0,USD,,,,,2026-05-24
해상,Busan,러시아/CIS,Almaty,2018,02,2950.0,4600.0,USD,,,,,2026-05-24
해상,Busan,러시아/CIS,Almaty,2018,01,3000.0,4700.0,USD,,,,,2026-05-24
해상,Busan,러시아/CIS,Tashkent,2026,05,4900.0,6400.0,USD,,,,,2026-05-24
해상,Busan,러시아/CIS,Tashkent,2026,04,4800.0,6400.0,USD,,,,,2026-05-24
해상,Busan,러시아/CIS,Tashkent,2026,03,5100.0,6300.0,USD,,,,,2026-05-24
해상,Busan,러시아/CIS,Tashkent,2026,02,5000.0,6300.0,USD,,,,,2026-05-24
해상,Busan,러시아/CIS,Tashkent,2026,01,5100.0,6600.0,USD,,,,,2026-05-24
해상,Busan,러시아/CIS,Tashkent,2025,12,5000.0,6500.0,USD,,,,,2026-05-24
해상,Busan,러시아/CIS,Tashkent,2025,11,5100.0,6300.0,USD,,,,,2026-05-24
해상,Busan,러시아/CIS,Tashkent,2025,10,4900.0,5950.0,USD,,,,,2026-05-24
해상,Busan,러시아/CIS,Tashkent,2025,09,4900.0,5950.0,USD,,,,,2026-05-24
해상,Busan,러시아/CIS,Tashkent,2025,08,4900.0,5950.0,USD,,,,,2026-05-24
해상,Busan,러시아/CIS,Tashkent,2025,07,5000.0,6300.0,USD,,,,,2026-05-24
해상,Busan,러시아/CIS,Tashkent,2025,06,5000.0,6700.0,USD,,,,,2026-05-24
해상,Busan,러시아/CIS,Tashkent,2025,05,5100.0,7600.0,USD,,,,,2026-05-24
해상,Busan,러시아/CIS,Tashkent,2025,04,5100.0,7600.0,USD,,,,,2026-05-24
해상,Busan,러시아/CIS,Tashkent,2025,03,5200.0,7500.0,USD,,,,,2026-05-24
해상,Busan,러시아/CIS,Tashkent,2025,01,5000.0,7400.0,USD,,,,,2026-05-24
해상,Busan,러시아/CIS,Tashkent,2024,12,5000.0,7400.0,USD,,,,,2026-05-24
해상,Busan,러시아/CIS,Tashkent,2024,11,5400.0,8200.0,USD,,,,,2026-05-24
해상,Busan,러시아/CIS,Tashkent,2024,10,5500.0,8300.0,USD,,,,,2026-05-24
해상,Busan,러시아/CIS,Tashkent,2024,09,5100.0,7400.0,USD,,,,,2026-05-24
해상,Busan,러시아/CIS,Tashkent,2024,08,5100.0,7400.0,USD,,,,,2026-05-24
해상,Busan,러시아/CIS,Tashkent,2024,07,3500.0,7900.0,USD,,,,,2026-05-24
해상,Busan,러시아/CIS,Tashkent,2024,06,5100.0,5350.0,USD,,,,,2026-05-24
해상,Busan,러시아/CIS,Tashkent,2024,05,5000.0,7300.0,USD,,,,,2026-05-24
해상,Busan,러시아/CIS,Tashkent,2024,04,4900.0,7200.0,USD,,,,,2026-05-24
해상,Busan,러시아/CIS,Tashkent,2024,03,4900.0,7200.0,USD,,,,,2026-05-24
해상,Busan,러시아/CIS,Tashkent,2024,02,4900.0,7300.0,USD,,,,,2026-05-24
해상,Busan,러시아/CIS,Tashkent,2024,01,5300.0,7900.0,USD,,,,,2026-05-24
해상,Busan,러시아/CIS,Tashkent,2023,12,5300.0,8300.0,USD,,,,,2026-05-24
해상,Busan,러시아/CIS,Tashkent,2023,11,5300.0,8300.0,USD,,,,,2026-05-24
해상,Busan,러시아/CIS,Tashkent,2023,10,5500.0,8700.0,USD,,,,,2026-05-24
해상,Busan,러시아/CIS,Tashkent,2023,09,5700.0,8900.0,USD,,,,,2026-05-24
해상,Busan,러시아/CIS,Tashkent,2023,08,4700.0,6800.0,USD,,,,,2026-05-24
해상,Busan,러시아/CIS,Tashkent,2023,07,6200.0,9500.0,USD,,,,,2026-05-24
해상,Busan,러시아/CIS,Tashkent,2023,06,6900.0,10500.0,USD,,,,,2026-05-24
해상,Busan,러시아/CIS,Tashkent,2023,05,6900.0,10500.0,USD,,,,,2026-05-24
해상,Busan,러시아/CIS,Tashkent,2023,04,6500.0,9400.0,USD,,,,,2026-05-24
해상,Busan,러시아/CIS,Tashkent,2023,03,6200.0,9400.0,USD,,,,,2026-05-24
해상,Busan,러시아/CIS,Tashkent,2023,02,6000.0,9100.0,USD,,,,,2026-05-24
해상,Busan,러시아/CIS,Tashkent,2023,01,6200.0,9550.0,USD,,,,,2026-05-24
해상,Busan,러시아/CIS,Tashkent,2022,12,5500.0,8300.0,USD,,,,,2026-05-24
해상,Busan,러시아/CIS,Tashkent,2022,11,5300.0,8100.0,USD,,,,,2026-05-24
해상,Busan,러시아/CIS,Tashkent,2022,10,5600.0,9600.0,USD,,,,,2026-05-24
해상,Busan,러시아/CIS,Tashkent,2022,09,5600.0,9600.0,USD,,,,,2026-05-24
해상,Busan,러시아/CIS,Tashkent,2022,08,5800.0,9600.0,USD,,,,,2026-05-24
해상,Busan,러시아/CIS,Tashkent,2022,07,5800.0,9600.0,USD,,,,,2026-05-24
해상,Busan,러시아/CIS,Tashkent,2022,06,5800.0,9600.0,USD,,,,,2026-05-24
해상,Busan,러시아/CIS,Tashkent,2022,05,5800.0,9600.0,USD,,,,,2026-05-24
해상,Busan,러시아/CIS,Tashkent,2022,04,6000.0,9850.0,USD,,,,,2026-05-24
해상,Busan,러시아/CIS,Tashkent,2022,03,6000.0,10500.0,USD,,,,,2026-05-24
해상,Busan,러시아/CIS,Tashkent,2022,02,6400.0,10800.0,USD,,,,,2026-05-24
해상,Busan,러시아/CIS,Tashkent,2022,01,6600.0,11000.0,USD,,,,,2026-05-24
해상,Busan,러시아/CIS,Tashkent,2021,12,6600.0,11700.0,USD,,,,,2026-05-24
해상,Busan,러시아/CIS,Tashkent,2021,11,6500.0,11500.0,USD,,,,,2026-05-24
해상,Busan,러시아/CIS,Tashkent,2021,10,6500.0,10600.0,USD,,,,,2026-05-24
해상,Busan,러시아/CIS,Tashkent,2021,09,6500.0,9900.0,USD,,,,,2026-05-24
해상,Busan,러시아/CIS,Tashkent,2021,08,4900.0,8600.0,USD,,,,,2026-05-24
해상,Busan,러시아/CIS,Tashkent,2021,07,4900.0,8600.0,USD,,,,,2026-05-24
해상,Busan,러시아/CIS,Tashkent,2021,06,4800.0,8600.0,USD,,,,,2026-05-24
해상,Busan,러시아/CIS,Tashkent,2021,05,4700.0,8600.0,USD,,,,,2026-05-24
해상,Busan,러시아/CIS,Tashkent,2021,04,4800.0,8700.0,USD,,,,,2026-05-24
해상,Busan,러시아/CIS,Tashkent,2021,03,5000.0,9000.0,USD,,,,,2026-05-24
해상,Busan,러시아/CIS,Tashkent,2021,02,5000.0,9000.0,USD,,,,,2026-05-24
해상,Busan,러시아/CIS,Tashkent,2021,01,4700.0,8500.0,USD,,,,,2026-05-24
해상,Busan,러시아/CIS,Tashkent,2020,12,0.0,0.0,USD,,,,,2026-05-24
해상,Busan,러시아/CIS,Tashkent,2020,11,4050.0,5800.0,USD,,,,,2026-05-24
해상,Busan,러시아/CIS,Tashkent,2020,10,3850.0,5900.0,USD,,,,,2026-05-24
해상,Busan,러시아/CIS,Tashkent,2020,09,3925.0,5700.0,USD,,,,,2026-05-24
해상,Busan,러시아/CIS,Tashkent,2020,08,3750.0,5050.0,USD,,,,,2026-05-24
해상,Busan,러시아/CIS,Tashkent,2020,07,3750.0,5000.0,USD,,,,,2026-05-24
해상,Busan,러시아/CIS,Tashkent,2020,06,3750.0,5000.0,USD,,,,,2026-05-24
해상,Busan,러시아/CIS,Tashkent,2020,05,3700.0,5000.0,USD,,,,,2026-05-24
해상,Busan,러시아/CIS,Tashkent,2020,04,3700.0,4900.0,USD,,,,,2026-05-24
해상,Busan,러시아/CIS,Tashkent,2020,03,3600.0,4800.0,USD,,,,,2026-05-24
해상,Busan,러시아/CIS,Tashkent,2020,02,3700.0,4850.0,USD,,,,,2026-05-24
해상,Busan,러시아/CIS,Tashkent,2020,01,3900.0,5100.0,USD,,,,,2026-05-24
해상,Busan,러시아/CIS,Tashkent,2019,12,4100.0,5900.0,USD,,,,,2026-05-24
해상,Busan,러시아/CIS,Tashkent,2019,11,3800.0,5550.0,USD,,,,,2026-05-24
해상,Busan,러시아/CIS,Tashkent,2019,10,3700.0,5350.0,USD,,,,,2026-05-24
해상,Busan,러시아/CIS,Tashkent,2019,09,3800.0,5400.0,USD,,,,,2026-05-24
해상,Busan,러시아/CIS,Tashkent,2019,08,3800.0,5400.0,USD,,,,,2026-05-24
해상,Busan,러시아/CIS,Tashkent,2019,07,3800.0,5400.0,USD,,,,,2026-05-24
해상,Busan,러시아/CIS,Tashkent,2019,06,3850.0,5600.0,USD,,,,,2026-05-24
해상,Busan,러시아/CIS,Tashkent,2019,05,3850.0,5700.0,USD,,,,,2026-05-24
해상,Busan,러시아/CIS,Tashkent,2019,04,4100.0,6300.0,USD,,,,,2026-05-24
해상,Busan,러시아/CIS,Tashkent,2019,03,4150.0,6400.0,USD,,,,,2026-05-24
해상,Busan,러시아/CIS,Tashkent,2019,02,3900.0,6050.0,USD,,,,,2026-05-24
해상,Busan,러시아/CIS,Tashkent,2019,01,4150.0,6550.0,USD,,,,,2026-05-24
해상,Busan,러시아/CIS,Tashkent,2018,12,3800.0,6000.0,USD,,,,,2026-05-24
해상,Busan,러시아/CIS,Tashkent,2018,11,4000.0,6600.0,USD,,,,,2026-05-24
해상,Busan,러시아/CIS,Tashkent,2018,10,4000.0,6600.0,USD,,,,,2026-05-24
해상,Busan,러시아/CIS,Tashkent,2018,09,4100.0,6700.0,USD,,,,,2026-05-24
해상,Busan,러시아/CIS,Tashkent,2018,08,4100.0,6700.0,USD,,,,,2026-05-24
해상,Busan,러시아/CIS,Tashkent,2018,07,4100.0,6800.0,USD,,,,,2026-05-24
해상,Busan,러시아/CIS,Tashkent,2018,06,4000.0,6800.0,USD,,,,,2026-05-24
해상,Busan,러시아/CIS,Tashkent,2018,05,4100.0,6700.0,USD,,,,,2026-05-24
해상,Busan,러시아/CIS,Tashkent,2018,04,4100.0,6700.0,USD,,,,,2026-05-24
해상,Busan,러시아/CIS,Tashkent,2018,03,4100.0,6700.0,USD,,,,,2026-05-24
해상,Busan,러시아/CIS,Tashkent,2018,02,4100.0,6700.0,USD,,,,,2026-05-24
해상,Busan,러시아/CIS,Tashkent,2018,01,4150.0,6800.0,USD,,,,,2026-05-24
