# [항공] 출처: 한국무역협회(KITA) | 시장 평균 항공운임(Air Freight), 부산발 | 부대비용 별도 / 이용 항공사·물동량·결제조건에 따라 상이 | 운임 업로드: 매월 첫째 주 | 단위: USD
분류,출발(도시),도착(국가),도착(도시),년,월,TEU,FEU,단위(USD-해상),100kg,300kg,500kg,단위(USD-항공),업데이트 일자
항공,Incheon,북미,Chicago,2015,01,,,,3900.0,3900.0,3900.0,USD,2026-05-24
항공,Incheon,북미,Dallas,2015,01,,,,4900.0,4700.0,4700.0,USD,2026-05-24
항공,Incheon,북미,Los Angeles,2015,01,,,,3900.0,3900.0,3900.0,USD,2026-05-24
항공,Incheon,북미,New York,2015,01,,,,4000.0,4000.0,3900.0,USD,2026-05-24
항공,Incheon,북미,Toronto,2015,01,,,,3400.0,3400.0,3200.0,USD,2026-05-24
항공,Incheon,중남미,Mexico City,2015,01,,,,5000.0,4900.0,4800.0,USD,2026-05-24
항공,Incheon,유럽,Amsterdam,2015,01,,,,3200.0,2800.0,2800.0,USD,2026-05-24
항공,Incheon,유럽,Frankfrut,2015,01,,,,3100.0,2900.0,2700.0,USD,2026-05-24
항공,Incheon,유럽,London,2015,01,,,,3100.0,2500.0,2500.0,USD,2026-05-24
항공,Incheon,유럽,Paris,2015,01,,,,3200.0,3000.0,2800.0,USD,2026-05-24
항공,Incheon,아시아,Mumbai,2015,01,,,,2000.0,1850.0,1750.0,USD,2026-05-24
항공,Incheon,아시아,New Delhi,2015,01,,,,2200.0,2150.0,1900.0,USD,2026-05-24
항공,Incheon,아시아,Ulaanbaatar,2015,01,,,,3900.0,3900.0,3700.0,USD,2026-05-24
항공,Incheon,아시아,Hanoi,2015,01,,,,1600.0,1600.0,1600.0,USD,2026-05-24
항공,Incheon,아시아,Hochiminh,2015,01,,,,1800.0,1700.0,1700.0,USD,2026-05-24
항공,Incheon,아시아,HongKong,2015,01,,,,600.0,550.0,500.0,USD,2026-05-24
항공,Incheon,아시아,Jakarta,2015,01,,,,1300.0,1250.0,1200.0,USD,2026-05-24
항공,Incheon,아시아,MANILA,2015,01,,,,1000.0,850.0,850.0,USD,2026-05-24
항공,Incheon,일본,Tokyo,2015,01,,,,800.0,800.0,800.0,USD,2026-05-24
항공,Incheon,중국,Beijing,2015,01,,,,900.0,900.0,900.0,USD,2026-05-24
항공,Incheon,중국,Dalian,2015,01,,,,3000.0,2900.0,2850.0,USD,2026-05-24
항공,Incheon,중국,Shanghai,2015,01,,,,450.0,350.0,300.0,USD,2026-05-24
항공,Incheon,중국,Tianjin,2015,01,,,,1600.0,1500.0,1400.0,USD,2026-05-24
항공,Incheon,아프리카,Cairo,2015,01,,,,3200.0,2900.0,2850.0,USD,2026-05-24
항공,Incheon,아프리카,Cape Town,2015,01,,,,4400.0,4400.0,4200.0,USD,2026-05-24
항공,Incheon,오세아니아,Auckland,2015,01,,,,4500.0,4400.0,4300.0,USD,2026-05-24
항공,Incheon,오세아니아,Sydney,2015,01,,,,3100.0,3000.0,2900.0,USD,2026-05-24
항공,Incheon,중동,Abu dhabi,2015,01,,,,3000.0,2800.0,2700.0,USD,2026-05-24
항공,Incheon,중동,Dubai,2015,01,,,,3800.0,2900.0,2900.0,USD,2026-05-24
항공,Incheon,중동,Dammam,2015,01,,,,2600.0,2500.0,2400.0,USD,2026-05-24
항공,Incheon,중동,Riyadh,2015,01,,,,2800.0,2600.0,2600.0,USD,2026-05-24
항공,Incheon,중동,Kuwait,2015,01,,,,3000.0,2700.0,2600.0,USD,2026-05-24
항공,Incheon,중동,Tehran,2015,01,,,,3600.0,3400.0,3400.0,USD,2026-05-24
항공,Incheon,러시아,Moscow,2015,01,,,,3100.0,2700.0,2700.0,USD,2026-05-24
항공,Incheon,북미,Chicago,2015,02,,,,4700.0,4700.0,4600.0,USD,2026-05-24
항공,Incheon,북미,Dallas,2015,02,,,,5200.0,5100.0,5000.0,USD,2026-05-24
항공,Incheon,북미,Los Angeles,2015,02,,,,4400.0,4300.0,4300.0,USD,2026-05-24
항공,Incheon,북미,New York,2015,02,,,,4500.0,4400.0,4400.0,USD,2026-05-24
항공,Incheon,북미,Toronto,2015,02,,,,4000.0,4000.0,3800.0,USD,2026-05-24
항공,Incheon,중남미,Mexico City,2015,02,,,,4800.0,4700.0,4700.0,USD,2026-05-24
항공,Incheon,유럽,Amsterdam,2015,02,,,,3200.0,3000.0,2900.0,USD,2026-05-24
항공,Incheon,유럽,Frankfrut,2015,02,,,,3100.0,2800.0,2600.0,USD,2026-05-24
항공,Incheon,유럽,London,2015,02,,,,3100.0,2900.0,2700.0,USD,2026-05-24
항공,Incheon,유럽,Paris,2015,02,,,,3200.0,3000.0,2900.0,USD,2026-05-24
항공,Incheon,아시아,Mumbai,2015,02,,,,2400.0,2300.0,2200.0,USD,2026-05-24
항공,Incheon,아시아,New Delhi,2015,02,,,,2300.0,2200.0,1800.0,USD,2026-05-24
항공,Incheon,아시아,Ulaanbaatar,2015,02,,,,4200.0,4100.0,4000.0,USD,2026-05-24
항공,Incheon,아시아,Hanoi,2015,02,,,,1900.0,1900.0,1800.0,USD,2026-05-24
항공,Incheon,아시아,Hochiminh,2015,02,,,,2000.0,1900.0,1900.0,USD,2026-05-24
항공,Incheon,아시아,HongKong,2015,02,,,,800.0,700.0,700.0,USD,2026-05-24
항공,Incheon,아시아,Jakarta,2015,02,,,,1900.0,1800.0,1700.0,USD,2026-05-24
항공,Incheon,아시아,MANILA,2015,02,,,,1400.0,1300.0,1300.0,USD,2026-05-24
항공,Incheon,일본,Tokyo,2015,02,,,,900.0,900.0,900.0,USD,2026-05-24
항공,Incheon,중국,Beijing,2015,02,,,,1000.0,900.0,900.0,USD,2026-05-24
항공,Incheon,중국,Dalian,2015,02,,,,2100.0,2000.0,2000.0,USD,2026-05-24
항공,Incheon,중국,Shanghai,2015,02,,,,800.0,700.0,700.0,USD,2026-05-24
항공,Incheon,중국,Tianjin,2015,02,,,,1700.0,1700.0,1600.0,USD,2026-05-24
항공,Incheon,아프리카,Cairo,2015,02,,,,3800.0,3700.0,3700.0,USD,2026-05-24
항공,Incheon,아프리카,Cape Town,2015,02,,,,4500.0,4500.0,4400.0,USD,2026-05-24
항공,Incheon,오세아니아,Auckland,2015,02,,,,4300.0,4200.0,4100.0,USD,2026-05-24
항공,Incheon,오세아니아,Sydney,2015,02,,,,3100.0,3000.0,2900.0,USD,2026-05-24
항공,Incheon,중동,Abu dhabi,2015,02,,,,3000.0,2800.0,2700.0,USD,2026-05-24
항공,Incheon,중동,Dubai,2015,02,,,,3800.0,3600.0,3500.0,USD,2026-05-24
항공,Incheon,중동,Dammam,2015,02,,,,2800.0,2700.0,2600.0,USD,2026-05-24
항공,Incheon,중동,Riyadh,2015,02,,,,3200.0,2900.0,2800.0,USD,2026-05-24
항공,Incheon,중동,Kuwait,2015,02,,,,3700.0,3600.0,3600.0,USD,2026-05-24
항공,Incheon,중동,Tehran,2015,02,,,,4000.0,3700.0,3400.0,USD,2026-05-24
항공,Incheon,러시아,Moscow,2015,02,,,,3200.0,3100.0,3000.0,USD,2026-05-24
항공,Incheon,북미,Chicago,2015,03,,,,4700.0,4700.0,4600.0,USD,2026-05-24
항공,Incheon,북미,Dallas,2015,03,,,,4800.0,4700.0,4600.0,USD,2026-05-24
항공,Incheon,북미,Los Angeles,2015,03,,,,4200.0,4100.0,4000.0,USD,2026-05-24
항공,Incheon,북미,New York,2015,03,,,,4400.0,4400.0,4200.0,USD,2026-05-24
항공,Incheon,북미,Toronto,2015,03,,,,3700.0,3650.0,3400.0,USD,2026-05-24
항공,Incheon,중남미,Mexico City,2015,03,,,,4700.0,4700.0,4700.0,USD,2026-05-24
항공,Incheon,유럽,Amsterdam,2015,03,,,,2500.0,2200.0,2000.0,USD,2026-05-24
항공,Incheon,유럽,Frankfrut,2015,03,,,,3000.0,2600.0,2600.0,USD,2026-05-24
항공,Incheon,유럽,London,2015,03,,,,2700.0,2500.0,2400.0,USD,2026-05-24
항공,Incheon,유럽,Paris,2015,03,,,,2600.0,2500.0,2400.0,USD,2026-05-24
항공,Incheon,아시아,Mumbai,2015,03,,,,2100.0,2000.0,2000.0,USD,2026-05-24
항공,Incheon,아시아,New Delhi,2015,03,,,,2400.0,2200.0,1950.0,USD,2026-05-24
항공,Incheon,아시아,Ulaanbaatar,2015,03,,,,4200.0,4100.0,4000.0,USD,2026-05-24
항공,Incheon,아시아,Hanoi,2015,03,,,,1800.0,1750.0,1650.0,USD,2026-05-24
항공,Incheon,아시아,Hochiminh,2015,03,,,,2000.0,1900.0,1900.0,USD,2026-05-24
항공,Incheon,아시아,HongKong,2015,03,,,,750.0,700.0,500.0,USD,2026-05-24
항공,Incheon,아시아,Jakarta,2015,03,,,,1900.0,1800.0,1700.0,USD,2026-05-24
항공,Incheon,아시아,MANILA,2015,03,,,,1300.0,1300.0,1200.0,USD,2026-05-24
항공,Incheon,일본,Tokyo,2015,03,,,,900.0,900.0,900.0,USD,2026-05-24
항공,Incheon,중국,Beijing,2015,03,,,,1000.0,900.0,900.0,USD,2026-05-24
항공,Incheon,중국,Dalian,2015,03,,,,2100.0,1300.0,1300.0,USD,2026-05-24
항공,Incheon,중국,Shanghai,2015,03,,,,700.0,700.0,650.0,USD,2026-05-24
항공,Incheon,중국,Tianjin,2015,03,,,,1300.0,1250.0,1200.0,USD,2026-05-24
항공,Incheon,아프리카,Cairo,2015,03,,,,3800.0,3700.0,3700.0,USD,2026-05-24
항공,Incheon,아프리카,Cape Town,2015,03,,,,5400.0,5300.0,5300.0,USD,2026-05-24
항공,Incheon,오세아니아,Auckland,2015,03,,,,4300.0,4200.0,4100.0,USD,2026-05-24
항공,Incheon,오세아니아,Sydney,2015,03,,,,3100.0,3000.0,2800.0,USD,2026-05-24
항공,Incheon,중동,Abu dhabi,2015,03,,,,3600.0,3300.0,3100.0,USD,2026-05-24
항공,Incheon,중동,Dubai,2015,03,,,,3700.0,3400.0,2850.0,USD,2026-05-24
항공,Incheon,중동,Dammam,2015,03,,,,3400.0,2600.0,2500.0,USD,2026-05-24
항공,Incheon,중동,Riyadh,2015,03,,,,2900.0,2800.0,2700.0,USD,2026-05-24
항공,Incheon,중동,Kuwait,2015,03,,,,3000.0,2900.0,2800.0,USD,2026-05-24
항공,Incheon,중동,Tehran,2015,03,,,,4000.0,3500.0,3400.0,USD,2026-05-24
항공,Incheon,러시아,Moscow,2015,03,,,,3200.0,3100.0,3000.0,USD,2026-05-24
항공,Incheon,북미,Chicago,2015,04,,,,4500.0,4400.0,4200.0,USD,2026-05-24
항공,Incheon,북미,Dallas,2015,04,,,,4500.0,4300.0,4300.0,USD,2026-05-24
항공,Incheon,북미,Los Angeles,2015,04,,,,4200.0,4100.0,4000.0,USD,2026-05-24
항공,Incheon,북미,New York,2015,04,,,,4300.0,4200.0,4200.0,USD,2026-05-24
항공,Incheon,북미,Toronto,2015,04,,,,3400.0,3400.0,3400.0,USD,2026-05-24
항공,Incheon,유럽,Amsterdam,2015,04,,,,2700.0,2600.0,2500.0,USD,2026-05-24
항공,Incheon,유럽,Frankfrut,2015,04,,,,2700.0,2600.0,2500.0,USD,2026-05-24
항공,Incheon,유럽,London,2015,04,,,,2700.0,2600.0,2500.0,USD,2026-05-24
항공,Incheon,유럽,Paris,2015,04,,,,2700.0,2600.0,2500.0,USD,2026-05-24
항공,Incheon,아시아,Mumbai,2015,04,,,,2100.0,2050.0,2000.0,USD,2026-05-24
항공,Incheon,아시아,New Delhi,2015,04,,,,2200.0,2150.0,1900.0,USD,2026-05-24
항공,Incheon,아시아,Ulaanbaatar,2015,04,,,,4200.0,4100.0,4000.0,USD,2026-05-24
항공,Incheon,아시아,Hanoi,2015,04,,,,1700.0,1650.0,1600.0,USD,2026-05-24
항공,Incheon,아시아,Hochiminh,2015,04,,,,1650.0,1650.0,1650.0,USD,2026-05-24
항공,Incheon,아시아,HongKong,2015,04,,,,750.0,700.0,500.0,USD,2026-05-24
항공,Incheon,아시아,Jakarta,2015,04,,,,1500.0,1450.0,1400.0,USD,2026-05-24
항공,Incheon,아시아,MANILA,2015,04,,,,1000.0,850.0,850.0,USD,2026-05-24
항공,Incheon,일본,Tokyo,2015,04,,,,900.0,900.0,900.0,USD,2026-05-24
항공,Incheon,중국,Beijing,2015,04,,,,1000.0,900.0,900.0,USD,2026-05-24
항공,Incheon,중국,Dalian,2015,04,,,,2100.0,1300.0,1300.0,USD,2026-05-24
항공,Incheon,중국,Shanghai,2015,04,,,,700.0,700.0,650.0,USD,2026-05-24
항공,Incheon,중국,Tianjin,2015,04,,,,1300.0,1250.0,1200.0,USD,2026-05-24
항공,Incheon,아프리카,Cairo,2015,04,,,,2800.0,2700.0,2600.0,USD,2026-05-24
항공,Incheon,아프리카,Cape Town,2015,04,,,,4300.0,4200.0,4100.0,USD,2026-05-24
항공,Incheon,오세아니아,Auckland,2015,04,,,,4400.0,4300.0,4200.0,USD,2026-05-24
항공,Incheon,오세아니아,Sydney,2015,04,,,,3100.0,3000.0,2800.0,USD,2026-05-24
항공,Incheon,중동,Abu dhabi,2015,04,,,,3500.0,3300.0,3100.0,USD,2026-05-24
항공,Incheon,중동,Dubai,2015,04,,,,3800.0,3500.0,2900.0,USD,2026-05-24
항공,Incheon,중동,Dammam,2015,04,,,,2600.0,2500.0,2400.0,USD,2026-05-24
항공,Incheon,중동,Riyadh,2015,04,,,,3200.0,2800.0,2700.0,USD,2026-05-24
항공,Incheon,중동,Kuwait,2015,04,,,,3000.0,2900.0,2800.0,USD,2026-05-24
항공,Incheon,중동,Tehran,2015,04,,,,3600.0,3400.0,3300.0,USD,2026-05-24
항공,Incheon,러시아,Moscow,2015,04,,,,3200.0,3100.0,3000.0,USD,2026-05-24
항공,Incheon,북미,Chicago,2015,05,,,,3300.0,3100.0,3100.0,USD,2026-05-24
항공,Incheon,북미,Dallas,2015,05,,,,4800.0,4500.0,4500.0,USD,2026-05-24
항공,Incheon,북미,Los Angeles,2015,05,,,,3100.0,3000.0,2900.0,USD,2026-05-24
항공,Incheon,북미,New York,2015,05,,,,3500.0,3400.0,3300.0,USD,2026-05-24
항공,Incheon,북미,Toronto,2015,05,,,,3400.0,3400.0,3400.0,USD,2026-05-24
항공,Incheon,중남미,Mexico City,2015,05,,,,5100.0,4900.0,4800.0,USD,2026-05-24
항공,Incheon,유럽,Amsterdam,2015,05,,,,2700.0,2600.0,2500.0,USD,2026-05-24
항공,Incheon,유럽,Frankfrut,2015,05,,,,2700.0,2600.0,2500.0,USD,2026-05-24
항공,Incheon,유럽,London,2015,05,,,,2700.0,2600.0,2500.0,USD,2026-05-24
항공,Incheon,유럽,Paris,2015,05,,,,2700.0,2600.0,2500.0,USD,2026-05-24
항공,Incheon,아시아,Mumbai,2015,05,,,,2100.0,2050.0,2000.0,USD,2026-05-24
항공,Incheon,아시아,New Delhi,2015,05,,,,2200.0,2150.0,1900.0,USD,2026-05-24
항공,Incheon,아시아,Ulaanbaatar,2015,05,,,,3800.0,3700.0,3600.0,USD,2026-05-24
항공,Incheon,아시아,Hanoi,2015,05,,,,1700.0,1650.0,1600.0,USD,2026-05-24
항공,Incheon,아시아,Hochiminh,2015,05,,,,1650.0,1650.0,1650.0,USD,2026-05-24
항공,Incheon,아시아,HongKong,2015,05,,,,750.0,700.0,500.0,USD,2026-05-24
항공,Incheon,아시아,Jakarta,2015,05,,,,1500.0,1450.0,1400.0,USD,2026-05-24
항공,Incheon,아시아,MANILA,2015,05,,,,1000.0,850.0,850.0,USD,2026-05-24
항공,Incheon,일본,Tokyo,2015,05,,,,900.0,900.0,900.0,USD,2026-05-24
항공,Incheon,중국,Beijing,2015,05,,,,1000.0,900.0,900.0,USD,2026-05-24
항공,Incheon,중국,Dalian,2015,05,,,,1600.0,1500.0,1500.0,USD,2026-05-24
항공,Incheon,중국,Shanghai,2015,05,,,,700.0,700.0,650.0,USD,2026-05-24
항공,Incheon,중국,Tianjin,2015,05,,,,1550.0,1450.0,1350.0,USD,2026-05-24
항공,Incheon,아프리카,Cairo,2015,05,,,,3000.0,2900.0,2800.0,USD,2026-05-24
항공,Incheon,아프리카,Cape Town,2015,05,,,,4000.0,4000.0,3950.0,USD,2026-05-24
항공,Incheon,오세아니아,Auckland,2015,05,,,,4400.0,4300.0,4200.0,USD,2026-05-24
항공,Incheon,오세아니아,Sydney,2015,05,,,,3100.0,3000.0,2800.0,USD,2026-05-24
항공,Incheon,중동,Abu dhabi,2015,05,,,,3300.0,3100.0,2900.0,USD,2026-05-24
항공,Incheon,중동,Dubai,2015,05,,,,3300.0,3000.0,2850.0,USD,2026-05-24
항공,Incheon,중동,Dammam,2015,05,,,,3300.0,3200.0,3100.0,USD,2026-05-24
항공,Incheon,중동,Riyadh,2015,05,,,,3200.0,2800.0,2700.0,USD,2026-05-24
항공,Incheon,중동,Kuwait,2015,05,,,,3000.0,2900.0,2800.0,USD,2026-05-24
항공,Incheon,중동,Tehran,2015,05,,,,3200.0,3200.0,3150.0,USD,2026-05-24
항공,Incheon,러시아,Moscow,2015,05,,,,2900.0,2800.0,2700.0,USD,2026-05-24
항공,Incheon,북미,Chicago,2015,06,,,,3800.0,3700.0,3600.0,USD,2026-05-24
항공,Incheon,북미,Dallas,2015,06,,,,4800.0,4500.0,4500.0,USD,2026-05-24
항공,Incheon,북미,Los Angeles,2015,06,,,,3600.0,3500.0,3400.0,USD,2026-05-24
항공,Incheon,북미,New York,2015,06,,,,3500.0,3400.0,3300.0,USD,2026-05-24
항공,Incheon,북미,Toronto,2015,06,,,,3400.0,3400.0,3400.0,USD,2026-05-24
항공,Incheon,중남미,Mexico City,2015,06,,,,5100.0,4900.0,4800.0,USD,2026-05-24
항공,Incheon,유럽,Amsterdam,2015,06,,,,2700.0,2600.0,2500.0,USD,2026-05-24
항공,Incheon,유럽,Frankfrut,2015,06,,,,2700.0,2600.0,2500.0,USD,2026-05-24
항공,Incheon,유럽,London,2015,06,,,,2700.0,2600.0,2500.0,USD,2026-05-24
항공,Incheon,유럽,Paris,2015,06,,,,2700.0,2600.0,2500.0,USD,2026-05-24
항공,Incheon,아시아,Mumbai,2015,06,,,,2100.0,2050.0,2000.0,USD,2026-05-24
항공,Incheon,아시아,New Delhi,2015,06,,,,2200.0,2150.0,1900.0,USD,2026-05-24
항공,Incheon,아시아,Ulaanbaatar,2015,06,,,,3800.0,3700.0,3600.0,USD,2026-05-24
항공,Incheon,아시아,Hanoi,2015,06,,,,1700.0,1650.0,1600.0,USD,2026-05-24
항공,Incheon,아시아,Hochiminh,2015,06,,,,1650.0,1650.0,1650.0,USD,2026-05-24
항공,Incheon,아시아,HongKong,2015,06,,,,750.0,700.0,500.0,USD,2026-05-24
항공,Incheon,아시아,Jakarta,2015,06,,,,1500.0,1450.0,1400.0,USD,2026-05-24
항공,Incheon,아시아,MANILA,2015,06,,,,1000.0,850.0,850.0,USD,2026-05-24
항공,Incheon,일본,Tokyo,2015,06,,,,900.0,900.0,900.0,USD,2026-05-24
항공,Incheon,중국,Beijing,2015,06,,,,1000.0,900.0,900.0,USD,2026-05-24
항공,Incheon,중국,Dalian,2015,06,,,,1600.0,1500.0,1500.0,USD,2026-05-24
항공,Incheon,중국,Shanghai,2015,06,,,,700.0,700.0,650.0,USD,2026-05-24
항공,Incheon,중국,Tianjin,2015,06,,,,1550.0,1450.0,1350.0,USD,2026-05-24
항공,Incheon,아프리카,Cairo,2015,06,,,,3000.0,2900.0,2800.0,USD,2026-05-24
항공,Incheon,아프리카,Cape Town,2015,06,,,,4200.0,4100.0,4100.0,USD,2026-05-24
항공,Incheon,오세아니아,Auckland,2015,06,,,,4500.0,4400.0,4200.0,USD,2026-05-24
항공,Incheon,오세아니아,Sydney,2015,06,,,,3100.0,3000.0,2800.0,USD,2026-05-24
항공,Incheon,중동,Abu dhabi,2015,06,,,,3500.0,3300.0,3100.0,USD,2026-05-24
항공,Incheon,중동,Dubai,2015,06,,,,3300.0,2900.0,2800.0,USD,2026-05-24
항공,Incheon,중동,Dammam,2015,06,,,,2700.0,2600.0,2500.0,USD,2026-05-24
항공,Incheon,중동,Riyadh,2015,06,,,,2900.0,2800.0,2700.0,USD,2026-05-24
항공,Incheon,중동,Kuwait,2015,06,,,,3000.0,2900.0,2800.0,USD,2026-05-24
항공,Incheon,중동,Tehran,2015,06,,,,3100.0,3000.0,2900.0,USD,2026-05-24
항공,Incheon,러시아,Moscow,2015,06,,,,2900.0,2800.0,2700.0,USD,2026-05-24
항공,Incheon,북미,Chicago,2015,07,,,,3800.0,3700.0,3600.0,USD,2026-05-24
항공,Incheon,북미,Dallas,2015,07,,,,4800.0,4500.0,4500.0,USD,2026-05-24
항공,Incheon,북미,Los Angeles,2015,07,,,,2800.0,2700.0,2600.0,USD,2026-05-24
항공,Incheon,북미,New York,2015,07,,,,3400.0,3300.0,3200.0,USD,2026-05-24
항공,Incheon,북미,Toronto,2015,07,,,,3400.0,3400.0,3400.0,USD,2026-05-24
항공,Incheon,중남미,Mexico City,2015,07,,,,5100.0,4900.0,4800.0,USD,2026-05-24
항공,Incheon,유럽,Amsterdam,2015,07,,,,2700.0,2600.0,2500.0,USD,2026-05-24
항공,Incheon,유럽,Frankfrut,2015,07,,,,2700.0,2600.0,2500.0,USD,2026-05-24
항공,Incheon,유럽,London,2015,07,,,,2700.0,2600.0,2500.0,USD,2026-05-24
항공,Incheon,유럽,Paris,2015,07,,,,2700.0,2600.0,2500.0,USD,2026-05-24
항공,Incheon,아시아,Mumbai,2015,07,,,,2100.0,2050.0,2000.0,USD,2026-05-24
항공,Incheon,아시아,New Delhi,2015,07,,,,2200.0,2150.0,1900.0,USD,2026-05-24
항공,Incheon,아시아,Ulaanbaatar,2015,07,,,,3800.0,3700.0,3600.0,USD,2026-05-24
항공,Incheon,아시아,Hanoi,2015,07,,,,1700.0,1650.0,1600.0,USD,2026-05-24
항공,Incheon,아시아,Hochiminh,2015,07,,,,1650.0,1650.0,1650.0,USD,2026-05-24
항공,Incheon,아시아,HongKong,2015,07,,,,800.0,700.0,600.0,USD,2026-05-24
항공,Incheon,아시아,Jakarta,2015,07,,,,1500.0,1450.0,1400.0,USD,2026-05-24
항공,Incheon,아시아,MANILA,2015,07,,,,1000.0,850.0,850.0,USD,2026-05-24
항공,Incheon,일본,Tokyo,2015,07,,,,900.0,900.0,900.0,USD,2026-05-24
항공,Incheon,중국,Beijing,2015,07,,,,1200.0,1100.0,1000.0,USD,2026-05-24
항공,Incheon,중국,Dalian,2015,07,,,,1700.0,1600.0,1500.0,USD,2026-05-24
항공,Incheon,중국,Shanghai,2015,07,,,,950.0,850.0,750.0,USD,2026-05-24
항공,Incheon,중국,Tianjin,2015,07,,,,1550.0,1450.0,1350.0,USD,2026-05-24
항공,Incheon,아프리카,Cairo,2015,07,,,,3000.0,2900.0,2800.0,USD,2026-05-24
항공,Incheon,아프리카,Cape Town,2015,07,,,,4100.0,4000.0,3900.0,USD,2026-05-24
항공,Incheon,오세아니아,Auckland,2015,07,,,,4500.0,4400.0,4200.0,USD,2026-05-24
항공,Incheon,오세아니아,Sydney,2015,07,,,,3100.0,3000.0,2800.0,USD,2026-05-24
항공,Incheon,중동,Abu dhabi,2015,07,,,,3300.0,3200.0,3100.0,USD,2026-05-24
항공,Incheon,중동,Dubai,2015,07,,,,3000.0,2900.0,2800.0,USD,2026-05-24
항공,Incheon,중동,Dammam,2015,07,,,,2900.0,2800.0,2700.0,USD,2026-05-24
항공,Incheon,중동,Riyadh,2015,07,,,,3200.0,2800.0,2700.0,USD,2026-05-24
항공,Incheon,중동,Kuwait,2015,07,,,,3200.0,3100.0,3000.0,USD,2026-05-24
항공,Incheon,중동,Tehran,2015,07,,,,3200.0,3100.0,3000.0,USD,2026-05-24
항공,Incheon,러시아,Moscow,2015,07,,,,2900.0,2800.0,2700.0,USD,2026-05-24
항공,Incheon,북미,Chicago,2015,08,,,,3200.0,3100.0,3000.0,USD,2026-05-24
항공,Incheon,북미,Dallas,2015,08,,,,3900.0,3800.0,3700.0,USD,2026-05-24
항공,Incheon,북미,Los Angeles,2015,08,,,,2600.0,2500.0,2400.0,USD,2026-05-24
항공,Incheon,북미,New York,2015,08,,,,3100.0,3000.0,2900.0,USD,2026-05-24
항공,Incheon,북미,Toronto,2015,08,,,,3600.0,3500.0,3400.0,USD,2026-05-24
항공,Incheon,중남미,Mexico City,2015,08,,,,4500.0,4400.0,4300.0,USD,2026-05-24
항공,Incheon,유럽,Amsterdam,2015,08,,,,2400.0,2300.0,2200.0,USD,2026-05-24
항공,Incheon,유럽,Frankfrut,2015,08,,,,2300.0,2200.0,2100.0,USD,2026-05-24
항공,Incheon,유럽,London,2015,08,,,,2400.0,2300.0,2200.0,USD,2026-05-24
항공,Incheon,유럽,Paris,2015,08,,,,2600.0,2500.0,2400.0,USD,2026-05-24
항공,Incheon,아시아,Mumbai,2015,08,,,,2500.0,2400.0,2300.0,USD,2026-05-24
항공,Incheon,아시아,New Delhi,2015,08,,,,2200.0,2100.0,2000.0,USD,2026-05-24
항공,Incheon,아시아,Ulaanbaatar,2015,08,,,,3900.0,3800.0,3700.0,USD,2026-05-24
항공,Incheon,아시아,Hanoi,2015,08,,,,1900.0,1800.0,1700.0,USD,2026-05-24
항공,Incheon,아시아,Hochiminh,2015,08,,,,2100.0,2000.0,1900.0,USD,2026-05-24
항공,Incheon,아시아,HongKong,2015,08,,,,800.0,700.0,600.0,USD,2026-05-24
항공,Incheon,아시아,Jakarta,2015,08,,,,2000.0,1900.0,1800.0,USD,2026-05-24
항공,Incheon,아시아,MANILA,2015,08,,,,1400.0,1300.0,1200.0,USD,2026-05-24
항공,Incheon,일본,Tokyo,2015,08,,,,900.0,900.0,900.0,USD,2026-05-24
항공,Incheon,중국,Beijing,2015,08,,,,1200.0,1100.0,1000.0,USD,2026-05-24
항공,Incheon,중국,Dalian,2015,08,,,,1700.0,1600.0,1500.0,USD,2026-05-24
항공,Incheon,중국,Shanghai,2015,08,,,,950.0,850.0,750.0,USD,2026-05-24
항공,Incheon,중국,Tianjin,2015,08,,,,1550.0,1450.0,1350.0,USD,2026-05-24
항공,Incheon,아프리카,Cairo,2015,08,,,,3000.0,2900.0,2800.0,USD,2026-05-24
항공,Incheon,아프리카,Cape Town,2015,08,,,,4100.0,4000.0,3900.0,USD,2026-05-24
항공,Incheon,오세아니아,Auckland,2015,08,,,,4400.0,4300.0,4200.0,USD,2026-05-24
항공,Incheon,오세아니아,Sydney,2015,08,,,,3100.0,3000.0,2900.0,USD,2026-05-24
항공,Incheon,중동,Abu dhabi,2015,08,,,,3300.0,3200.0,3100.0,USD,2026-05-24
항공,Incheon,중동,Dubai,2015,08,,,,2900.0,2800.0,2700.0,USD,2026-05-24
항공,Incheon,중동,Dammam,2015,08,,,,2700.0,2600.0,2500.0,USD,2026-05-24
항공,Incheon,중동,Riyadh,2015,08,,,,3000.0,2900.0,2800.0,USD,2026-05-24
항공,Incheon,중동,Kuwait,2015,08,,,,3200.0,3100.0,3000.0,USD,2026-05-24
항공,Incheon,중동,Tehran,2015,08,,,,3200.0,3100.0,3000.0,USD,2026-05-24
항공,Incheon,러시아,Moscow,2015,08,,,,2900.0,2800.0,2700.0,USD,2026-05-24
항공,Incheon,북미,Chicago,2015,09,,,,3800.0,3400.0,3400.0,USD,2026-05-24
항공,Incheon,북미,Dallas,2015,09,,,,5000.0,4700.0,4600.0,USD,2026-05-24
항공,Incheon,북미,Los Angeles,2015,09,,,,2900.0,2800.0,2800.0,USD,2026-05-24
항공,Incheon,북미,New York,2015,09,,,,3300.0,3250.0,3200.0,USD,2026-05-24
항공,Incheon,북미,Toronto,2015,09,,,,4100.0,3900.0,3500.0,USD,2026-05-24
항공,Incheon,중남미,Mexico City,2015,09,,,,5500.0,5400.0,5300.0,USD,2026-05-24
항공,Incheon,유럽,Amsterdam,2015,09,,,,3100.0,2550.0,2700.0,USD,2026-05-24
항공,Incheon,유럽,Frankfrut,2015,09,,,,3100.0,2600.0,2500.0,USD,2026-05-24
항공,Incheon,유럽,London,2015,09,,,,3000.0,2500.0,2500.0,USD,2026-05-24
항공,Incheon,유럽,Paris,2015,09,,,,2900.0,2550.0,2400.0,USD,2026-05-24
항공,Incheon,아시아,Mumbai,2015,09,,,,2500.0,2400.0,2300.0,USD,2026-05-24
항공,Incheon,아시아,New Delhi,2015,09,,,,2200.0,2100.0,2000.0,USD,2026-05-24
항공,Incheon,아시아,Ulaanbaatar,2015,09,,,,4500.0,4500.0,4400.0,USD,2026-05-24
항공,Incheon,아시아,Hanoi,2015,09,,,,1900.0,1800.0,1700.0,USD,2026-05-24
항공,Incheon,아시아,Hochiminh,2015,09,,,,2100.0,2000.0,1900.0,USD,2026-05-24
항공,Incheon,아시아,HongKong,2015,09,,,,950.0,850.0,750.0,USD,2026-05-24
항공,Incheon,아시아,Jakarta,2015,09,,,,2000.0,1900.0,1800.0,USD,2026-05-24
항공,Incheon,아시아,MANILA,2015,09,,,,1400.0,1300.0,1200.0,USD,2026-05-24
항공,Incheon,일본,Tokyo,2015,09,,,,900.0,900.0,900.0,USD,2026-05-24
항공,Incheon,중국,Beijing,2015,09,,,,1200.0,1100.0,1000.0,USD,2026-05-24
항공,Incheon,중국,Dalian,2015,09,,,,1700.0,1600.0,1500.0,USD,2026-05-24
항공,Incheon,중국,Shanghai,2015,09,,,,950.0,850.0,750.0,USD,2026-05-24
항공,Incheon,중국,Tianjin,2015,09,,,,1550.0,1450.0,1350.0,USD,2026-05-24
항공,Incheon,아프리카,Cairo,2015,09,,,,3400.0,3000.0,3000.0,USD,2026-05-24
항공,Incheon,아프리카,Cape Town,2015,09,,,,4150.0,4200.0,4100.0,USD,2026-05-24
항공,Incheon,오세아니아,Auckland,2015,09,,,,4500.0,4400.0,4300.0,USD,2026-05-24
항공,Incheon,오세아니아,Sydney,2015,09,,,,3100.0,3000.0,2900.0,USD,2026-05-24
항공,Incheon,중동,Abu dhabi,2015,09,,,,3500.0,3300.0,3100.0,USD,2026-05-24
항공,Incheon,중동,Dubai,2015,09,,,,3300.0,2800.0,2800.0,USD,2026-05-24
항공,Incheon,중동,Dammam,2015,09,,,,2600.0,2500.0,2400.0,USD,2026-05-24
항공,Incheon,중동,Riyadh,2015,09,,,,2800.0,2700.0,2700.0,USD,2026-05-24
항공,Incheon,중동,Kuwait,2015,09,,,,3000.0,2900.0,2900.0,USD,2026-05-24
항공,Incheon,중동,Tehran,2015,09,,,,3400.0,3400.0,3400.0,USD,2026-05-24
항공,Incheon,러시아,Moscow,2015,09,,,,3500.0,2800.0,2700.0,USD,2026-05-24
항공,Incheon,북미,Chicago,2015,10,,,,3900.0,3800.0,3800.0,USD,2026-05-24
항공,Incheon,북미,Dallas,2015,10,,,,4900.0,4600.0,4600.0,USD,2026-05-24
항공,Incheon,북미,Los Angeles,2015,10,,,,3500.0,3400.0,3400.0,USD,2026-05-24
항공,Incheon,북미,New York,2015,10,,,,4100.0,4000.0,3800.0,USD,2026-05-24
항공,Incheon,북미,Toronto,2015,10,,,,3900.0,3800.0,3700.0,USD,2026-05-24
항공,Incheon,중남미,Mexico City,2015,10,,,,5500.0,5400.0,5300.0,USD,2026-05-24
항공,Incheon,유럽,Amsterdam,2015,10,,,,3100.0,2700.0,2700.0,USD,2026-05-24
항공,Incheon,유럽,Frankfrut,2015,10,,,,3100.0,2700.0,2600.0,USD,2026-05-24
항공,Incheon,유럽,London,2015,10,,,,2900.0,2500.0,2500.0,USD,2026-05-24
항공,Incheon,유럽,Paris,2015,10,,,,2900.0,2600.0,2500.0,USD,2026-05-24
항공,Incheon,아시아,Mumbai,2015,10,,,,2500.0,2400.0,2250.0,USD,2026-05-24
항공,Incheon,아시아,New Delhi,2015,10,,,,2400.0,2300.0,2250.0,USD,2026-05-24
항공,Incheon,아시아,Ulaanbaatar,2015,10,,,,4300.0,4300.0,4200.0,USD,2026-05-24
항공,Incheon,아시아,Hanoi,2015,10,,,,2000.0,1800.0,1700.0,USD,2026-05-24
항공,Incheon,아시아,Hochiminh,2015,10,,,,2000.0,1800.0,1700.0,USD,2026-05-24
항공,Incheon,아시아,HongKong,2015,10,,,,800.0,750.0,650.0,USD,2026-05-24
항공,Incheon,아시아,Jakarta,2015,10,,,,1700.0,1500.0,1400.0,USD,2026-05-24
항공,Incheon,아시아,MANILA,2015,10,,,,1300.0,1200.0,1150.0,USD,2026-05-24
항공,Incheon,일본,Tokyo,2015,10,,,,900.0,900.0,900.0,USD,2026-05-24
항공,Incheon,중국,Beijing,2015,10,,,,1200.0,1100.0,1000.0,USD,2026-05-24
항공,Incheon,중국,Dalian,2015,10,,,,1500.0,1450.0,1400.0,USD,2026-05-24
항공,Incheon,중국,Shanghai,2015,10,,,,850.0,850.0,850.0,USD,2026-05-24
항공,Incheon,중국,Tianjin,2015,10,,,,1500.0,1450.0,1350.0,USD,2026-05-24
항공,Incheon,아프리카,Cairo,2015,10,,,,3400.0,3000.0,3000.0,USD,2026-05-24
항공,Incheon,아프리카,Cape Town,2015,10,,,,4100.0,4100.0,4100.0,USD,2026-05-24
항공,Incheon,오세아니아,Auckland,2015,10,,,,4500.0,4400.0,4300.0,USD,2026-05-24
항공,Incheon,오세아니아,Sydney,2015,10,,,,3300.0,3200.0,3100.0,USD,2026-05-24
항공,Incheon,중동,Abu dhabi,2015,10,,,,3500.0,3300.0,3100.0,USD,2026-05-24
항공,Incheon,중동,Dubai,2015,10,,,,4300.0,3700.0,3750.0,USD,2026-05-24
항공,Incheon,중동,Dammam,2015,10,,,,3300.0,3000.0,3100.0,USD,2026-05-24
항공,Incheon,중동,Riyadh,2015,10,,,,3300.0,3200.0,3350.0,USD,2026-05-24
항공,Incheon,중동,Kuwait,2015,10,,,,3400.0,3350.0,3350.0,USD,2026-05-24
항공,Incheon,중동,Tehran,2015,10,,,,4000.0,3500.0,3400.0,USD,2026-05-24
항공,Incheon,러시아,Moscow,2015,10,,,,3000.0,2800.0,2700.0,USD,2026-05-24
항공,Incheon,북미,Chicago,2015,11,,,,4200.0,4100.0,4000.0,USD,2026-05-24
항공,Incheon,북미,Dallas,2015,11,,,,4900.0,4800.0,4700.0,USD,2026-05-24
항공,Incheon,북미,Los Angeles,2015,11,,,,3700.0,3600.0,3500.0,USD,2026-05-24
항공,Incheon,북미,New York,2015,11,,,,4100.0,4000.0,3900.0,USD,2026-05-24
항공,Incheon,북미,Toronto,2015,11,,,,4300.0,4200.0,4100.0,USD,2026-05-24
항공,Incheon,중남미,Mexico City,2015,11,,,,5500.0,5400.0,5300.0,USD,2026-05-24
항공,Incheon,유럽,Amsterdam,2015,11,,,,3200.0,3100.0,3000.0,USD,2026-05-24
항공,Incheon,유럽,Frankfrut,2015,11,,,,3300.0,3200.0,3100.0,USD,2026-05-24
항공,Incheon,유럽,London,2015,11,,,,3100.0,3000.0,2900.0,USD,2026-05-24
항공,Incheon,유럽,Paris,2015,11,,,,3400.0,3300.0,3200.0,USD,2026-05-24
항공,Incheon,아시아,Mumbai,2015,11,,,,2500.0,2400.0,2250.0,USD,2026-05-24
항공,Incheon,아시아,New Delhi,2015,11,,,,2400.0,2300.0,2000.0,USD,2026-05-24
항공,Incheon,아시아,Ulaanbaatar,2015,11,,,,4300.0,4300.0,4200.0,USD,2026-05-24
항공,Incheon,아시아,Hanoi,2015,11,,,,1750.0,1750.0,1650.0,USD,2026-05-24
항공,Incheon,아시아,Hochiminh,2015,11,,,,2000.0,2000.0,1750.0,USD,2026-05-24
항공,Incheon,아시아,HongKong,2015,11,,,,800.0,750.0,650.0,USD,2026-05-24
항공,Incheon,아시아,Jakarta,2015,11,,,,1700.0,1400.0,1300.0,USD,2026-05-24
항공,Incheon,아시아,MANILA,2015,11,,,,1300.0,1200.0,1150.0,USD,2026-05-24
항공,Incheon,일본,Tokyo,2015,11,,,,900.0,900.0,900.0,USD,2026-05-24
항공,Incheon,중국,Beijing,2015,11,,,,1200.0,1100.0,1000.0,USD,2026-05-24
항공,Incheon,중국,Dalian,2015,11,,,,1500.0,1450.0,1400.0,USD,2026-05-24
항공,Incheon,중국,Shanghai,2015,11,,,,850.0,850.0,850.0,USD,2026-05-24
항공,Incheon,중국,Tianjin,2015,11,,,,1500.0,1450.0,1350.0,USD,2026-05-24
항공,Incheon,아프리카,Cairo,2015,11,,,,3400.0,3000.0,3000.0,USD,2026-05-24
항공,Incheon,아프리카,Cape Town,2015,11,,,,4100.0,4100.0,4100.0,USD,2026-05-24
항공,Incheon,오세아니아,Sydney,2015,11,,,,3100.0,3000.0,2900.0,USD,2026-05-24
항공,Incheon,중동,Abu dhabi,2015,11,,,,3000.0,2900.0,2800.0,USD,2026-05-24
항공,Incheon,중동,Dubai,2015,11,,,,3300.0,3200.0,3100.0,USD,2026-05-24
항공,Incheon,중동,Dammam,2015,11,,,,3000.0,2900.0,2800.0,USD,2026-05-24
항공,Incheon,중동,Riyadh,2015,11,,,,3300.0,3200.0,3100.0,USD,2026-05-24
항공,Incheon,중동,Kuwait,2015,11,,,,3500.0,3400.0,3300.0,USD,2026-05-24
항공,Incheon,중동,Tehran,2015,11,,,,4000.0,3900.0,3800.0,USD,2026-05-24
항공,Incheon,러시아,Moscow,2015,11,,,,3000.0,2800.0,2700.0,USD,2026-05-24
항공,Incheon,북미,Chicago,2015,12,,,,4400.0,4300.0,4200.0,USD,2026-05-24
항공,Incheon,북미,Dallas,2015,12,,,,5100.0,5000.0,4900.0,USD,2026-05-24
항공,Incheon,북미,Los Angeles,2015,12,,,,4000.0,3900.0,3800.0,USD,2026-05-24
항공,Incheon,북미,New York,2015,12,,,,4300.0,4200.0,4100.0,USD,2026-05-24
항공,Incheon,북미,Toronto,2015,12,,,,4500.0,4400.0,4300.0,USD,2026-05-24
항공,Incheon,중남미,Mexico City,2015,12,,,,5500.0,5400.0,5300.0,USD,2026-05-24
항공,Incheon,유럽,Amsterdam,2015,12,,,,3600.0,2800.0,2800.0,USD,2026-05-24
항공,Incheon,유럽,Frankfrut,2015,12,,,,3200.0,2800.0,2700.0,USD,2026-05-24
항공,Incheon,유럽,London,2015,12,,,,3300.0,2900.0,2900.0,USD,2026-05-24
항공,Incheon,유럽,Paris,2015,12,,,,2900.0,2700.0,3100.0,USD,2026-05-24
항공,Incheon,아시아,Mumbai,2015,12,,,,2400.0,2300.0,2250.0,USD,2026-05-24
항공,Incheon,아시아,New Delhi,2015,12,,,,2400.0,2300.0,2000.0,USD,2026-05-24
항공,Incheon,아시아,Ulaanbaatar,2015,12,,,,4300.0,4300.0,4200.0,USD,2026-05-24
항공,Incheon,아시아,Hanoi,2015,12,,,,1900.0,1800.0,1800.0,USD,2026-05-24
항공,Incheon,아시아,Hochiminh,2015,12,,,,2000.0,2000.0,1800.0,USD,2026-05-24
항공,Incheon,아시아,HongKong,2015,12,,,,900.0,800.0,800.0,USD,2026-05-24
항공,Incheon,아시아,Jakarta,2015,12,,,,1500.0,1350.0,1400.0,USD,2026-05-24
항공,Incheon,아시아,MANILA,2015,12,,,,1200.0,1150.0,1150.0,USD,2026-05-24
항공,Incheon,일본,Tokyo,2015,12,,,,900.0,900.0,900.0,USD,2026-05-24
항공,Incheon,중국,Beijing,2015,12,,,,1100.0,1000.0,1000.0,USD,2026-05-24
항공,Incheon,중국,Dalian,2015,12,,,,1600.0,1500.0,1500.0,USD,2026-05-24
항공,Incheon,중국,Shanghai,2015,12,,,,850.0,850.0,850.0,USD,2026-05-24
항공,Incheon,중국,Tianjin,2015,12,,,,1400.0,1300.0,1300.0,USD,2026-05-24
항공,Incheon,아프리카,Cairo,2015,12,,,,3300.0,3200.0,3100.0,USD,2026-05-24
항공,Incheon,아프리카,Cape Town,2015,12,,,,3900.0,3800.0,3800.0,USD,2026-05-24
항공,Incheon,오세아니아,Auckland,2015,12,,,,4500.0,4400.0,4300.0,USD,2026-05-24
항공,Incheon,오세아니아,Sydney,2015,12,,,,3100.0,3000.0,2900.0,USD,2026-05-24
항공,Incheon,중동,Abu dhabi,2015,12,,,,3500.0,3300.0,3100.0,USD,2026-05-24
항공,Incheon,중동,Dubai,2015,12,,,,3500.0,3100.0,3100.0,USD,2026-05-24
항공,Incheon,중동,Dammam,2015,12,,,,2800.0,2700.0,2600.0,USD,2026-05-24
항공,Incheon,중동,Riyadh,2015,12,,,,3100.0,3000.0,3000.0,USD,2026-05-24
항공,Incheon,중동,Kuwait,2015,12,,,,3300.0,3200.0,3100.0,USD,2026-05-24
항공,Incheon,중동,Tehran,2015,12,,,,2900.0,2900.0,2900.0,USD,2026-05-24
항공,Incheon,러시아,Moscow,2015,12,,,,3000.0,2800.0,2700.0,USD,2026-05-24
항공,Incheon,북미,Chicago,2016,01,,,,3700.0,3400.0,3400.0,USD,2026-05-24
항공,Incheon,북미,Dallas,2016,01,,,,4700.0,4400.0,4400.0,USD,2026-05-24
항공,Incheon,북미,Los Angeles,2016,01,,,,2900.0,3100.0,2800.0,USD,2026-05-24
항공,Incheon,북미,New York,2016,01,,,,3800.0,3600.0,3600.0,USD,2026-05-24
항공,Incheon,북미,Toronto,2016,01,,,,4100.0,3850.0,3600.0,USD,2026-05-24
항공,Incheon,중남미,Mexico City,2016,01,,,,5500.0,5400.0,5300.0,USD,2026-05-24
항공,Incheon,유럽,Amsterdam,2016,01,,,,3300.0,2800.0,2700.0,USD,2026-05-24
항공,Incheon,유럽,Frankfrut,2016,01,,,,3100.0,2750.0,2600.0,USD,2026-05-24
항공,Incheon,유럽,London,2016,01,,,,3100.0,2850.0,2800.0,USD,2026-05-24
항공,Incheon,유럽,Paris,2016,01,,,,2900.0,2500.0,2400.0,USD,2026-05-24
항공,Incheon,아시아,Mumbai,2016,01,,,,2650.0,2300.0,2300.0,USD,2026-05-24
항공,Incheon,아시아,New Delhi,2016,01,,,,2600.0,2300.0,2100.0,USD,2026-05-24
항공,Incheon,아시아,Ulaanbaatar,2016,01,,,,4700.0,4600.0,4500.0,USD,2026-05-24
항공,Incheon,아시아,Hanoi,2016,01,,,,1750.0,1700.0,1600.0,USD,2026-05-24
항공,Incheon,아시아,Hochiminh,2016,01,,,,2000.0,1850.0,1900.0,USD,2026-05-24
항공,Incheon,아시아,HongKong,2016,01,,,,900.0,800.0,800.0,USD,2026-05-24
항공,Incheon,아시아,Jakarta,2016,01,,,,1700.0,1400.0,1400.0,USD,2026-05-24
항공,Incheon,아시아,MANILA,2016,01,,,,1100.0,1100.0,1100.0,USD,2026-05-24
항공,Incheon,일본,Tokyo,2016,01,,,,900.0,900.0,900.0,USD,2026-05-24
항공,Incheon,중국,Beijing,2016,01,,,,1100.0,1000.0,1000.0,USD,2026-05-24
항공,Incheon,중국,Dalian,2016,01,,,,1600.0,1500.0,1500.0,USD,2026-05-24
항공,Incheon,중국,Shanghai,2016,01,,,,850.0,850.0,850.0,USD,2026-05-24
항공,Incheon,중국,Tianjin,2016,01,,,,1400.0,1300.0,1300.0,USD,2026-05-24
항공,Incheon,아프리카,Cairo,2016,01,,,,3300.0,3200.0,3100.0,USD,2026-05-24
항공,Incheon,아프리카,Cape Town,2016,01,,,,3900.0,3800.0,3800.0,USD,2026-05-24
항공,Incheon,오세아니아,Auckland,2016,01,,,,4500.0,4400.0,4300.0,USD,2026-05-24
항공,Incheon,오세아니아,Sydney,2016,01,,,,3100.0,3000.0,2900.0,USD,2026-05-24
항공,Incheon,중동,Abu dhabi,2016,01,,,,3500.0,3300.0,3100.0,USD,2026-05-24
항공,Incheon,중동,Dubai,2016,01,,,,2800.0,2700.0,2600.0,USD,2026-05-24
항공,Incheon,중동,Dammam,2016,01,,,,2800.0,2700.0,2600.0,USD,2026-05-24
항공,Incheon,중동,Riyadh,2016,01,,,,3100.0,3000.0,2900.0,USD,2026-05-24
항공,Incheon,중동,Kuwait,2016,01,,,,3300.0,3200.0,3100.0,USD,2026-05-24
항공,Incheon,중동,Tehran,2016,01,,,,2900.0,2900.0,2900.0,USD,2026-05-24
항공,Incheon,러시아,Moscow,2016,01,,,,3100.0,3000.0,3000.0,USD,2026-05-24
항공,Incheon,북미,Chicago,2016,02,,,,3300.0,3200.0,3100.0,USD,2026-05-24
항공,Incheon,북미,Dallas,2016,02,,,,4500.0,4400.0,4300.0,USD,2026-05-24
항공,Incheon,북미,Los Angeles,2016,02,,,,2900.0,2800.0,2700.0,USD,2026-05-24
항공,Incheon,북미,New York,2016,02,,,,3700.0,3600.0,3500.0,USD,2026-05-24
항공,Incheon,북미,Toronto,2016,02,,,,3900.0,3800.0,3700.0,USD,2026-05-24
항공,Incheon,중남미,Mexico City,2016,02,,,,5500.0,5400.0,5300.0,USD,2026-05-24
항공,Incheon,유럽,Amsterdam,2016,02,,,,2500.0,2400.0,2300.0,USD,2026-05-24
항공,Incheon,유럽,Frankfrut,2016,02,,,,2600.0,2500.0,2400.0,USD,2026-05-24
항공,Incheon,유럽,London,2016,02,,,,2700.0,2600.0,2500.0,USD,2026-05-24
항공,Incheon,유럽,Paris,2016,02,,,,2500.0,2400.0,2300.0,USD,2026-05-24
항공,Incheon,아시아,Mumbai,2016,02,,,,2600.0,2500.0,2400.0,USD,2026-05-24
항공,Incheon,아시아,New Delhi,2016,02,,,,2300.0,2200.0,2100.0,USD,2026-05-24
항공,Incheon,아시아,Ulaanbaatar,2016,02,,,,4300.0,4300.0,4200.0,USD,2026-05-24
항공,Incheon,아시아,Hanoi,2016,02,,,,1850.0,1750.0,1650.0,USD,2026-05-24
항공,Incheon,아시아,Hochiminh,2016,02,,,,2100.0,2000.0,1900.0,USD,2026-05-24
항공,Incheon,아시아,HongKong,2016,02,,,,900.0,800.0,800.0,USD,2026-05-24
항공,Incheon,아시아,Jakarta,2016,02,,,,1500.0,1400.0,1300.0,USD,2026-05-24
항공,Incheon,아시아,MANILA,2016,02,,,,1400.0,1300.0,1200.0,USD,2026-05-24
항공,Incheon,일본,Tokyo,2016,02,,,,900.0,900.0,900.0,USD,2026-05-24
항공,Incheon,중국,Beijing,2016,02,,,,1100.0,1000.0,1000.0,USD,2026-05-24
항공,Incheon,중국,Dalian,2016,02,,,,1600.0,1500.0,1500.0,USD,2026-05-24
항공,Incheon,중국,Shanghai,2016,02,,,,850.0,850.0,850.0,USD,2026-05-24
항공,Incheon,중국,Tianjin,2016,02,,,,1400.0,1300.0,1300.0,USD,2026-05-24
항공,Incheon,아프리카,Cairo,2016,02,,,,3300.0,3200.0,3100.0,USD,2026-05-24
항공,Incheon,아프리카,Cape Town,2016,02,,,,3900.0,3800.0,3800.0,USD,2026-05-24
항공,Incheon,오세아니아,Auckland,2016,02,,,,3100.0,3000.0,2900.0,USD,2026-05-24
항공,Incheon,오세아니아,Sydney,2016,02,,,,3000.0,2900.0,2800.0,USD,2026-05-24
항공,Incheon,중동,Abu dhabi,2016,02,,,,3300.0,3200.0,3100.0,USD,2026-05-24
항공,Incheon,중동,Dubai,2016,02,,,,2800.0,2700.0,2600.0,USD,2026-05-24
항공,Incheon,중동,Dammam,2016,02,,,,2900.0,2800.0,2700.0,USD,2026-05-24
항공,Incheon,중동,Riyadh,2016,02,,,,3000.0,2900.0,2800.0,USD,2026-05-24
항공,Incheon,중동,Kuwait,2016,02,,,,3400.0,3300.0,3200.0,USD,2026-05-24
항공,Incheon,중동,Tehran,2016,02,,,,3000.0,2900.0,2800.0,USD,2026-05-24
항공,Incheon,러시아,Moscow,2016,02,,,,3000.0,2800.0,2700.0,USD,2026-05-24
항공,Incheon,북미,Chicago,2016,03,,,,3400.0,3300.0,3300.0,USD,2026-05-24
항공,Incheon,북미,Dallas,2016,03,,,,4800.0,4450.0,4400.0,USD,2026-05-24
항공,Incheon,북미,Los Angeles,2016,03,,,,3000.0,2950.0,2900.0,USD,2026-05-24
항공,Incheon,북미,New York,2016,03,,,,3900.0,3400.0,3400.0,USD,2026-05-24
항공,Incheon,북미,Toronto,2016,03,,,,4100.0,3950.0,3700.0,USD,2026-05-24
항공,Incheon,중남미,Mexico City,2016,03,,,,5500.0,5400.0,5300.0,USD,2026-05-24
항공,Incheon,유럽,Amsterdam,2016,03,,,,2600.0,2400.0,2300.0,USD,2026-05-24
항공,Incheon,유럽,Frankfrut,2016,03,,,,2600.0,2500.0,2400.0,USD,2026-05-24
항공,Incheon,유럽,London,2016,03,,,,3000.0,2600.0,2500.0,USD,2026-05-24
항공,Incheon,유럽,Paris,2016,03,,,,2600.0,2400.0,2400.0,USD,2026-05-24
항공,Incheon,아시아,Mumbai,2016,03,,,,2600.0,2500.0,2400.0,USD,2026-05-24
항공,Incheon,아시아,New Delhi,2016,03,,,,2600.0,2450.0,2100.0,USD,2026-05-24
항공,Incheon,아시아,Ulaanbaatar,2016,03,,,,5900.0,5700.0,5600.0,USD,2026-05-24
항공,Incheon,아시아,Hanoi,2016,03,,,,1700.0,1650.0,1500.0,USD,2026-05-24
항공,Incheon,아시아,Hochiminh,2016,03,,,,2100.0,2000.0,1900.0,USD,2026-05-24
항공,Incheon,아시아,HongKong,2016,03,,,,900.0,800.0,800.0,USD,2026-05-24
항공,Incheon,아시아,Jakarta,2016,03,,,,1500.0,1400.0,1300.0,USD,2026-05-24
항공,Incheon,아시아,MANILA,2016,03,,,,1400.0,1300.0,1200.0,USD,2026-05-24
항공,Incheon,일본,Tokyo,2016,03,,,,900.0,900.0,900.0,USD,2026-05-24
항공,Incheon,중국,Beijing,2016,03,,,,1100.0,1000.0,1000.0,USD,2026-05-24
항공,Incheon,중국,Dalian,2016,03,,,,1600.0,1500.0,1500.0,USD,2026-05-24
항공,Incheon,중국,Shanghai,2016,03,,,,850.0,850.0,850.0,USD,2026-05-24
항공,Incheon,중국,Tianjin,2016,03,,,,1400.0,1300.0,1300.0,USD,2026-05-24
항공,Incheon,아프리카,Cairo,2016,03,,,,3300.0,3200.0,3100.0,USD,2026-05-24
항공,Incheon,아프리카,Cape Town,2016,03,,,,3900.0,3800.0,3800.0,USD,2026-05-24
항공,Incheon,오세아니아,Auckland,2016,03,,,,3100.0,3000.0,2900.0,USD,2026-05-24
항공,Incheon,오세아니아,Sydney,2016,03,,,,3000.0,2900.0,2800.0,USD,2026-05-24
항공,Incheon,중동,Abu dhabi,2016,03,,,,3500.0,3300.0,3100.0,USD,2026-05-24
항공,Incheon,중동,Dubai,2016,03,,,,2800.0,2700.0,2600.0,USD,2026-05-24
항공,Incheon,중동,Dammam,2016,03,,,,2900.0,2800.0,2700.0,USD,2026-05-24
항공,Incheon,중동,Riyadh,2016,03,,,,3000.0,2900.0,2800.0,USD,2026-05-24
항공,Incheon,중동,Kuwait,2016,03,,,,3400.0,3300.0,3200.0,USD,2026-05-24
항공,Incheon,중동,Tehran,2016,03,,,,3000.0,2900.0,2800.0,USD,2026-05-24
항공,Incheon,러시아,Moscow,2016,03,,,,3700.0,3400.0,3000.0,USD,2026-05-24
항공,Incheon,북미,Chicago,2016,04,,,,3100.0,3000.0,2900.0,USD,2026-05-24
항공,Incheon,북미,Dallas,2016,04,,,,4700.0,4600.0,4500.0,USD,2026-05-24
항공,Incheon,북미,Los Angeles,2016,04,,,,2800.0,2700.0,2600.0,USD,2026-05-24
항공,Incheon,북미,New York,2016,04,,,,3100.0,3000.0,2900.0,USD,2026-05-24
항공,Incheon,북미,Toronto,2016,04,,,,3900.0,3800.0,3700.0,USD,2026-05-24
항공,Incheon,중남미,Mexico City,2016,04,,,,5500.0,5400.0,5300.0,USD,2026-05-24
항공,Incheon,유럽,Amsterdam,2016,04,,,,2500.0,2400.0,2300.0,USD,2026-05-24
항공,Incheon,유럽,Frankfrut,2016,04,,,,2700.0,2600.0,2500.0,USD,2026-05-24
항공,Incheon,유럽,London,2016,04,,,,2900.0,2800.0,2700.0,USD,2026-05-24
항공,Incheon,유럽,Paris,2016,04,,,,2800.0,2700.0,2600.0,USD,2026-05-24
항공,Incheon,아시아,Mumbai,2016,04,,,,2600.0,2500.0,2400.0,USD,2026-05-24
항공,Incheon,아시아,New Delhi,2016,04,,,,2200.0,2100.0,2000.0,USD,2026-05-24
항공,Incheon,아시아,Ulaanbaatar,2016,04,,,,5900.0,5800.0,5700.0,USD,2026-05-24
항공,Incheon,아시아,Hanoi,2016,04,,,,1950.0,1850.0,1750.0,USD,2026-05-24
항공,Incheon,아시아,Hochiminh,2016,04,,,,2000.0,1900.0,1800.0,USD,2026-05-24
항공,Incheon,아시아,HongKong,2016,04,,,,900.0,800.0,700.0,USD,2026-05-24
항공,Incheon,아시아,Jakarta,2016,04,,,,1600.0,1500.0,1400.0,USD,2026-05-24
항공,Incheon,아시아,MANILA,2016,04,,,,1300.0,1200.0,1100.0,USD,2026-05-24
항공,Incheon,일본,Tokyo,2016,04,,,,1200.0,1100.0,1000.0,USD,2026-05-24
항공,Incheon,중국,Beijing,2016,04,,,,1300.0,1200.0,1100.0,USD,2026-05-24
항공,Incheon,중국,Dalian,2016,04,,,,1700.0,1600.0,1500.0,USD,2026-05-24
항공,Incheon,중국,Shanghai,2016,04,,,,1050.0,950.0,850.0,USD,2026-05-24
항공,Incheon,중국,Tianjin,2016,04,,,,1600.0,1500.0,1400.0,USD,2026-05-24
항공,Incheon,아프리카,Cairo,2016,04,,,,3400.0,3300.0,3200.0,USD,2026-05-24
항공,Incheon,아프리카,Cape Town,2016,04,,,,4100.0,4000.0,3900.0,USD,2026-05-24
항공,Incheon,오세아니아,Auckland,2016,04,,,,3100.0,3000.0,2900.0,USD,2026-05-24
항공,Incheon,오세아니아,Sydney,2016,04,,,,3000.0,2900.0,2800.0,USD,2026-05-24
항공,Incheon,중동,Abu dhabi,2016,04,,,,3800.0,3700.0,3600.0,USD,2026-05-24
항공,Incheon,중동,Dubai,2016,04,,,,2800.0,2700.0,2600.0,USD,2026-05-24
항공,Incheon,중동,Dammam,2016,04,,,,2900.0,2800.0,2700.0,USD,2026-05-24
항공,Incheon,중동,Riyadh,2016,04,,,,3000.0,2900.0,2800.0,USD,2026-05-24
항공,Incheon,중동,Kuwait,2016,04,,,,3400.0,3300.0,3200.0,USD,2026-05-24
항공,Incheon,중동,Tehran,2016,04,,,,3200.0,3100.0,3000.0,USD,2026-05-24
항공,Incheon,러시아,Moscow,2016,04,,,,3300.0,3200.0,3100.0,USD,2026-05-24
항공,Incheon,북미,Chicago,2016,05,,,,3100.0,3000.0,2900.0,USD,2026-05-24
항공,Incheon,북미,Dallas,2016,05,,,,4700.0,4600.0,4500.0,USD,2026-05-24
항공,Incheon,북미,Los Angeles,2016,05,,,,2800.0,2700.0,2600.0,USD,2026-05-24
항공,Incheon,북미,New York,2016,05,,,,3100.0,3000.0,2900.0,USD,2026-05-24
항공,Incheon,북미,Toronto,2016,05,,,,3900.0,3800.0,3700.0,USD,2026-05-24
항공,Incheon,중남미,Mexico City,2016,05,,,,5500.0,5400.0,5300.0,USD,2026-05-24
항공,Incheon,유럽,Amsterdam,2016,05,,,,2500.0,2400.0,2300.0,USD,2026-05-24
항공,Incheon,유럽,Frankfrut,2016,05,,,,2700.0,2600.0,2500.0,USD,2026-05-24
항공,Incheon,유럽,London,2016,05,,,,2900.0,2800.0,2700.0,USD,2026-05-24
항공,Incheon,유럽,Paris,2016,05,,,,2800.0,2700.0,2600.0,USD,2026-05-24
항공,Incheon,아시아,Mumbai,2016,05,,,,2600.0,2500.0,2400.0,USD,2026-05-24
항공,Incheon,아시아,New Delhi,2016,05,,,,2200.0,2100.0,2000.0,USD,2026-05-24
항공,Incheon,아시아,Ulaanbaatar,2016,05,,,,5900.0,5800.0,5700.0,USD,2026-05-24
항공,Incheon,아시아,Hanoi,2016,05,,,,1950.0,1850.0,1750.0,USD,2026-05-24
항공,Incheon,아시아,Hochiminh,2016,05,,,,2000.0,1900.0,1800.0,USD,2026-05-24
항공,Incheon,아시아,HongKong,2016,05,,,,900.0,800.0,700.0,USD,2026-05-24
항공,Incheon,아시아,Jakarta,2016,05,,,,1600.0,1500.0,1400.0,USD,2026-05-24
항공,Incheon,아시아,MANILA,2016,05,,,,1300.0,1200.0,1100.0,USD,2026-05-24
항공,Incheon,일본,Tokyo,2016,05,,,,1200.0,1100.0,1000.0,USD,2026-05-24
항공,Incheon,중국,Beijing,2016,05,,,,1300.0,1200.0,1100.0,USD,2026-05-24
항공,Incheon,중국,Dalian,2016,05,,,,1700.0,1600.0,1500.0,USD,2026-05-24
항공,Incheon,중국,Shanghai,2016,05,,,,1050.0,950.0,850.0,USD,2026-05-24
항공,Incheon,중국,Tianjin,2016,05,,,,1600.0,1500.0,1400.0,USD,2026-05-24
항공,Incheon,아프리카,Cairo,2016,05,,,,3400.0,3300.0,3200.0,USD,2026-05-24
항공,Incheon,아프리카,Cape Town,2016,05,,,,4100.0,4000.0,3900.0,USD,2026-05-24
항공,Incheon,오세아니아,Auckland,2016,05,,,,3100.0,3000.0,2900.0,USD,2026-05-24
항공,Incheon,오세아니아,Sydney,2016,05,,,,3000.0,2900.0,2800.0,USD,2026-05-24
항공,Incheon,중동,Abu dhabi,2016,05,,,,3800.0,3700.0,3600.0,USD,2026-05-24
항공,Incheon,중동,Dubai,2016,05,,,,2800.0,2700.0,2600.0,USD,2026-05-24
항공,Incheon,중동,Dammam,2016,05,,,,2900.0,2800.0,2700.0,USD,2026-05-24
항공,Incheon,중동,Riyadh,2016,05,,,,3000.0,2900.0,2800.0,USD,2026-05-24
항공,Incheon,중동,Kuwait,2016,05,,,,3400.0,3300.0,3200.0,USD,2026-05-24
항공,Incheon,중동,Tehran,2016,05,,,,3200.0,3100.0,3000.0,USD,2026-05-24
항공,Incheon,러시아,Moscow,2016,05,,,,3300.0,3200.0,3100.0,USD,2026-05-24
항공,Incheon,북미,Chicago,2016,06,,,,3200.0,3100.0,3000.0,USD,2026-05-24
항공,Incheon,북미,Dallas,2016,06,,,,4700.0,4600.0,4400.0,USD,2026-05-24
항공,Incheon,북미,Los Angeles,2016,06,,,,2800.0,2700.0,2600.0,USD,2026-05-24
항공,Incheon,북미,New York,2016,06,,,,3200.0,3100.0,3000.0,USD,2026-05-24
항공,Incheon,북미,Toronto,2016,06,,,,3700.0,3600.0,3500.0,USD,2026-05-24
항공,Incheon,중남미,Mexico City,2016,06,,,,4800.0,4700.0,4600.0,USD,2026-05-24
항공,Incheon,유럽,Amsterdam,2016,06,,,,2400.0,2300.0,2200.0,USD,2026-05-24
항공,Incheon,유럽,Frankfrut,2016,06,,,,2400.0,2300.0,2200.0,USD,2026-05-24
항공,Incheon,유럽,London,2016,06,,,,2600.0,2500.0,2400.0,USD,2026-05-24
항공,Incheon,유럽,Paris,2016,06,,,,2500.0,2400.0,2300.0,USD,2026-05-24
항공,Incheon,아시아,Mumbai,2016,06,,,,2600.0,2500.0,2400.0,USD,2026-05-24
항공,Incheon,아시아,New Delhi,2016,06,,,,2200.0,2100.0,2000.0,USD,2026-05-24
항공,Incheon,아시아,Ulaanbaatar,2016,06,,,,4500.0,4400.0,4300.0,USD,2026-05-24
항공,Incheon,아시아,Hanoi,2016,06,,,,2000.0,1900.0,1800.0,USD,2026-05-24
항공,Incheon,아시아,Hochiminh,2016,06,,,,2100.0,2000.0,1900.0,USD,2026-05-24
항공,Incheon,아시아,HongKong,2016,06,,,,900.0,800.0,700.0,USD,2026-05-24
항공,Incheon,아시아,Jakarta,2016,06,,,,1600.0,1500.0,1400.0,USD,2026-05-24
항공,Incheon,아시아,MANILA,2016,06,,,,1300.0,1200.0,1100.0,USD,2026-05-24
항공,Incheon,일본,Tokyo,2016,06,,,,1200.0,1100.0,1000.0,USD,2026-05-24
항공,Incheon,중국,Beijing,2016,06,,,,1300.0,1200.0,1100.0,USD,2026-05-24
항공,Incheon,중국,Dalian,2016,06,,,,1700.0,1600.0,1500.0,USD,2026-05-24
항공,Incheon,중국,Shanghai,2016,06,,,,1050.0,950.0,850.0,USD,2026-05-24
항공,Incheon,중국,Tianjin,2016,06,,,,1600.0,1500.0,1400.0,USD,2026-05-24
항공,Incheon,아프리카,Cairo,2016,06,,,,3100.0,3000.0,2900.0,USD,2026-05-24
항공,Incheon,아프리카,Cape Town,2016,06,,,,4000.0,3900.0,3800.0,USD,2026-05-24
항공,Incheon,오세아니아,Auckland,2016,06,,,,2600.0,3500.0,3400.0,USD,2026-05-24
항공,Incheon,오세아니아,Sydney,2016,06,,,,3000.0,2900.0,2800.0,USD,2026-05-24
항공,Incheon,중동,Abu dhabi,2016,06,,,,3200.0,3100.0,3000.0,USD,2026-05-24
항공,Incheon,중동,Dubai,2016,06,,,,2600.0,2500.0,2400.0,USD,2026-05-24
항공,Incheon,중동,Dammam,2016,06,,,,2700.0,2600.0,2500.0,USD,2026-05-24
항공,Incheon,중동,Riyadh,2016,06,,,,2900.0,2800.0,2700.0,USD,2026-05-24
항공,Incheon,중동,Kuwait,2016,06,,,,3000.0,2900.0,2800.0,USD,2026-05-24
항공,Incheon,중동,Tehran,2016,06,,,,3200.0,3100.0,3000.0,USD,2026-05-24
항공,Incheon,러시아,Moscow,2016,06,,,,3000.0,2900.0,2800.0,USD,2026-05-24
항공,Incheon,북미,Chicago,2016,07,,,,3500.0,3400.0,3300.0,USD,2026-05-24
항공,Incheon,북미,Dallas,2016,07,,,,4700.0,4600.0,4500.0,USD,2026-05-24
항공,Incheon,북미,Los Angeles,2016,07,,,,2800.0,2700.0,2600.0,USD,2026-05-24
항공,Incheon,북미,New York,2016,07,,,,3200.0,3100.0,3000.0,USD,2026-05-24
항공,Incheon,북미,Toronto,2016,07,,,,3900.0,3800.0,3700.0,USD,2026-05-24
항공,Incheon,중남미,Mexico City,2016,07,,,,4700.0,4600.0,4500.0,USD,2026-05-24
항공,Incheon,유럽,Amsterdam,2016,07,,,,2400.0,2300.0,2200.0,USD,2026-05-24
항공,Incheon,유럽,Frankfrut,2016,07,,,,2400.0,2300.0,2200.0,USD,2026-05-24
항공,Incheon,유럽,London,2016,07,,,,2600.0,2500.0,2400.0,USD,2026-05-24
항공,Incheon,유럽,Paris,2016,07,,,,2500.0,2400.0,2300.0,USD,2026-05-24
항공,Incheon,아시아,Mumbai,2016,07,,,,2600.0,2500.0,2400.0,USD,2026-05-24
항공,Incheon,아시아,New Delhi,2016,07,,,,2200.0,2100.0,2000.0,USD,2026-05-24
항공,Incheon,아시아,Ulaanbaatar,2016,07,,,,4300.0,4200.0,4100.0,USD,2026-05-24
항공,Incheon,아시아,Hanoi,2016,07,,,,2000.0,1900.0,1800.0,USD,2026-05-24
항공,Incheon,아시아,Hochiminh,2016,07,,,,2100.0,2000.0,1900.0,USD,2026-05-24
항공,Incheon,아시아,HongKong,2016,07,,,,900.0,800.0,700.0,USD,2026-05-24
항공,Incheon,아시아,Jakarta,2016,07,,,,1600.0,1500.0,1400.0,USD,2026-05-24
항공,Incheon,아시아,MANILA,2016,07,,,,1300.0,1200.0,1100.0,USD,2026-05-24
항공,Incheon,일본,Tokyo,2016,07,,,,1200.0,1100.0,1000.0,USD,2026-05-24
항공,Incheon,중국,Beijing,2016,07,,,,1300.0,1200.0,1100.0,USD,2026-05-24
항공,Incheon,중국,Dalian,2016,07,,,,1700.0,1600.0,1500.0,USD,2026-05-24
항공,Incheon,중국,Shanghai,2016,07,,,,1050.0,950.0,850.0,USD,2026-05-24
항공,Incheon,중국,Tianjin,2016,07,,,,1600.0,1500.0,1400.0,USD,2026-05-24
항공,Incheon,아프리카,Cairo,2016,07,,,,2800.0,2700.0,2600.0,USD,2026-05-24
항공,Incheon,아프리카,Cape Town,2016,07,,,,4000.0,3900.0,3800.0,USD,2026-05-24
항공,Incheon,오세아니아,Auckland,2016,07,,,,3600.0,3500.0,3400.0,USD,2026-05-24
항공,Incheon,오세아니아,Sydney,2016,07,,,,3000.0,2900.0,2800.0,USD,2026-05-24
항공,Incheon,중동,Abu dhabi,2016,07,,,,3200.0,3100.0,3000.0,USD,2026-05-24
항공,Incheon,중동,Dubai,2016,07,,,,2600.0,2500.0,2400.0,USD,2026-05-24
항공,Incheon,중동,Dammam,2016,07,,,,2700.0,2600.0,2500.0,USD,2026-05-24
항공,Incheon,중동,Riyadh,2016,07,,,,2900.0,2800.0,2700.0,USD,2026-05-24
항공,Incheon,중동,Kuwait,2016,07,,,,3000.0,2900.0,2800.0,USD,2026-05-24
항공,Incheon,중동,Tehran,2016,07,,,,3200.0,3100.0,3000.0,USD,2026-05-24
항공,Incheon,러시아,Moscow,2016,07,,,,3000.0,2900.0,2800.0,USD,2026-05-24
항공,Incheon,북미,Chicago,2016,08,,,,3200.0,3100.0,3000.0,USD,2026-05-24
항공,Incheon,북미,Dallas,2016,08,,,,4700.0,4600.0,4500.0,USD,2026-05-24
항공,Incheon,북미,Los Angeles,2016,08,,,,2700.0,2600.0,2500.0,USD,2026-05-24
항공,Incheon,북미,New York,2016,08,,,,3200.0,3100.0,3000.0,USD,2026-05-24
항공,Incheon,북미,Toronto,2016,08,,,,3600.0,3500.0,3400.0,USD,2026-05-24
항공,Incheon,중남미,Mexico City,2016,08,,,,4900.0,4800.0,4700.0,USD,2026-05-24
항공,Incheon,유럽,Amsterdam,2016,08,,,,2300.0,2200.0,2100.0,USD,2026-05-24
항공,Incheon,유럽,Frankfrut,2016,08,,,,2400.0,2300.0,2200.0,USD,2026-05-24
항공,Incheon,유럽,London,2016,08,,,,2500.0,2400.0,2300.0,USD,2026-05-24
항공,Incheon,유럽,Paris,2016,08,,,,2500.0,2400.0,2300.0,USD,2026-05-24
항공,Incheon,아시아,Mumbai,2016,08,,,,2600.0,2500.0,2400.0,USD,2026-05-24
항공,Incheon,아시아,New Delhi,2016,08,,,,2200.0,2100.0,2000.0,USD,2026-05-24
항공,Incheon,아시아,Ulaanbaatar,2016,08,,,,4100.0,4000.0,3900.0,USD,2026-05-24
항공,Incheon,아시아,Hanoi,2016,08,,,,2000.0,1900.0,1800.0,USD,2026-05-24
항공,Incheon,아시아,Hochiminh,2016,08,,,,2100.0,2000.0,1900.0,USD,2026-05-24
항공,Incheon,아시아,HongKong,2016,08,,,,900.0,800.0,700.0,USD,2026-05-24
항공,Incheon,아시아,Jakarta,2016,08,,,,2000.0,1900.0,1800.0,USD,2026-05-24
항공,Incheon,아시아,MANILA,2016,08,,,,1300.0,1200.0,1100.0,USD,2026-05-24
항공,Incheon,일본,Tokyo,2016,08,,,,1200.0,1100.0,1000.0,USD,2026-05-24
항공,Incheon,중국,Beijing,2016,08,,,,1300.0,1200.0,1100.0,USD,2026-05-24
항공,Incheon,중국,Dalian,2016,08,,,,1700.0,1600.0,1500.0,USD,2026-05-24
항공,Incheon,중국,Shanghai,2016,08,,,,1050.0,950.0,850.0,USD,2026-05-24
항공,Incheon,중국,Tianjin,2016,08,,,,1600.0,1500.0,1400.0,USD,2026-05-24
항공,Incheon,아프리카,Cairo,2016,08,,,,2700.0,2600.0,2500.0,USD,2026-05-24
항공,Incheon,아프리카,Cape Town,2016,08,,,,4000.0,3900.0,3800.0,USD,2026-05-24
항공,Incheon,오세아니아,Auckland,2016,08,,,,3600.0,3500.0,3400.0,USD,2026-05-24
항공,Incheon,오세아니아,Sydney,2016,08,,,,3000.0,2900.0,2800.0,USD,2026-05-24
항공,Incheon,중동,Abu dhabi,2016,08,,,,3200.0,3100.0,3000.0,USD,2026-05-24
항공,Incheon,중동,Dubai,2016,08,,,,2600.0,2500.0,2400.0,USD,2026-05-24
항공,Incheon,중동,Dammam,2016,08,,,,2400.0,2300.0,2200.0,USD,2026-05-24
항공,Incheon,중동,Riyadh,2016,08,,,,2900.0,2800.0,2700.0,USD,2026-05-24
항공,Incheon,중동,Kuwait,2016,08,,,,3400.0,3300.0,3200.0,USD,2026-05-24
항공,Incheon,중동,Tehran,2016,08,,,,3200.0,3100.0,3000.0,USD,2026-05-24
항공,Incheon,러시아,Moscow,2016,08,,,,3000.0,2900.0,2800.0,USD,2026-05-24
항공,Incheon,북미,Chicago,2016,09,,,,3800.0,3700.0,3600.0,USD,2026-05-24
항공,Incheon,북미,Dallas,2016,09,,,,5400.0,5300.0,5200.0,USD,2026-05-24
항공,Incheon,북미,Los Angeles,2016,09,,,,3300.0,3200.0,3100.0,USD,2026-05-24
항공,Incheon,북미,New York,2016,09,,,,3800.0,3700.0,3600.0,USD,2026-05-24
항공,Incheon,북미,Toronto,2016,09,,,,4100.0,4000.0,3900.0,USD,2026-05-24
항공,Incheon,중남미,Mexico City,2016,09,,,,4900.0,4800.0,4700.0,USD,2026-05-24
항공,Incheon,유럽,Amsterdam,2016,09,,,,2800.0,2700.0,2600.0,USD,2026-05-24
항공,Incheon,유럽,Frankfrut,2016,09,,,,2800.0,2700.0,2600.0,USD,2026-05-24
항공,Incheon,유럽,London,2016,09,,,,2800.0,2700.0,2600.0,USD,2026-05-24
항공,Incheon,유럽,Paris,2016,09,,,,2800.0,2700.0,2600.0,USD,2026-05-24
항공,Incheon,아시아,Mumbai,2016,09,,,,2600.0,2500.0,2400.0,USD,2026-05-24
항공,Incheon,아시아,New Delhi,2016,09,,,,2250.0,2150.0,2050.0,USD,2026-05-24
항공,Incheon,아시아,Ulaanbaatar,2016,09,,,,4100.0,4000.0,3900.0,USD,2026-05-24
항공,Incheon,아시아,Hanoi,2016,09,,,,2000.0,1900.0,1800.0,USD,2026-05-24
항공,Incheon,아시아,Hochiminh,2016,09,,,,2200.0,2100.0,2000.0,USD,2026-05-24
항공,Incheon,아시아,HongKong,2016,09,,,,900.0,800.0,700.0,USD,2026-05-24
항공,Incheon,아시아,Jakarta,2016,09,,,,1900.0,1800.0,1700.0,USD,2026-05-24
항공,Incheon,아시아,MANILA,2016,09,,,,1500.0,1400.0,1300.0,USD,2026-05-24
항공,Incheon,일본,Tokyo,2016,09,,,,1200.0,1100.0,1000.0,USD,2026-05-24
항공,Incheon,중국,Beijing,2016,09,,,,1300.0,1200.0,1100.0,USD,2026-05-24
항공,Incheon,중국,Dalian,2016,09,,,,1700.0,1600.0,1500.0,USD,2026-05-24
항공,Incheon,중국,Shanghai,2016,09,,,,1050.0,950.0,850.0,USD,2026-05-24
항공,Incheon,중국,Tianjin,2016,09,,,,1600.0,1500.0,1400.0,USD,2026-05-24
항공,Incheon,아프리카,Cairo,2016,09,,,,3300.0,3200.0,3100.0,USD,2026-05-24
항공,Incheon,아프리카,Cape Town,2016,09,,,,4000.0,3900.0,3800.0,USD,2026-05-24
항공,Incheon,오세아니아,Auckland,2016,09,,,,3600.0,3500.0,3400.0,USD,2026-05-24
항공,Incheon,오세아니아,Sydney,2016,09,,,,3100.0,3000.0,2900.0,USD,2026-05-24
항공,Incheon,중동,Abu dhabi,2016,09,,,,3200.0,3100.0,3000.0,USD,2026-05-24
항공,Incheon,중동,Dubai,2016,09,,,,2800.0,2700.0,2600.0,USD,2026-05-24
항공,Incheon,중동,Dammam,2016,09,,,,2900.0,2800.0,2700.0,USD,2026-05-24
항공,Incheon,중동,Riyadh,2016,09,,,,3300.0,3200.0,3100.0,USD,2026-05-24
항공,Incheon,중동,Kuwait,2016,09,,,,3400.0,3300.0,3200.0,USD,2026-05-24
항공,Incheon,중동,Tehran,2016,09,,,,3500.0,3400.0,3300.0,USD,2026-05-24
항공,Incheon,러시아,Moscow,2016,09,,,,3000.0,2900.0,2800.0,USD,2026-05-24
항공,Incheon,북미,Chicago,2016,10,,,,4100.0,4000.0,3900.0,USD,2026-05-24
항공,Incheon,북미,Dallas,2016,10,,,,5600.0,5500.0,5400.0,USD,2026-05-24
항공,Incheon,북미,Los Angeles,2016,10,,,,4000.0,3900.0,3800.0,USD,2026-05-24
항공,Incheon,북미,New York,2016,10,,,,4100.0,4000.0,3900.0,USD,2026-05-24
항공,Incheon,북미,Toronto,2016,10,,,,3900.0,3800.0,3700.0,USD,2026-05-24
항공,Incheon,중남미,Mexico City,2016,10,,,,4900.0,4800.0,4700.0,USD,2026-05-24
항공,Incheon,유럽,Amsterdam,2016,10,,,,2900.0,2800.0,2700.0,USD,2026-05-24
항공,Incheon,유럽,Frankfrut,2016,10,,,,2900.0,2800.0,2700.0,USD,2026-05-24
항공,Incheon,유럽,London,2016,10,,,,3000.0,2900.0,2800.0,USD,2026-05-24
항공,Incheon,유럽,Paris,2016,10,,,,2900.0,2800.0,2700.0,USD,2026-05-24
항공,Incheon,아시아,Mumbai,2016,10,,,,2800.0,2700.0,2600.0,USD,2026-05-24
항공,Incheon,아시아,New Delhi,2016,10,,,,2200.0,2100.0,2000.0,USD,2026-05-24
항공,Incheon,아시아,Ulaanbaatar,2016,10,,,,4400.0,4300.0,4200.0,USD,2026-05-24
항공,Incheon,아시아,Hanoi,2016,10,,,,2000.0,1900.0,1800.0,USD,2026-05-24
항공,Incheon,아시아,Hochiminh,2016,10,,,,2200.0,2100.0,2000.0,USD,2026-05-24
항공,Incheon,아시아,HongKong,2016,10,,,,900.0,800.0,700.0,USD,2026-05-24
항공,Incheon,아시아,Jakarta,2016,10,,,,1900.0,1800.0,1700.0,USD,2026-05-24
항공,Incheon,아시아,MANILA,2016,10,,,,1400.0,1300.0,1200.0,USD,2026-05-24
항공,Incheon,일본,Tokyo,2016,10,,,,1200.0,1100.0,1000.0,USD,2026-05-24
항공,Incheon,중국,Beijing,2016,10,,,,1300.0,1200.0,1100.0,USD,2026-05-24
항공,Incheon,중국,Dalian,2016,10,,,,1700.0,1600.0,1500.0,USD,2026-05-24
항공,Incheon,중국,Shanghai,2016,10,,,,1050.0,950.0,850.0,USD,2026-05-24
항공,Incheon,중국,Tianjin,2016,10,,,,1700.0,1600.0,1500.0,USD,2026-05-24
항공,Incheon,아프리카,Cairo,2016,10,,,,3300.0,3200.0,3100.0,USD,2026-05-24
항공,Incheon,아프리카,Cape Town,2016,10,,,,4000.0,3900.0,3800.0,USD,2026-05-24
항공,Incheon,오세아니아,Auckland,2016,10,,,,3800.0,3700.0,3600.0,USD,2026-05-24
항공,Incheon,오세아니아,Sydney,2016,10,,,,3100.0,3000.0,2900.0,USD,2026-05-24
항공,Incheon,중동,Abu dhabi,2016,10,,,,3500.0,3300.0,3100.0,USD,2026-05-24
항공,Incheon,중동,Dubai,2016,10,,,,2800.0,2700.0,2600.0,USD,2026-05-24
항공,Incheon,중동,Dammam,2016,10,,,,2900.0,2800.0,2700.0,USD,2026-05-24
항공,Incheon,중동,Riyadh,2016,10,,,,3300.0,3200.0,3100.0,USD,2026-05-24
항공,Incheon,중동,Kuwait,2016,10,,,,3400.0,3300.0,3200.0,USD,2026-05-24
항공,Incheon,중동,Tehran,2016,10,,,,3500.0,3400.0,3300.0,USD,2026-05-24
항공,Incheon,러시아,Moscow,2016,10,,,,3400.0,3300.0,3200.0,USD,2026-05-24
항공,Incheon,북미,Chicago,2016,11,,,,4300.0,4200.0,4100.0,USD,2026-05-24
항공,Incheon,북미,Dallas,2016,11,,,,5700.0,5600.0,5500.0,USD,2026-05-24
항공,Incheon,북미,Los Angeles,2016,11,,,,4200.0,4100.0,4000.0,USD,2026-05-24
항공,Incheon,북미,New York,2016,11,,,,4500.0,4400.0,4300.0,USD,2026-05-24
항공,Incheon,북미,Toronto,2016,11,,,,4100.0,4000.0,3900.0,USD,2026-05-24
항공,Incheon,중남미,Mexico City,2016,11,,,,5000.0,4900.0,4800.0,USD,2026-05-24
항공,Incheon,유럽,Amsterdam,2016,11,,,,3300.0,3200.0,3100.0,USD,2026-05-24
항공,Incheon,유럽,Frankfrut,2016,11,,,,3100.0,3000.0,2900.0,USD,2026-05-24
항공,Incheon,유럽,London,2016,11,,,,3300.0,3200.0,3100.0,USD,2026-05-24
항공,Incheon,유럽,Paris,2016,11,,,,3100.0,3000.0,2900.0,USD,2026-05-24
항공,Incheon,아시아,Mumbai,2016,11,,,,2700.0,2600.0,2500.0,USD,2026-05-24
항공,Incheon,아시아,New Delhi,2016,11,,,,2250.0,2150.0,2050.0,USD,2026-05-24
항공,Incheon,아시아,Ulaanbaatar,2016,11,,,,4400.0,4300.0,4200.0,USD,2026-05-24
항공,Incheon,아시아,Hanoi,2016,11,,,,2000.0,1900.0,1800.0,USD,2026-05-24
항공,Incheon,아시아,Hochiminh,2016,11,,,,2200.0,2100.0,2000.0,USD,2026-05-24
항공,Incheon,아시아,HongKong,2016,11,,,,900.0,800.0,700.0,USD,2026-05-24
항공,Incheon,아시아,Jakarta,2016,11,,,,1650.0,1550.0,1450.0,USD,2026-05-24
항공,Incheon,아시아,MANILA,2016,11,,,,1300.0,1200.0,1100.0,USD,2026-05-24
항공,Incheon,일본,Tokyo,2016,11,,,,1200.0,1100.0,1000.0,USD,2026-05-24
항공,Incheon,중국,Beijing,2016,11,,,,1300.0,1200.0,1100.0,USD,2026-05-24
항공,Incheon,중국,Dalian,2016,11,,,,1700.0,1600.0,1500.0,USD,2026-05-24
항공,Incheon,중국,Shanghai,2016,11,,,,1300.0,1200.0,1100.0,USD,2026-05-24
항공,Incheon,중국,Tianjin,2016,11,,,,1700.0,1600.0,1500.0,USD,2026-05-24
항공,Incheon,아프리카,Cairo,2016,11,,,,3500.0,3400.0,3300.0,USD,2026-05-24
항공,Incheon,아프리카,Cape Town,2016,11,,,,4300.0,4200.0,4100.0,USD,2026-05-24
항공,Incheon,오세아니아,Auckland,2016,11,,,,3800.0,3700.0,3600.0,USD,2026-05-24
항공,Incheon,오세아니아,Sydney,2016,11,,,,3100.0,3000.0,2900.0,USD,2026-05-24
항공,Incheon,중동,Abu dhabi,2016,11,,,,3300.0,3200.0,3100.0,USD,2026-05-24
항공,Incheon,중동,Dubai,2016,11,,,,2900.0,2800.0,2700.0,USD,2026-05-24
항공,Incheon,중동,Dammam,2016,11,,,,2700.0,2600.0,2500.0,USD,2026-05-24
항공,Incheon,중동,Riyadh,2016,11,,,,3400.0,3300.0,3200.0,USD,2026-05-24
항공,Incheon,중동,Kuwait,2016,11,,,,3500.0,3400.0,3300.0,USD,2026-05-24
항공,Incheon,중동,Tehran,2016,11,,,,3500.0,3400.0,3300.0,USD,2026-05-24
항공,Incheon,러시아,Moscow,2016,11,,,,3400.0,3300.0,3200.0,USD,2026-05-24
항공,Incheon,북미,Chicago,2016,12,,,,4000.0,3900.0,3800.0,USD,2026-05-24
항공,Incheon,북미,Dallas,2016,12,,,,5700.0,5600.0,5500.0,USD,2026-05-24
항공,Incheon,북미,Los Angeles,2016,12,,,,4000.0,3900.0,3800.0,USD,2026-05-24
항공,Incheon,북미,New York,2016,12,,,,4300.0,4200.0,4100.0,USD,2026-05-24
항공,Incheon,북미,Toronto,2016,12,,,,4100.0,4000.0,3900.0,USD,2026-05-24
항공,Incheon,중남미,Mexico City,2016,12,,,,5000.0,4900.0,4800.0,USD,2026-05-24
항공,Incheon,유럽,Amsterdam,2016,12,,,,3100.0,3000.0,2900.0,USD,2026-05-24
항공,Incheon,유럽,Frankfrut,2016,12,,,,3200.0,2900.0,2800.0,USD,2026-05-24
항공,Incheon,유럽,London,2016,12,,,,3200.0,3100.0,3000.0,USD,2026-05-24
항공,Incheon,유럽,Paris,2016,12,,,,3000.0,2900.0,2800.0,USD,2026-05-24
항공,Incheon,아시아,Mumbai,2016,12,,,,2700.0,2600.0,2500.0,USD,2026-05-24
항공,Incheon,아시아,New Delhi,2016,12,,,,2250.0,2150.0,2050.0,USD,2026-05-24
항공,Incheon,아시아,Ulaanbaatar,2016,12,,,,4400.0,4300.0,4200.0,USD,2026-05-24
항공,Incheon,아시아,Hanoi,2016,12,,,,2000.0,1900.0,1800.0,USD,2026-05-24
항공,Incheon,아시아,Hochiminh,2016,12,,,,2300.0,2200.0,2100.0,USD,2026-05-24
항공,Incheon,아시아,HongKong,2016,12,,,,1000.0,900.0,800.0,USD,2026-05-24
항공,Incheon,아시아,Jakarta,2016,12,,,,1650.0,1550.0,1450.0,USD,2026-05-24
항공,Incheon,아시아,MANILA,2016,12,,,,1300.0,1200.0,1100.0,USD,2026-05-24
항공,Incheon,일본,Tokyo,2016,12,,,,1200.0,1100.0,1000.0,USD,2026-05-24
항공,Incheon,중국,Beijing,2016,12,,,,1300.0,1200.0,1100.0,USD,2026-05-24
항공,Incheon,중국,Dalian,2016,12,,,,2100.0,2000.0,1900.0,USD,2026-05-24
항공,Incheon,중국,Shanghai,2016,12,,,,1100.0,1000.0,900.0,USD,2026-05-24
항공,Incheon,중국,Tianjin,2016,12,,,,1700.0,1600.0,1500.0,USD,2026-05-24
항공,Incheon,아프리카,Cairo,2016,12,,,,3500.0,3400.0,3300.0,USD,2026-05-24
항공,Incheon,아프리카,Cape Town,2016,12,,,,4300.0,4200.0,4100.0,USD,2026-05-24
항공,Incheon,오세아니아,Auckland,2016,12,,,,4000.0,3900.0,3800.0,USD,2026-05-24
항공,Incheon,오세아니아,Sydney,2016,12,,,,3300.0,3200.0,3100.0,USD,2026-05-24
항공,Incheon,중동,Abu dhabi,2016,12,,,,3300.0,3200.0,3100.0,USD,2026-05-24
항공,Incheon,중동,Dubai,2016,12,,,,2900.0,2800.0,2700.0,USD,2026-05-24
항공,Incheon,중동,Dammam,2016,12,,,,2700.0,2600.0,2500.0,USD,2026-05-24
항공,Incheon,중동,Riyadh,2016,12,,,,3200.0,3100.0,3000.0,USD,2026-05-24
항공,Incheon,중동,Kuwait,2016,12,,,,3500.0,3400.0,3300.0,USD,2026-05-24
항공,Incheon,중동,Tehran,2016,12,,,,3500.0,3400.0,3300.0,USD,2026-05-24
항공,Incheon,러시아,Moscow,2016,12,,,,3400.0,3300.0,3200.0,USD,2026-05-24
항공,Incheon,북미,Chicago,2017,01,,,,3800.0,3700.0,3600.0,USD,2026-05-24
항공,Incheon,북미,Dallas,2017,01,,,,5000.0,4900.0,4800.0,USD,2026-05-24
항공,Incheon,북미,Los Angeles,2017,01,,,,3600.0,3500.0,3400.0,USD,2026-05-24
항공,Incheon,북미,New York,2017,01,,,,4000.0,3900.0,3800.0,USD,2026-05-24
항공,Incheon,북미,Toronto,2017,01,,,,4100.0,4000.0,3900.0,USD,2026-05-24
항공,Incheon,중남미,Mexico City,2017,01,,,,5100.0,5000.0,4900.0,USD,2026-05-24
항공,Incheon,유럽,Amsterdam,2017,01,,,,3000.0,2900.0,2800.0,USD,2026-05-24
항공,Incheon,유럽,Frankfrut,2017,01,,,,3000.0,2900.0,2800.0,USD,2026-05-24
항공,Incheon,유럽,London,2017,01,,,,3300.0,3200.0,3100.0,USD,2026-05-24
항공,Incheon,유럽,Paris,2017,01,,,,2900.0,2800.0,2700.0,USD,2026-05-24
항공,Incheon,아시아,Mumbai,2017,01,,,,2700.0,2600.0,2500.0,USD,2026-05-24
항공,Incheon,아시아,New Delhi,2017,01,,,,2250.0,2150.0,2050.0,USD,2026-05-24
항공,Incheon,아시아,Ulaanbaatar,2017,01,,,,4400.0,4300.0,4200.0,USD,2026-05-24
항공,Incheon,아시아,Hanoi,2017,01,,,,2000.0,1900.0,1800.0,USD,2026-05-24
항공,Incheon,아시아,Hochiminh,2017,01,,,,2200.0,2100.0,2000.0,USD,2026-05-24
항공,Incheon,아시아,HongKong,2017,01,,,,1000.0,900.0,800.0,USD,2026-05-24
항공,Incheon,아시아,Jakarta,2017,01,,,,1650.0,1550.0,1450.0,USD,2026-05-24
항공,Incheon,아시아,MANILA,2017,01,,,,1300.0,1200.0,1100.0,USD,2026-05-24
항공,Incheon,일본,Tokyo,2017,01,,,,1200.0,1100.0,1000.0,USD,2026-05-24
항공,Incheon,중국,Beijing,2017,01,,,,1300.0,1200.0,1100.0,USD,2026-05-24
항공,Incheon,중국,Dalian,2017,01,,,,2100.0,2000.0,1900.0,USD,2026-05-24
항공,Incheon,중국,Shanghai,2017,01,,,,1200.0,1100.0,1000.0,USD,2026-05-24
항공,Incheon,중국,Tianjin,2017,01,,,,1700.0,1600.0,1500.0,USD,2026-05-24
항공,Incheon,아프리카,Cairo,2017,01,,,,2900.0,2800.0,2700.0,USD,2026-05-24
항공,Incheon,아프리카,Cape Town,2017,01,,,,4600.0,4500.0,4400.0,USD,2026-05-24
항공,Incheon,오세아니아,Auckland,2017,01,,,,3200.0,3100.0,3000.0,USD,2026-05-24
항공,Incheon,오세아니아,Sydney,2017,01,,,,3100.0,3000.0,2900.0,USD,2026-05-24
항공,Incheon,중동,Abu dhabi,2017,01,,,,3500.0,3300.0,3100.0,USD,2026-05-24
항공,Incheon,중동,Dubai,2017,01,,,,2700.0,2600.0,2500.0,USD,2026-05-24
항공,Incheon,중동,Dammam,2017,01,,,,2800.0,2700.0,2600.0,USD,2026-05-24
항공,Incheon,중동,Riyadh,2017,01,,,,2800.0,2700.0,2600.0,USD,2026-05-24
항공,Incheon,중동,Kuwait,2017,01,,,,3300.0,3200.0,3100.0,USD,2026-05-24
항공,Incheon,중동,Tehran,2017,01,,,,3100.0,3000.0,2900.0,USD,2026-05-24
항공,Incheon,러시아,Moscow,2017,01,,,,3400.0,3300.0,3200.0,USD,2026-05-24
항공,Incheon,북미,Chicago,2017,02,,,,3800.0,3700.0,3600.0,USD,2026-05-24
항공,Incheon,북미,Dallas,2017,02,,,,5100.0,5000.0,4900.0,USD,2026-05-24
항공,Incheon,북미,Los Angeles,2017,02,,,,3600.0,3500.0,3400.0,USD,2026-05-24
항공,Incheon,북미,New York,2017,02,,,,4100.0,4000.0,3900.0,USD,2026-05-24
항공,Incheon,북미,Toronto,2017,02,,,,4100.0,4000.0,3900.0,USD,2026-05-24
항공,Incheon,중남미,Mexico City,2017,02,,,,4400.0,4300.0,4200.0,USD,2026-05-24
항공,Incheon,유럽,Amsterdam,2017,02,,,,3000.0,2900.0,2800.0,USD,2026-05-24
항공,Incheon,유럽,Frankfrut,2017,02,,,,3000.0,2900.0,2800.0,USD,2026-05-24
항공,Incheon,유럽,London,2017,02,,,,2800.0,2700.0,2600.0,USD,2026-05-24
항공,Incheon,유럽,Paris,2017,02,,,,3100.0,3000.0,2900.0,USD,2026-05-24
항공,Incheon,아시아,Mumbai,2017,02,,,,2700.0,2600.0,2500.0,USD,2026-05-24
항공,Incheon,아시아,New Delhi,2017,02,,,,2250.0,2150.0,2050.0,USD,2026-05-24
항공,Incheon,아시아,Ulaanbaatar,2017,02,,,,4400.0,4300.0,4200.0,USD,2026-05-24
항공,Incheon,아시아,Hanoi,2017,02,,,,2000.0,1900.0,1800.0,USD,2026-05-24
항공,Incheon,아시아,Hochiminh,2017,02,,,,2200.0,2100.0,2000.0,USD,2026-05-24
항공,Incheon,아시아,HongKong,2017,02,,,,1000.0,900.0,800.0,USD,2026-05-24
항공,Incheon,아시아,Jakarta,2017,02,,,,1650.0,1550.0,1450.0,USD,2026-05-24
항공,Incheon,아시아,MANILA,2017,02,,,,1300.0,1200.0,1100.0,USD,2026-05-24
항공,Incheon,일본,Tokyo,2017,02,,,,1200.0,1100.0,1000.0,USD,2026-05-24
항공,Incheon,중국,Beijing,2017,02,,,,1300.0,1200.0,1100.0,USD,2026-05-24
항공,Incheon,중국,Dalian,2017,02,,,,2100.0,2000.0,1900.0,USD,2026-05-24
항공,Incheon,중국,Shanghai,2017,02,,,,1200.0,1100.0,1000.0,USD,2026-05-24
항공,Incheon,중국,Tianjin,2017,02,,,,1700.0,1600.0,1500.0,USD,2026-05-24
항공,Incheon,아프리카,Cairo,2017,02,,,,2900.0,2800.0,2700.0,USD,2026-05-24
항공,Incheon,아프리카,Cape Town,2017,02,,,,4500.0,4400.0,4300.0,USD,2026-05-24
항공,Incheon,오세아니아,Auckland,2017,02,,,,3200.0,3100.0,3000.0,USD,2026-05-24
항공,Incheon,오세아니아,Sydney,2017,02,,,,3100.0,3000.0,2900.0,USD,2026-05-24
항공,Incheon,중동,Abu dhabi,2017,02,,,,3500.0,3300.0,3100.0,USD,2026-05-24
항공,Incheon,중동,Dubai,2017,02,,,,2700.0,2600.0,2500.0,USD,2026-05-24
항공,Incheon,중동,Dammam,2017,02,,,,2800.0,2700.0,2600.0,USD,2026-05-24
항공,Incheon,중동,Riyadh,2017,02,,,,2800.0,2700.0,2600.0,USD,2026-05-24
항공,Incheon,중동,Kuwait,2017,02,,,,3300.0,3200.0,3100.0,USD,2026-05-24
항공,Incheon,중동,Tehran,2017,02,,,,3100.0,3000.0,2900.0,USD,2026-05-24
항공,Incheon,러시아,Moscow,2017,02,,,,3400.0,3300.0,3200.0,USD,2026-05-24
항공,Incheon,북미,Chicago,2017,03,,,,3800.0,3700.0,3600.0,USD,2026-05-24
항공,Incheon,북미,Dallas,2017,03,,,,5100.0,5000.0,4900.0,USD,2026-05-24
항공,Incheon,북미,Los Angeles,2017,03,,,,3600.0,3500.0,3400.0,USD,2026-05-24
항공,Incheon,북미,New York,2017,03,,,,4100.0,4000.0,3900.0,USD,2026-05-24
항공,Incheon,북미,Toronto,2017,03,,,,4100.0,4000.0,3900.0,USD,2026-05-24
항공,Incheon,중남미,Mexico City,2017,03,,,,5100.0,5000.0,4900.0,USD,2026-05-24
항공,Incheon,유럽,Amsterdam,2017,03,,,,3300.0,3200.0,3100.0,USD,2026-05-24
항공,Incheon,유럽,Frankfrut,2017,03,,,,3300.0,3200.0,3100.0,USD,2026-05-24
항공,Incheon,유럽,London,2017,03,,,,3100.0,3000.0,2900.0,USD,2026-05-24
항공,Incheon,유럽,Paris,2017,03,,,,3300.0,3200.0,3100.0,USD,2026-05-24
항공,Incheon,아시아,Mumbai,2017,03,,,,2700.0,2600.0,2500.0,USD,2026-05-24
항공,Incheon,아시아,New Delhi,2017,03,,,,2250.0,2150.0,2050.0,USD,2026-05-24
항공,Incheon,아시아,Ulaanbaatar,2017,03,,,,4400.0,4300.0,4200.0,USD,2026-05-24
항공,Incheon,아시아,Hanoi,2017,03,,,,2000.0,1850.0,1700.0,USD,2026-05-24
항공,Incheon,아시아,Hochiminh,2017,03,,,,2200.0,2100.0,2000.0,USD,2026-05-24
항공,Incheon,아시아,HongKong,2017,03,,,,1000.0,900.0,800.0,USD,2026-05-24
항공,Incheon,아시아,Jakarta,2017,03,,,,1650.0,1550.0,1450.0,USD,2026-05-24
항공,Incheon,아시아,MANILA,2017,03,,,,1300.0,1200.0,1100.0,USD,2026-05-24
항공,Incheon,일본,Tokyo,2017,03,,,,1200.0,1100.0,1000.0,USD,2026-05-24
항공,Incheon,중국,Beijing,2017,03,,,,1300.0,1200.0,1100.0,USD,2026-05-24
항공,Incheon,중국,Dalian,2017,03,,,,2100.0,2000.0,1900.0,USD,2026-05-24
항공,Incheon,중국,Shanghai,2017,03,,,,1200.0,1100.0,1000.0,USD,2026-05-24
항공,Incheon,중국,Tianjin,2017,03,,,,1700.0,1600.0,1500.0,USD,2026-05-24
항공,Incheon,아프리카,Cairo,2017,03,,,,2900.0,2800.0,2700.0,USD,2026-05-24
항공,Incheon,아프리카,Cape Town,2017,03,,,,4500.0,4400.0,4300.0,USD,2026-05-24
항공,Incheon,오세아니아,Auckland,2017,03,,,,3800.0,3700.0,3600.0,USD,2026-05-24
항공,Incheon,오세아니아,Sydney,2017,03,,,,3100.0,3000.0,2900.0,USD,2026-05-24
항공,Incheon,중동,Abu dhabi,2017,03,,,,3300.0,3200.0,3100.0,USD,2026-05-24
항공,Incheon,중동,Dubai,2017,03,,,,2700.0,2600.0,2500.0,USD,2026-05-24
항공,Incheon,중동,Dammam,2017,03,,,,2800.0,2700.0,2600.0,USD,2026-05-24
항공,Incheon,중동,Riyadh,2017,03,,,,2800.0,2700.0,2600.0,USD,2026-05-24
항공,Incheon,중동,Kuwait,2017,03,,,,3300.0,3200.0,3100.0,USD,2026-05-24
항공,Incheon,중동,Tehran,2017,03,,,,3200.0,3100.0,3000.0,USD,2026-05-24
항공,Incheon,러시아,Moscow,2017,03,,,,3400.0,3300.0,3200.0,USD,2026-05-24
항공,Incheon,북미,Chicago,2017,04,,,,4100.0,4000.0,3900.0,USD,2026-05-24
항공,Incheon,북미,Dallas,2017,04,,,,5400.0,5300.0,5200.0,USD,2026-05-24
항공,Incheon,북미,Los Angeles,2017,04,,,,3600.0,3500.0,3400.0,USD,2026-05-24
항공,Incheon,북미,New York,2017,04,,,,4300.0,4200.0,4100.0,USD,2026-05-24
항공,Incheon,북미,Toronto,2017,04,,,,3800.0,3700.0,3600.0,USD,2026-05-24
항공,Incheon,중남미,Mexico City,2017,04,,,,5100.0,5000.0,4900.0,USD,2026-05-24
항공,Incheon,유럽,Amsterdam,2017,04,,,,3300.0,3200.0,3100.0,USD,2026-05-24
항공,Incheon,유럽,Frankfrut,2017,04,,,,2900.0,2800.0,2700.0,USD,2026-05-24
항공,Incheon,유럽,London,2017,04,,,,3400.0,3300.0,3200.0,USD,2026-05-24
항공,Incheon,유럽,Paris,2017,04,,,,3300.0,3200.0,3100.0,USD,2026-05-24
항공,Incheon,아시아,Mumbai,2017,04,,,,2700.0,2600.0,2500.0,USD,2026-05-24
항공,Incheon,아시아,New Delhi,2017,04,,,,2500.0,2400.0,2300.0,USD,2026-05-24
항공,Incheon,아시아,Ulaanbaatar,2017,04,,,,4400.0,4300.0,4200.0,USD,2026-05-24
항공,Incheon,아시아,Hanoi,2017,04,,,,2100.0,2000.0,1900.0,USD,2026-05-24
항공,Incheon,아시아,Hochiminh,2017,04,,,,2300.0,2200.0,2100.0,USD,2026-05-24
항공,Incheon,아시아,HongKong,2017,04,,,,1000.0,900.0,800.0,USD,2026-05-24
항공,Incheon,아시아,Jakarta,2017,04,,,,1850.0,1750.0,1650.0,USD,2026-05-24
항공,Incheon,아시아,MANILA,2017,04,,,,1300.0,1200.0,1100.0,USD,2026-05-24
항공,Incheon,일본,Tokyo,2017,04,,,,1200.0,900.0,900.0,USD,2026-05-24
항공,Incheon,중국,Beijing,2017,04,,,,1300.0,1200.0,1100.0,USD,2026-05-24
항공,Incheon,중국,Dalian,2017,04,,,,2100.0,2000.0,1900.0,USD,2026-05-24
항공,Incheon,중국,Shanghai,2017,04,,,,1200.0,1100.0,1000.0,USD,2026-05-24
항공,Incheon,중국,Tianjin,2017,04,,,,1700.0,1600.0,1500.0,USD,2026-05-24
항공,Incheon,아프리카,Cairo,2017,04,,,,3200.0,3100.0,3000.0,USD,2026-05-24
항공,Incheon,아프리카,Cape Town,2017,04,,,,4500.0,4400.0,4300.0,USD,2026-05-24
항공,Incheon,오세아니아,Auckland,2017,04,,,,3800.0,3700.0,3600.0,USD,2026-05-24
항공,Incheon,오세아니아,Sydney,2017,04,,,,3100.0,3000.0,2900.0,USD,2026-05-24
항공,Incheon,중동,Abu dhabi,2017,04,,,,3100.0,3000.0,2900.0,USD,2026-05-24
항공,Incheon,중동,Dubai,2017,04,,,,2700.0,2600.0,2500.0,USD,2026-05-24
항공,Incheon,중동,Dammam,2017,04,,,,2800.0,2700.0,2600.0,USD,2026-05-24
항공,Incheon,중동,Riyadh,2017,04,,,,2800.0,2700.0,2600.0,USD,2026-05-24
항공,Incheon,중동,Kuwait,2017,04,,,,3300.0,3200.0,3100.0,USD,2026-05-24
항공,Incheon,중동,Tehran,2017,04,,,,3100.0,3000.0,2900.0,USD,2026-05-24
항공,Incheon,러시아,Moscow,2017,04,,,,3400.0,3300.0,3200.0,USD,2026-05-24
항공,Incheon,북미,Chicago,2017,05,,,,4000.0,3900.0,3800.0,USD,2026-05-24
항공,Incheon,북미,Dallas,2017,05,,,,5100.0,5000.0,4900.0,USD,2026-05-24
항공,Incheon,북미,Los Angeles,2017,05,,,,3400.0,3300.0,3200.0,USD,2026-05-24
항공,Incheon,북미,New York,2017,05,,,,4200.0,4100.0,4000.0,USD,2026-05-24
항공,Incheon,북미,Toronto,2017,05,,,,3800.0,3700.0,3600.0,USD,2026-05-24
항공,Incheon,중남미,Mexico City,2017,05,,,,5100.0,5000.0,4900.0,USD,2026-05-24
항공,Incheon,유럽,Amsterdam,2017,05,,,,3100.0,3000.0,2900.0,USD,2026-05-24
항공,Incheon,유럽,Frankfrut,2017,05,,,,2900.0,2800.0,2700.0,USD,2026-05-24
항공,Incheon,유럽,London,2017,05,,,,3300.0,3200.0,3100.0,USD,2026-05-24
항공,Incheon,유럽,Paris,2017,05,,,,2900.0,2800.0,2700.0,USD,2026-05-24
항공,Incheon,아시아,Mumbai,2017,05,,,,2700.0,2600.0,2500.0,USD,2026-05-24
항공,Incheon,아시아,New Delhi,2017,05,,,,2500.0,2400.0,2300.0,USD,2026-05-24
항공,Incheon,아시아,Ulaanbaatar,2017,05,,,,4400.0,4300.0,4200.0,USD,2026-05-24
항공,Incheon,아시아,Hanoi,2017,05,,,,2100.0,2000.0,1900.0,USD,2026-05-24
항공,Incheon,아시아,Hochiminh,2017,05,,,,2300.0,2200.0,2100.0,USD,2026-05-24
항공,Incheon,아시아,HongKong,2017,05,,,,1000.0,900.0,800.0,USD,2026-05-24
항공,Incheon,아시아,Jakarta,2017,05,,,,1700.0,1600.0,1500.0,USD,2026-05-24
항공,Incheon,아시아,MANILA,2017,05,,,,1300.0,1200.0,1100.0,USD,2026-05-24
항공,Incheon,일본,Tokyo,2017,05,,,,1200.0,1100.0,1000.0,USD,2026-05-24
항공,Incheon,중국,Beijing,2017,05,,,,1300.0,1200.0,1100.0,USD,2026-05-24
항공,Incheon,중국,Dalian,2017,05,,,,2100.0,2000.0,1900.0,USD,2026-05-24
항공,Incheon,중국,Shanghai,2017,05,,,,1300.0,1200.0,1100.0,USD,2026-05-24
항공,Incheon,중국,Tianjin,2017,05,,,,1700.0,1600.0,1500.0,USD,2026-05-24
항공,Incheon,아프리카,Cairo,2017,05,,,,3200.0,3100.0,3000.0,USD,2026-05-24
항공,Incheon,아프리카,Cape Town,2017,05,,,,4500.0,4400.0,4300.0,USD,2026-05-24
항공,Incheon,오세아니아,Auckland,2017,05,,,,3800.0,3700.0,3600.0,USD,2026-05-24
항공,Incheon,오세아니아,Sydney,2017,05,,,,3100.0,3000.0,2900.0,USD,2026-05-24
항공,Incheon,중동,Abu dhabi,2017,05,,,,3100.0,3000.0,2900.0,USD,2026-05-24
항공,Incheon,중동,Dubai,2017,05,,,,2700.0,2600.0,2500.0,USD,2026-05-24
항공,Incheon,중동,Dammam,2017,05,,,,2800.0,2700.0,2600.0,USD,2026-05-24
항공,Incheon,중동,Riyadh,2017,05,,,,2800.0,2700.0,2600.0,USD,2026-05-24
항공,Incheon,중동,Kuwait,2017,05,,,,3300.0,3200.0,3100.0,USD,2026-05-24
항공,Incheon,중동,Tehran,2017,05,,,,3100.0,3000.0,2900.0,USD,2026-05-24
항공,Incheon,러시아,Moscow,2017,05,,,,3300.0,3200.0,3100.0,USD,2026-05-24
항공,Incheon,북미,Chicago,2017,06,,,,4000.0,3900.0,3800.0,USD,2026-05-24
항공,Incheon,북미,Dallas,2017,06,,,,5000.0,4900.0,4800.0,USD,2026-05-24
항공,Incheon,북미,Los Angeles,2017,06,,,,3400.0,3300.0,3200.0,USD,2026-05-24
항공,Incheon,북미,New York,2017,06,,,,4200.0,4100.0,4000.0,USD,2026-05-24
항공,Incheon,북미,Toronto,2017,06,,,,3800.0,3700.0,3600.0,USD,2026-05-24
항공,Incheon,중남미,Mexico City,2017,06,,,,5100.0,5000.0,4900.0,USD,2026-05-24
항공,Incheon,유럽,Amsterdam,2017,06,,,,2900.0,2800.0,2700.0,USD,2026-05-24
항공,Incheon,유럽,Frankfrut,2017,06,,,,2900.0,2800.0,2700.0,USD,2026-05-24
항공,Incheon,유럽,London,2017,06,,,,3000.0,2900.0,2800.0,USD,2026-05-24
항공,Incheon,유럽,Paris,2017,06,,,,2800.0,2700.0,2600.0,USD,2026-05-24
항공,Incheon,아시아,Mumbai,2017,06,,,,2500.0,2400.0,2300.0,USD,2026-05-24
항공,Incheon,아시아,New Delhi,2017,06,,,,2500.0,2400.0,2300.0,USD,2026-05-24
항공,Incheon,아시아,Ulaanbaatar,2017,06,,,,4400.0,4300.0,4200.0,USD,2026-05-24
항공,Incheon,아시아,Hanoi,2017,06,,,,2100.0,2000.0,1900.0,USD,2026-05-24
항공,Incheon,아시아,Hochiminh,2017,06,,,,2300.0,2200.0,2100.0,USD,2026-05-24
항공,Incheon,아시아,HongKong,2017,06,,,,1000.0,900.0,800.0,USD,2026-05-24
항공,Incheon,아시아,Jakarta,2017,06,,,,1700.0,1600.0,1500.0,USD,2026-05-24
항공,Incheon,아시아,MANILA,2017,06,,,,1300.0,1200.0,1100.0,USD,2026-05-24
항공,Incheon,일본,Tokyo,2017,06,,,,1200.0,1100.0,1000.0,USD,2026-05-24
항공,Incheon,중국,Beijing,2017,06,,,,1300.0,1200.0,1100.0,USD,2026-05-24
항공,Incheon,중국,Dalian,2017,06,,,,2100.0,2000.0,1900.0,USD,2026-05-24
항공,Incheon,중국,Shanghai,2017,06,,,,1300.0,1200.0,1100.0,USD,2026-05-24
항공,Incheon,중국,Tianjin,2017,06,,,,1500.0,1400.0,1300.0,USD,2026-05-24
항공,Incheon,아프리카,Cairo,2017,06,,,,3200.0,3100.0,3000.0,USD,2026-05-24
항공,Incheon,아프리카,Cape Town,2017,06,,,,4500.0,4400.0,4300.0,USD,2026-05-24
항공,Incheon,오세아니아,Auckland,2017,06,,,,3800.0,3700.0,3600.0,USD,2026-05-24
항공,Incheon,오세아니아,Sydney,2017,06,,,,3100.0,3000.0,2900.0,USD,2026-05-24
항공,Incheon,중동,Abu dhabi,2017,06,,,,3200.0,3100.0,3000.0,USD,2026-05-24
항공,Incheon,중동,Dubai,2017,06,,,,2800.0,2700.0,2600.0,USD,2026-05-24
항공,Incheon,중동,Dammam,2017,06,,,,2900.0,2800.0,2700.0,USD,2026-05-24
항공,Incheon,중동,Riyadh,2017,06,,,,3000.0,2900.0,2800.0,USD,2026-05-24
항공,Incheon,중동,Kuwait,2017,06,,,,3600.0,3500.0,3400.0,USD,2026-05-24
항공,Incheon,중동,Tehran,2017,06,,,,3500.0,3400.0,3300.0,USD,2026-05-24
항공,Incheon,러시아,Moscow,2017,06,,,,3300.0,3200.0,3100.0,USD,2026-05-24
항공,Incheon,북미,Chicago,2017,07,,,,4100.0,4000.0,3900.0,USD,2026-05-24
항공,Incheon,북미,Dallas,2017,07,,,,4900.0,4800.0,4700.0,USD,2026-05-24
항공,Incheon,북미,Los Angeles,2017,07,,,,3300.0,3200.0,3100.0,USD,2026-05-24
항공,Incheon,북미,New York,2017,07,,,,4100.0,4000.0,3900.0,USD,2026-05-24
항공,Incheon,북미,Toronto,2017,07,,,,3900.0,3800.0,3700.0,USD,2026-05-24
항공,Incheon,중남미,Mexico City,2017,07,,,,5500.0,5400.0,5300.0,USD,2026-05-24
항공,Incheon,유럽,Amsterdam,2017,07,,,,2800.0,2700.0,2600.0,USD,2026-05-24
항공,Incheon,유럽,Frankfrut,2017,07,,,,2700.0,2600.0,2500.0,USD,2026-05-24
항공,Incheon,유럽,London,2017,07,,,,3000.0,2900.0,2800.0,USD,2026-05-24
항공,Incheon,유럽,Paris,2017,07,,,,3300.0,3200.0,3100.0,USD,2026-05-24
항공,Incheon,아시아,Mumbai,2017,07,,,,2500.0,2400.0,2300.0,USD,2026-05-24
항공,Incheon,아시아,New Delhi,2017,07,,,,2500.0,2400.0,2300.0,USD,2026-05-24
항공,Incheon,아시아,Ulaanbaatar,2017,07,,,,4500.0,4400.0,4300.0,USD,2026-05-24
항공,Incheon,아시아,Hanoi,2017,07,,,,2100.0,2000.0,1900.0,USD,2026-05-24
항공,Incheon,아시아,Hochiminh,2017,07,,,,2300.0,2200.0,2100.0,USD,2026-05-24
항공,Incheon,아시아,HongKong,2017,07,,,,1000.0,900.0,800.0,USD,2026-05-24
항공,Incheon,아시아,Jakarta,2017,07,,,,1700.0,1600.0,1500.0,USD,2026-05-24
항공,Incheon,아시아,MANILA,2017,07,,,,1300.0,1200.0,1100.0,USD,2026-05-24
항공,Incheon,일본,Tokyo,2017,07,,,,1200.0,1100.0,1000.0,USD,2026-05-24
항공,Incheon,중국,Beijing,2017,07,,,,1300.0,1200.0,1100.0,USD,2026-05-24
항공,Incheon,중국,Dalian,2017,07,,,,2100.0,2000.0,1900.0,USD,2026-05-24
항공,Incheon,중국,Shanghai,2017,07,,,,1300.0,1200.0,1100.0,USD,2026-05-24
항공,Incheon,중국,Tianjin,2017,07,,,,1500.0,1400.0,1300.0,USD,2026-05-24
항공,Incheon,아프리카,Cairo,2017,07,,,,3200.0,3100.0,3000.0,USD,2026-05-24
항공,Incheon,아프리카,Cape Town,2017,07,,,,4500.0,4400.0,4300.0,USD,2026-05-24
항공,Incheon,오세아니아,Auckland,2017,07,,,,3400.0,3300.0,3200.0,USD,2026-05-24
항공,Incheon,오세아니아,Sydney,2017,07,,,,3100.0,3000.0,2900.0,USD,2026-05-24
항공,Incheon,중동,Abu dhabi,2017,07,,,,3100.0,3000.0,2900.0,USD,2026-05-24
항공,Incheon,중동,Dubai,2017,07,,,,2600.0,2500.0,2400.0,USD,2026-05-24
항공,Incheon,중동,Dammam,2017,07,,,,2600.0,2500.0,2400.0,USD,2026-05-24
항공,Incheon,중동,Riyadh,2017,07,,,,2900.0,2800.0,2700.0,USD,2026-05-24
항공,Incheon,중동,Kuwait,2017,07,,,,2800.0,2700.0,2600.0,USD,2026-05-24
항공,Incheon,중동,Tehran,2017,07,,,,2700.0,2600.0,2500.0,USD,2026-05-24
항공,Incheon,러시아,Moscow,2017,07,,,,3300.0,3200.0,3100.0,USD,2026-05-24
항공,Incheon,북미,Chicago,2017,08,,,,4000.0,3900.0,3800.0,USD,2026-05-24
항공,Incheon,북미,Dallas,2017,08,,,,4900.0,4800.0,4700.0,USD,2026-05-24
항공,Incheon,북미,Los Angeles,2017,08,,,,3200.0,3100.0,3000.0,USD,2026-05-24
항공,Incheon,북미,New York,2017,08,,,,4000.0,3900.0,3800.0,USD,2026-05-24
항공,Incheon,북미,Toronto,2017,08,,,,3900.0,3800.0,3700.0,USD,2026-05-24
항공,Incheon,중남미,Mexico City,2017,08,,,,5400.0,5300.0,5200.0,USD,2026-05-24
항공,Incheon,유럽,Amsterdam,2017,08,,,,2800.0,2700.0,2600.0,USD,2026-05-24
항공,Incheon,유럽,Frankfrut,2017,08,,,,2700.0,2600.0,2500.0,USD,2026-05-24
항공,Incheon,유럽,London,2017,08,,,,3000.0,2900.0,2800.0,USD,2026-05-24
항공,Incheon,유럽,Paris,2017,08,,,,2900.0,2800.0,2700.0,USD,2026-05-24
항공,Incheon,아시아,Mumbai,2017,08,,,,2500.0,2400.0,2300.0,USD,2026-05-24
항공,Incheon,아시아,New Delhi,2017,08,,,,2500.0,2400.0,2300.0,USD,2026-05-24
항공,Incheon,아시아,Ulaanbaatar,2017,08,,,,4500.0,4400.0,4300.0,USD,2026-05-24
항공,Incheon,아시아,Hanoi,2017,08,,,,2100.0,2000.0,1900.0,USD,2026-05-24
항공,Incheon,아시아,Hochiminh,2017,08,,,,2150.0,2050.0,1950.0,USD,2026-05-24
항공,Incheon,아시아,HongKong,2017,08,,,,1000.0,900.0,800.0,USD,2026-05-24
항공,Incheon,아시아,Jakarta,2017,08,,,,1900.0,1800.0,1700.0,USD,2026-05-24
항공,Incheon,아시아,MANILA,2017,08,,,,1300.0,1200.0,1100.0,USD,2026-05-24
항공,Incheon,일본,Tokyo,2017,08,,,,1200.0,1100.0,1000.0,USD,2026-05-24
항공,Incheon,중국,Beijing,2017,08,,,,1300.0,1200.0,1100.0,USD,2026-05-24
항공,Incheon,중국,Dalian,2017,08,,,,2100.0,2000.0,1900.0,USD,2026-05-24
항공,Incheon,중국,Shanghai,2017,08,,,,1300.0,1200.0,1100.0,USD,2026-05-24
항공,Incheon,중국,Tianjin,2017,08,,,,1500.0,1400.0,1300.0,USD,2026-05-24
항공,Incheon,아프리카,Cairo,2017,08,,,,3100.0,3000.0,2900.0,USD,2026-05-24
항공,Incheon,아프리카,Cape Town,2017,08,,,,4500.0,4400.0,4300.0,USD,2026-05-24
항공,Incheon,오세아니아,Auckland,2017,08,,,,3200.0,3100.0,3000.0,USD,2026-05-24
항공,Incheon,오세아니아,Sydney,2017,08,,,,3100.0,3000.0,2900.0,USD,2026-05-24
항공,Incheon,중동,Abu dhabi,2017,08,,,,3000.0,2900.0,2800.0,USD,2026-05-24
항공,Incheon,중동,Dubai,2017,08,,,,2600.0,2500.0,2400.0,USD,2026-05-24
항공,Incheon,중동,Dammam,2017,08,,,,2600.0,2500.0,2400.0,USD,2026-05-24
항공,Incheon,중동,Riyadh,2017,08,,,,2900.0,2800.0,2700.0,USD,2026-05-24
항공,Incheon,중동,Kuwait,2017,08,,,,3000.0,2900.0,2800.0,USD,2026-05-24
항공,Incheon,중동,Tehran,2017,08,,,,3300.0,3200.0,3100.0,USD,2026-05-24
항공,Incheon,러시아,Moscow,2017,08,,,,3300.0,3200.0,3100.0,USD,2026-05-24
항공,Incheon,북미,Chicago,2017,09,,,,4500.0,4400.0,4300.0,USD,2026-05-24
항공,Incheon,북미,Dallas,2017,09,,,,5300.0,5200.0,5100.0,USD,2026-05-24
항공,Incheon,북미,Los Angeles,2017,09,,,,4000.0,3900.0,3800.0,USD,2026-05-24
항공,Incheon,북미,New York,2017,09,,,,4600.0,4500.0,4400.0,USD,2026-05-24
항공,Incheon,북미,Toronto,2017,09,,,,4200.0,4100.0,4000.0,USD,2026-05-24
항공,Incheon,중남미,Mexico City,2017,09,,,,5600.0,5500.0,5400.0,USD,2026-05-24
항공,Incheon,유럽,Amsterdam,2017,09,,,,3000.0,2900.0,2800.0,USD,2026-05-24
항공,Incheon,유럽,Frankfrut,2017,09,,,,3000.0,2900.0,2800.0,USD,2026-05-24
항공,Incheon,유럽,London,2017,09,,,,3200.0,3100.0,3000.0,USD,2026-05-24
항공,Incheon,유럽,Paris,2017,09,,,,3200.0,3100.0,3000.0,USD,2026-05-24
항공,Incheon,아시아,Mumbai,2017,09,,,,2500.0,2400.0,2300.0,USD,2026-05-24
항공,Incheon,아시아,New Delhi,2017,09,,,,2500.0,2400.0,2300.0,USD,2026-05-24
항공,Incheon,아시아,Ulaanbaatar,2017,09,,,,4500.0,4400.0,4300.0,USD,2026-05-24
항공,Incheon,아시아,Hanoi,2017,09,,,,2200.0,2100.0,2000.0,USD,2026-05-24
항공,Incheon,아시아,Hochiminh,2017,09,,,,2250.0,2150.0,2050.0,USD,2026-05-24
항공,Incheon,아시아,HongKong,2017,09,,,,1000.0,900.0,800.0,USD,2026-05-24
항공,Incheon,아시아,Jakarta,2017,09,,,,1900.0,1800.0,1700.0,USD,2026-05-24
항공,Incheon,아시아,MANILA,2017,09,,,,1300.0,1200.0,1100.0,USD,2026-05-24
항공,Incheon,일본,Tokyo,2017,09,,,,1200.0,1100.0,1000.0,USD,2026-05-24
항공,Incheon,중국,Beijing,2017,09,,,,1300.0,1200.0,1100.0,USD,2026-05-24
항공,Incheon,중국,Dalian,2017,09,,,,2100.0,2000.0,1900.0,USD,2026-05-24
항공,Incheon,중국,Shanghai,2017,09,,,,1300.0,1200.0,1100.0,USD,2026-05-24
항공,Incheon,중국,Tianjin,2017,09,,,,1500.0,1400.0,1300.0,USD,2026-05-24
항공,Incheon,아프리카,Cairo,2017,09,,,,3100.0,3000.0,2900.0,USD,2026-05-24
항공,Incheon,아프리카,Cape Town,2017,09,,,,4600.0,4500.0,4400.0,USD,2026-05-24
항공,Incheon,오세아니아,Auckland,2017,09,,,,3400.0,3300.0,3200.0,USD,2026-05-24
항공,Incheon,오세아니아,Sydney,2017,09,,,,3200.0,3100.0,3000.0,USD,2026-05-24
항공,Incheon,중동,Abu dhabi,2017,09,,,,3200.0,3100.0,3000.0,USD,2026-05-24
항공,Incheon,중동,Dubai,2017,09,,,,2800.0,2700.0,2600.0,USD,2026-05-24
항공,Incheon,중동,Dammam,2017,09,,,,2900.0,2800.0,2700.0,USD,2026-05-24
항공,Incheon,중동,Riyadh,2017,09,,,,3000.0,2900.0,2800.0,USD,2026-05-24
항공,Incheon,중동,Kuwait,2017,09,,,,3600.0,3500.0,3400.0,USD,2026-05-24
항공,Incheon,중동,Tehran,2017,09,,,,3500.0,3400.0,3300.0,USD,2026-05-24
항공,Incheon,러시아,Moscow,2017,09,,,,3300.0,3200.0,3100.0,USD,2026-05-24
항공,Incheon,북미,Chicago,2017,10,,,,4800.0,4700.0,4600.0,USD,2026-05-24
항공,Incheon,북미,Dallas,2017,10,,,,5300.0,5200.0,5100.0,USD,2026-05-24
항공,Incheon,북미,Los Angeles,2017,10,,,,4300.0,4200.0,4100.0,USD,2026-05-24
항공,Incheon,북미,New York,2017,10,,,,4800.0,4700.0,4600.0,USD,2026-05-24
항공,Incheon,북미,Toronto,2017,10,,,,4100.0,4000.0,3900.0,USD,2026-05-24
항공,Incheon,중남미,Mexico City,2017,10,,,,5900.0,5800.0,5700.0,USD,2026-05-24
항공,Incheon,유럽,Amsterdam,2017,10,,,,3000.0,2900.0,2800.0,USD,2026-05-24
항공,Incheon,유럽,Frankfrut,2017,10,,,,3100.0,3000.0,2900.0,USD,2026-05-24
항공,Incheon,유럽,London,2017,10,,,,3600.0,3500.0,3400.0,USD,2026-05-24
항공,Incheon,유럽,Paris,2017,10,,,,3200.0,3100.0,3000.0,USD,2026-05-24
항공,Incheon,아시아,Mumbai,2017,10,,,,2700.0,2600.0,2500.0,USD,2026-05-24
항공,Incheon,아시아,New Delhi,2017,10,,,,2700.0,2600.0,2500.0,USD,2026-05-24
항공,Incheon,아시아,Ulaanbaatar,2017,10,,,,5100.0,5000.0,4900.0,USD,2026-05-24
항공,Incheon,아시아,Hanoi,2017,10,,,,2200.0,2100.0,2000.0,USD,2026-05-24
항공,Incheon,아시아,Hochiminh,2017,10,,,,2250.0,2150.0,2050.0,USD,2026-05-24
항공,Incheon,아시아,HongKong,2017,10,,,,1000.0,900.0,800.0,USD,2026-05-24
항공,Incheon,아시아,Jakarta,2017,10,,,,1900.0,1800.0,1700.0,USD,2026-05-24
항공,Incheon,아시아,MANILA,2017,10,,,,1500.0,1400.0,1300.0,USD,2026-05-24
항공,Incheon,일본,Tokyo,2017,10,,,,1200.0,1100.0,1000.0,USD,2026-05-24
항공,Incheon,중국,Beijing,2017,10,,,,1300.0,1200.0,1100.0,USD,2026-05-24
항공,Incheon,중국,Dalian,2017,10,,,,2100.0,2000.0,1900.0,USD,2026-05-24
항공,Incheon,중국,Shanghai,2017,10,,,,1300.0,1200.0,1100.0,USD,2026-05-24
항공,Incheon,중국,Tianjin,2017,10,,,,1500.0,1400.0,1300.0,USD,2026-05-24
항공,Incheon,아프리카,Cairo,2017,10,,,,3100.0,3000.0,2900.0,USD,2026-05-24
항공,Incheon,아프리카,Cape Town,2017,10,,,,4700.0,4600.0,4500.0,USD,2026-05-24
항공,Incheon,오세아니아,Auckland,2017,10,,,,3400.0,3300.0,3200.0,USD,2026-05-24
항공,Incheon,오세아니아,Sydney,2017,10,,,,3100.0,3000.0,2900.0,USD,2026-05-24
항공,Incheon,중동,Abu dhabi,2017,10,,,,3000.0,2900.0,2800.0,USD,2026-05-24
항공,Incheon,중동,Dubai,2017,10,,,,2800.0,2700.0,2600.0,USD,2026-05-24
항공,Incheon,중동,Dammam,2017,10,,,,2600.0,2500.0,2400.0,USD,2026-05-24
항공,Incheon,중동,Riyadh,2017,10,,,,3000.0,2900.0,2800.0,USD,2026-05-24
항공,Incheon,중동,Kuwait,2017,10,,,,3000.0,2900.0,2800.0,USD,2026-05-24
항공,Incheon,중동,Tehran,2017,10,,,,3000.0,2900.0,2800.0,USD,2026-05-24
항공,Incheon,러시아,Moscow,2017,10,,,,3400.0,3300.0,3200.0,USD,2026-05-24
항공,Incheon,북미,Chicago,2017,11,,,,5200.0,5100.0,5000.0,USD,2026-05-24
항공,Incheon,북미,Dallas,2017,11,,,,5700.0,5600.0,5500.0,USD,2026-05-24
항공,Incheon,북미,Los Angeles,2017,11,,,,4700.0,4600.0,4500.0,USD,2026-05-24
항공,Incheon,북미,New York,2017,11,,,,5200.0,5100.0,5000.0,USD,2026-05-24
항공,Incheon,북미,Toronto,2017,11,,,,4500.0,4400.0,4300.0,USD,2026-05-24
항공,Incheon,중남미,Mexico City,2017,11,,,,5600.0,5500.0,5400.0,USD,2026-05-24
항공,Incheon,유럽,Amsterdam,2017,11,,,,3300.0,3200.0,3100.0,USD,2026-05-24
항공,Incheon,유럽,Frankfrut,2017,11,,,,3400.0,3300.0,3200.0,USD,2026-05-24
항공,Incheon,유럽,London,2017,11,,,,3800.0,3700.0,3600.0,USD,2026-05-24
항공,Incheon,유럽,Paris,2017,11,,,,3500.0,3400.0,3300.0,USD,2026-05-24
항공,Incheon,아시아,Mumbai,2017,11,,,,2700.0,2600.0,2500.0,USD,2026-05-24
항공,Incheon,아시아,New Delhi,2017,11,,,,2700.0,2600.0,2500.0,USD,2026-05-24
항공,Incheon,아시아,Ulaanbaatar,2017,11,,,,4500.0,4400.0,4300.0,USD,2026-05-24
항공,Incheon,아시아,Hanoi,2017,11,,,,2100.0,2050.0,2000.0,USD,2026-05-24
항공,Incheon,아시아,Hochiminh,2017,11,,,,2100.0,2050.0,2000.0,USD,2026-05-24
항공,Incheon,아시아,HongKong,2017,11,,,,850.0,800.0,750.0,USD,2026-05-24
항공,Incheon,아시아,Jakarta,2017,11,,,,1750.0,1700.0,1650.0,USD,2026-05-24
항공,Incheon,아시아,MANILA,2017,11,,,,1350.0,1300.0,1250.0,USD,2026-05-24
항공,Incheon,일본,Tokyo,2017,11,,,,1050.0,1000.0,950.0,USD,2026-05-24
항공,Incheon,중국,Beijing,2017,11,,,,1150.0,1100.0,1050.0,USD,2026-05-24
항공,Incheon,중국,Dalian,2017,11,,,,1950.0,1900.0,1850.0,USD,2026-05-24
항공,Incheon,중국,Shanghai,2017,11,,,,1150.0,1100.0,1050.0,USD,2026-05-24
항공,Incheon,중국,Tianjin,2017,11,,,,1350.0,1300.0,1250.0,USD,2026-05-24
항공,Incheon,아프리카,Cairo,2017,11,,,,2800.0,2700.0,2600.0,USD,2026-05-24
항공,Incheon,아프리카,Cape Town,2017,11,,,,4900.0,4800.0,4700.0,USD,2026-05-24
항공,Incheon,오세아니아,Auckland,2017,11,,,,3400.0,3300.0,3200.0,USD,2026-05-24
항공,Incheon,오세아니아,Sydney,2017,11,,,,3100.0,3000.0,2900.0,USD,2026-05-24
항공,Incheon,중동,Abu dhabi,2017,11,,,,3200.0,3100.0,3000.0,USD,2026-05-24
항공,Incheon,중동,Dubai,2017,11,,,,2900.0,2800.0,2700.0,USD,2026-05-24
항공,Incheon,중동,Dammam,2017,11,,,,2600.0,2500.0,2400.0,USD,2026-05-24
항공,Incheon,중동,Riyadh,2017,11,,,,3500.0,3400.0,3300.0,USD,2026-05-24
항공,Incheon,중동,Kuwait,2017,11,,,,3500.0,3400.0,3300.0,USD,2026-05-24
항공,Incheon,중동,Tehran,2017,11,,,,3200.0,3100.0,3000.0,USD,2026-05-24
항공,Incheon,러시아,Moscow,2017,11,,,,3400.0,3300.0,3200.0,USD,2026-05-24
항공,Incheon,북미,Chicago,2017,12,,,,5300.0,5200.0,5100.0,USD,2026-05-24
항공,Incheon,북미,Dallas,2017,12,,,,6100.0,6000.0,5900.0,USD,2026-05-24
항공,Incheon,북미,Los Angeles,2017,12,,,,4600.0,4500.0,4400.0,USD,2026-05-24
항공,Incheon,북미,New York,2017,12,,,,5400.0,5300.0,5200.0,USD,2026-05-24
항공,Incheon,북미,Toronto,2017,12,,,,5500.0,5400.0,5300.0,USD,2026-05-24
항공,Incheon,중남미,Mexico City,2017,12,,,,5500.0,5400.0,5300.0,USD,2026-05-24
항공,Incheon,유럽,Amsterdam,2017,12,,,,3900.0,3800.0,3700.0,USD,2026-05-24
항공,Incheon,유럽,Frankfrut,2017,12,,,,3400.0,3300.0,3200.0,USD,2026-05-24
항공,Incheon,유럽,London,2017,12,,,,4100.0,4000.0,3900.0,USD,2026-05-24
항공,Incheon,유럽,Paris,2017,12,,,,2900.0,2800.0,2700.0,USD,2026-05-24
항공,Incheon,아시아,Mumbai,2017,12,,,,2700.0,2600.0,2500.0,USD,2026-05-24
항공,Incheon,아시아,New Delhi,2017,12,,,,2700.0,2600.0,2500.0,USD,2026-05-24
항공,Incheon,아시아,Ulaanbaatar,2017,12,,,,4300.0,4200.0,4100.0,USD,2026-05-24
항공,Incheon,아시아,Hanoi,2017,12,,,,2100.0,2050.0,2000.0,USD,2026-05-24
항공,Incheon,아시아,Hochiminh,2017,12,,,,2100.0,2050.0,2000.0,USD,2026-05-24
항공,Incheon,아시아,HongKong,2017,12,,,,850.0,800.0,750.0,USD,2026-05-24
항공,Incheon,아시아,Jakarta,2017,12,,,,1750.0,1700.0,1650.0,USD,2026-05-24
항공,Incheon,아시아,MANILA,2017,12,,,,1350.0,1300.0,1250.0,USD,2026-05-24
항공,Incheon,일본,Tokyo,2017,12,,,,1050.0,1000.0,950.0,USD,2026-05-24
항공,Incheon,중국,Beijing,2017,12,,,,1150.0,1100.0,1050.0,USD,2026-05-24
항공,Incheon,중국,Dalian,2017,12,,,,1950.0,1900.0,1850.0,USD,2026-05-24
항공,Incheon,중국,Shanghai,2017,12,,,,1150.0,1100.0,1050.0,USD,2026-05-24
항공,Incheon,중국,Tianjin,2017,12,,,,1350.0,1300.0,1250.0,USD,2026-05-24
항공,Incheon,아프리카,Cairo,2017,12,,,,2700.0,2600.0,2500.0,USD,2026-05-24
항공,Incheon,아프리카,Cape Town,2017,12,,,,4500.0,4400.0,4300.0,USD,2026-05-24
항공,Incheon,오세아니아,Auckland,2017,12,,,,2800.0,2700.0,2600.0,USD,2026-05-24
항공,Incheon,오세아니아,Sydney,2017,12,,,,3100.0,3000.0,2900.0,USD,2026-05-24
항공,Incheon,중동,Abu dhabi,2017,12,,,,3200.0,3100.0,3000.0,USD,2026-05-24
항공,Incheon,중동,Dubai,2017,12,,,,2900.0,2800.0,2700.0,USD,2026-05-24
항공,Incheon,중동,Dammam,2017,12,,,,2600.0,2500.0,2400.0,USD,2026-05-24
항공,Incheon,중동,Riyadh,2017,12,,,,2700.0,2600.0,2500.0,USD,2026-05-24
항공,Incheon,중동,Kuwait,2017,12,,,,2900.0,2800.0,2700.0,USD,2026-05-24
항공,Incheon,중동,Tehran,2017,12,,,,3100.0,3000.0,2900.0,USD,2026-05-24
항공,Incheon,러시아,Moscow,2017,12,,,,3700.0,3600.0,3500.0,USD,2026-05-24
항공,Incheon,북미,Chicago,2018,01,,,,4600.0,4500.0,4400.0,USD,2026-05-24
항공,Incheon,북미,Dallas,2018,01,,,,5300.0,5200.0,5100.0,USD,2026-05-24
항공,Incheon,북미,Los Angeles,2018,01,,,,4300.0,4200.0,4100.0,USD,2026-05-24
항공,Incheon,북미,New York,2018,01,,,,4800.0,4700.0,4600.0,USD,2026-05-24
항공,Incheon,북미,Toronto,2018,01,,,,4300.0,4200.0,4100.0,USD,2026-05-24
항공,Incheon,중남미,Mexico City,2018,01,,,,5800.0,5700.0,5600.0,USD,2026-05-24
항공,Incheon,유럽,Amsterdam,2018,01,,,,3400.0,3300.0,3200.0,USD,2026-05-24
항공,Incheon,유럽,Frankfrut,2018,01,,,,3300.0,3200.0,3100.0,USD,2026-05-24
항공,Incheon,유럽,London,2018,01,,,,3500.0,3400.0,3300.0,USD,2026-05-24
항공,Incheon,유럽,Paris,2018,01,,,,3600.0,3500.0,3400.0,USD,2026-05-24
항공,Incheon,아시아,Mumbai,2018,01,,,,2700.0,2600.0,2500.0,USD,2026-05-24
항공,Incheon,아시아,New Delhi,2018,01,,,,2700.0,2600.0,2500.0,USD,2026-05-24
항공,Incheon,아시아,Ulaanbaatar,2018,01,,,,4500.0,4400.0,4300.0,USD,2026-05-24
항공,Incheon,아시아,Hanoi,2018,01,,,,2150.0,2100.0,2050.0,USD,2026-05-24
항공,Incheon,아시아,Hochiminh,2018,01,,,,2250.0,2200.0,2150.0,USD,2026-05-24
항공,Incheon,아시아,HongKong,2018,01,,,,850.0,800.0,750.0,USD,2026-05-24
항공,Incheon,아시아,Jakarta,2018,01,,,,1750.0,1700.0,1650.0,USD,2026-05-24
항공,Incheon,아시아,MANILA,2018,01,,,,1650.0,1600.0,1550.0,USD,2026-05-24
항공,Incheon,일본,Tokyo,2018,01,,,,1050.0,1000.0,950.0,USD,2026-05-24
항공,Incheon,중국,Beijing,2018,01,,,,1150.0,1100.0,1050.0,USD,2026-05-24
항공,Incheon,중국,Dalian,2018,01,,,,1850.0,1800.0,1750.0,USD,2026-05-24
항공,Incheon,중국,Shanghai,2018,01,,,,1050.0,1000.0,950.0,USD,2026-05-24
항공,Incheon,중국,Tianjin,2018,01,,,,1250.0,1200.0,1150.0,USD,2026-05-24
항공,Incheon,아프리카,Cairo,2018,01,,,,2800.0,2700.0,2600.0,USD,2026-05-24
항공,Incheon,아프리카,Cape Town,2018,01,,,,4900.0,4800.0,4700.0,USD,2026-05-24
항공,Incheon,오세아니아,Auckland,2018,01,,,,3200.0,3100.0,3000.0,USD,2026-05-24
항공,Incheon,오세아니아,Sydney,2018,01,,,,3100.0,3000.0,2900.0,USD,2026-05-24
항공,Incheon,중동,Abu dhabi,2018,01,,,,3200.0,3100.0,3000.0,USD,2026-05-24
항공,Incheon,중동,Dubai,2018,01,,,,2900.0,2800.0,2700.0,USD,2026-05-24
항공,Incheon,중동,Dammam,2018,01,,,,2600.0,2500.0,2400.0,USD,2026-05-24
항공,Incheon,중동,Riyadh,2018,01,,,,3500.0,3400.0,3300.0,USD,2026-05-24
항공,Incheon,중동,Kuwait,2018,01,,,,3700.0,3600.0,3500.0,USD,2026-05-24
항공,Incheon,중동,Tehran,2018,01,,,,3200.0,3100.0,3000.0,USD,2026-05-24
항공,Incheon,러시아,Moscow,2018,01,,,,3600.0,3500.0,3400.0,USD,2026-05-24
항공,Incheon,북미,Chicago,2018,02,,,,4400.0,4300.0,4200.0,USD,2026-05-24
항공,Incheon,북미,Dallas,2018,02,,,,5100.0,5000.0,4900.0,USD,2026-05-24
항공,Incheon,북미,Los Angeles,2018,02,,,,4000.0,3900.0,3800.0,USD,2026-05-24
항공,Incheon,북미,New York,2018,02,,,,4400.0,4300.0,4200.0,USD,2026-05-24
항공,Incheon,북미,Toronto,2018,02,,,,4200.0,4100.0,4000.0,USD,2026-05-24
항공,Incheon,중남미,Mexico City,2018,02,,,,5800.0,5700.0,5600.0,USD,2026-05-24
항공,Incheon,유럽,Amsterdam,2018,02,,,,3200.0,3100.0,3000.0,USD,2026-05-24
항공,Incheon,유럽,Frankfrut,2018,02,,,,3100.0,3000.0,2900.0,USD,2026-05-24
항공,Incheon,유럽,London,2018,02,,,,3500.0,3400.0,3300.0,USD,2026-05-24
항공,Incheon,유럽,Paris,2018,02,,,,3400.0,3300.0,3200.0,USD,2026-05-24
항공,Incheon,아시아,Mumbai,2018,02,,,,2800.0,2700.0,2600.0,USD,2026-05-24
항공,Incheon,아시아,New Delhi,2018,02,,,,2700.0,2600.0,2500.0,USD,2026-05-24
항공,Incheon,아시아,Ulaanbaatar,2018,02,,,,4250.0,4150.0,4050.0,USD,2026-05-24
항공,Incheon,아시아,Hanoi,2018,02,,,,2100.0,2000.0,1900.0,USD,2026-05-24
항공,Incheon,아시아,Hochiminh,2018,02,,,,2150.0,2050.0,1950.0,USD,2026-05-24
항공,Incheon,아시아,HongKong,2018,02,,,,1000.0,900.0,800.0,USD,2026-05-24
항공,Incheon,아시아,Jakarta,2018,02,,,,1800.0,1700.0,1600.0,USD,2026-05-24
항공,Incheon,아시아,MANILA,2018,02,,,,1400.0,1300.0,1200.0,USD,2026-05-24
항공,Incheon,일본,Tokyo,2018,02,,,,1200.0,1100.0,1000.0,USD,2026-05-24
항공,Incheon,중국,Beijing,2018,02,,,,1300.0,1200.0,1100.0,USD,2026-05-24
항공,Incheon,중국,Dalian,2018,02,,,,2000.0,1900.0,1800.0,USD,2026-05-24
항공,Incheon,중국,Shanghai,2018,02,,,,1300.0,1200.0,1100.0,USD,2026-05-24
항공,Incheon,중국,Tianjin,2018,02,,,,1400.0,1300.0,1200.0,USD,2026-05-24
항공,Incheon,아프리카,Cairo,2018,02,,,,2800.0,2700.0,2600.0,USD,2026-05-24
항공,Incheon,아프리카,Cape Town,2018,02,,,,4900.0,4800.0,4700.0,USD,2026-05-24
항공,Incheon,오세아니아,Auckland,2018,02,,,,3200.0,3100.0,3000.0,USD,2026-05-24
항공,Incheon,오세아니아,Sydney,2018,02,,,,3100.0,3000.0,2900.0,USD,2026-05-24
항공,Incheon,중동,Abu dhabi,2018,02,,,,3200.0,3100.0,3000.0,USD,2026-05-24
항공,Incheon,중동,Dubai,2018,02,,,,2900.0,2800.0,2700.0,USD,2026-05-24
항공,Incheon,중동,Dammam,2018,02,,,,2600.0,2500.0,2400.0,USD,2026-05-24
항공,Incheon,중동,Riyadh,2018,02,,,,3500.0,3400.0,3300.0,USD,2026-05-24
항공,Incheon,중동,Kuwait,2018,02,,,,3700.0,3600.0,3500.0,USD,2026-05-24
항공,Incheon,중동,Tehran,2018,02,,,,3200.0,3100.0,3000.0,USD,2026-05-24
항공,Incheon,러시아,Moscow,2018,02,,,,3500.0,3400.0,3300.0,USD,2026-05-24
항공,Incheon,북미,Chicago,2018,03,,,,4200.0,4100.0,4000.0,USD,2026-05-24
항공,Incheon,북미,Dallas,2018,03,,,,5300.0,5200.0,5100.0,USD,2026-05-24
항공,Incheon,북미,Los Angeles,2018,03,,,,3600.0,3500.0,3400.0,USD,2026-05-24
항공,Incheon,북미,New York,2018,03,,,,4200.0,4100.0,4000.0,USD,2026-05-24
항공,Incheon,북미,Toronto,2018,03,,,,4200.0,4100.0,4000.0,USD,2026-05-24
항공,Incheon,중남미,Mexico City,2018,03,,,,5800.0,5700.0,5600.0,USD,2026-05-24
항공,Incheon,유럽,Amsterdam,2018,03,,,,3200.0,3100.0,3000.0,USD,2026-05-24
항공,Incheon,유럽,Frankfrut,2018,03,,,,3200.0,3100.0,3000.0,USD,2026-05-24
항공,Incheon,유럽,London,2018,03,,,,3400.0,3300.0,3200.0,USD,2026-05-24
항공,Incheon,유럽,Paris,2018,03,,,,3400.0,3300.0,3200.0,USD,2026-05-24
항공,Incheon,아시아,Mumbai,2018,03,,,,2500.0,2400.0,2300.0,USD,2026-05-24
항공,Incheon,아시아,New Delhi,2018,03,,,,2500.0,2400.0,2300.0,USD,2026-05-24
항공,Incheon,아시아,Ulaanbaatar,2018,03,,,,4200.0,4100.0,4000.0,USD,2026-05-24
항공,Incheon,아시아,Hanoi,2018,03,,,,2100.0,2000.0,1900.0,USD,2026-05-24
항공,Incheon,아시아,Hochiminh,2018,03,,,,2200.0,2100.0,2000.0,USD,2026-05-24
항공,Incheon,아시아,HongKong,2018,03,,,,1000.0,900.0,800.0,USD,2026-05-24
항공,Incheon,아시아,Jakarta,2018,03,,,,1800.0,1700.0,1600.0,USD,2026-05-24
항공,Incheon,아시아,MANILA,2018,03,,,,1400.0,1300.0,1200.0,USD,2026-05-24
항공,Incheon,일본,Tokyo,2018,03,,,,1150.0,1050.0,950.0,USD,2026-05-24
항공,Incheon,중국,Beijing,2018,03,,,,1300.0,1200.0,1100.0,USD,2026-05-24
항공,Incheon,중국,Dalian,2018,03,,,,2000.0,1900.0,1800.0,USD,2026-05-24
항공,Incheon,중국,Shanghai,2018,03,,,,1100.0,1000.0,900.0,USD,2026-05-24
항공,Incheon,중국,Tianjin,2018,03,,,,1500.0,1400.0,1300.0,USD,2026-05-24
항공,Incheon,아프리카,Cairo,2018,03,,,,2700.0,2600.0,2500.0,USD,2026-05-24
항공,Incheon,아프리카,Cape Town,2018,03,,,,4600.0,4500.0,4400.0,USD,2026-05-24
항공,Incheon,오세아니아,Auckland,2018,03,,,,3200.0,3100.0,3000.0,USD,2026-05-24
항공,Incheon,오세아니아,Sydney,2018,03,,,,3100.0,3000.0,2900.0,USD,2026-05-24
항공,Incheon,중동,Abu dhabi,2018,03,,,,3200.0,3100.0,3000.0,USD,2026-05-24
항공,Incheon,중동,Dubai,2018,03,,,,2800.0,2700.0,2600.0,USD,2026-05-24
항공,Incheon,중동,Dammam,2018,03,,,,2600.0,2500.0,2400.0,USD,2026-05-24
항공,Incheon,중동,Riyadh,2018,03,,,,2700.0,2600.0,2500.0,USD,2026-05-24
항공,Incheon,중동,Kuwait,2018,03,,,,3000.0,2900.0,2800.0,USD,2026-05-24
항공,Incheon,중동,Tehran,2018,03,,,,3100.0,3000.0,2900.0,USD,2026-05-24
항공,Incheon,러시아,Moscow,2018,03,,,,3500.0,3400.0,3300.0,USD,2026-05-24
항공,Incheon,북미,Chicago,2018,04,,,,3900.0,3800.0,3700.0,USD,2026-05-24
항공,Incheon,북미,Dallas,2018,04,,,,4500.0,4400.0,4300.0,USD,2026-05-24
항공,Incheon,북미,Los Angeles,2018,04,,,,3300.0,3200.0,3100.0,USD,2026-05-24
항공,Incheon,북미,New York,2018,04,,,,3800.0,3700.0,3600.0,USD,2026-05-24
항공,Incheon,북미,Toronto,2018,04,,,,4200.0,4100.0,4000.0,USD,2026-05-24
항공,Incheon,중남미,Mexico City,2018,04,,,,5800.0,5700.0,5600.0,USD,2026-05-24
항공,Incheon,유럽,Amsterdam,2018,04,,,,3200.0,3100.0,3000.0,USD,2026-05-24
항공,Incheon,유럽,Frankfrut,2018,04,,,,3200.0,3100.0,3000.0,USD,2026-05-24
항공,Incheon,유럽,London,2018,04,,,,3400.0,3300.0,3200.0,USD,2026-05-24
항공,Incheon,유럽,Paris,2018,04,,,,3400.0,3300.0,3200.0,USD,2026-05-24
항공,Incheon,아시아,Mumbai,2018,04,,,,2500.0,2400.0,2300.0,USD,2026-05-24
항공,Incheon,아시아,New Delhi,2018,04,,,,2300.0,2300.0,2500.0,USD,2026-05-24
항공,Incheon,아시아,Ulaanbaatar,2018,04,,,,4200.0,4100.0,4000.0,USD,2026-05-24
항공,Incheon,아시아,Hanoi,2018,04,,,,2050.0,1950.0,1850.0,USD,2026-05-24
항공,Incheon,아시아,Hochiminh,2018,04,,,,2050.0,1950.0,1850.0,USD,2026-05-24
항공,Incheon,아시아,HongKong,2018,04,,,,1000.0,900.0,800.0,USD,2026-05-24
항공,Incheon,아시아,Jakarta,2018,04,,,,1700.0,1600.0,1500.0,USD,2026-05-24
항공,Incheon,아시아,MANILA,2018,04,,,,1250.0,1150.0,1050.0,USD,2026-05-24
항공,Incheon,일본,Tokyo,2018,04,,,,1150.0,1050.0,950.0,USD,2026-05-24
항공,Incheon,중국,Beijing,2018,04,,,,1300.0,1200.0,1100.0,USD,2026-05-24
항공,Incheon,중국,Dalian,2018,04,,,,2000.0,1900.0,1800.0,USD,2026-05-24
항공,Incheon,중국,Shanghai,2018,04,,,,1100.0,1000.0,900.0,USD,2026-05-24
항공,Incheon,중국,Tianjin,2018,04,,,,1500.0,1400.0,1300.0,USD,2026-05-24
항공,Incheon,아프리카,Cairo,2018,04,,,,2700.0,2600.0,2500.0,USD,2026-05-24
항공,Incheon,아프리카,Cape Town,2018,04,,,,4600.0,4500.0,4400.0,USD,2026-05-24
항공,Incheon,오세아니아,Auckland,2018,04,,,,3200.0,3100.0,3000.0,USD,2026-05-24
항공,Incheon,오세아니아,Sydney,2018,04,,,,3100.0,3000.0,2900.0,USD,2026-05-24
항공,Incheon,중동,Abu dhabi,2018,04,,,,3100.0,3000.0,2900.0,USD,2026-05-24
항공,Incheon,중동,Dubai,2018,04,,,,2600.0,2500.0,2400.0,USD,2026-05-24
항공,Incheon,중동,Dammam,2018,04,,,,2600.0,2500.0,2400.0,USD,2026-05-24
항공,Incheon,중동,Riyadh,2018,04,,,,2700.0,2600.0,2500.0,USD,2026-05-24
항공,Incheon,중동,Kuwait,2018,04,,,,3000.0,2900.0,2800.0,USD,2026-05-24
항공,Incheon,중동,Tehran,2018,04,,,,3100.0,3000.0,2900.0,USD,2026-05-24
항공,Incheon,러시아,Moscow,2018,04,,,,3200.0,3100.0,3000.0,USD,2026-05-24
항공,Incheon,북미,Chicago,2018,05,,,,3900.0,3800.0,3700.0,USD,2026-05-24
항공,Incheon,북미,Dallas,2018,05,,,,4900.0,4800.0,4700.0,USD,2026-05-24
항공,Incheon,북미,Los Angeles,2018,05,,,,3200.0,3100.0,3000.0,USD,2026-05-24
항공,Incheon,북미,New York,2018,05,,,,3800.0,3700.0,3600.0,USD,2026-05-24
항공,Incheon,북미,Toronto,2018,05,,,,4200.0,4100.0,4000.0,USD,2026-05-24
항공,Incheon,중남미,Mexico City,2018,05,,,,5600.0,5500.0,5400.0,USD,2026-05-24
항공,Incheon,유럽,Amsterdam,2018,05,,,,3200.0,3100.0,3000.0,USD,2026-05-24
항공,Incheon,유럽,Frankfrut,2018,05,,,,3100.0,3000.0,2900.0,USD,2026-05-24
항공,Incheon,유럽,London,2018,05,,,,3300.0,3200.0,3100.0,USD,2026-05-24
항공,Incheon,유럽,Paris,2018,05,,,,3300.0,3200.0,3100.0,USD,2026-05-24
항공,Incheon,아시아,Mumbai,2018,05,,,,2350.0,2300.0,2250.0,USD,2026-05-24
항공,Incheon,아시아,New Delhi,2018,05,,,,2850.0,2800.0,2750.0,USD,2026-05-24
항공,Incheon,아시아,Ulaanbaatar,2018,05,,,,4150.0,4050.0,3950.0,USD,2026-05-24
항공,Incheon,아시아,Hanoi,2018,05,,,,1950.0,1900.0,1850.0,USD,2026-05-24
항공,Incheon,아시아,Hochiminh,2018,05,,,,1950.0,1900.0,1850.0,USD,2026-05-24
항공,Incheon,아시아,HongKong,2018,05,,,,800.0,750.0,700.0,USD,2026-05-24
항공,Incheon,아시아,Jakarta,2018,05,,,,1650.0,1600.0,1550.0,USD,2026-05-24
항공,Incheon,아시아,MANILA,2018,05,,,,1150.0,1100.0,1050.0,USD,2026-05-24
항공,Incheon,일본,Tokyo,2018,05,,,,950.0,850.0,850.0,USD,2026-05-24
항공,Incheon,중국,Beijing,2018,05,,,,1150.0,1100.0,1050.0,USD,2026-05-24
항공,Incheon,중국,Dalian,2018,05,,,,1850.0,1800.0,1750.0,USD,2026-05-24
항공,Incheon,중국,Shanghai,2018,05,,,,950.0,900.0,850.0,USD,2026-05-24
항공,Incheon,중국,Tianjin,2018,05,,,,1250.0,1200.0,1150.0,USD,2026-05-24
항공,Incheon,아프리카,Cairo,2018,05,,,,2700.0,2600.0,2500.0,USD,2026-05-24
항공,Incheon,아프리카,Cape Town,2018,05,,,,4600.0,4500.0,4400.0,USD,2026-05-24
항공,Incheon,오세아니아,Auckland,2018,05,,,,3200.0,3100.0,3000.0,USD,2026-05-24
항공,Incheon,오세아니아,Sydney,2018,05,,,,3100.0,3000.0,2900.0,USD,2026-05-24
항공,Incheon,중동,Abu dhabi,2018,05,,,,3100.0,3000.0,2900.0,USD,2026-05-24
항공,Incheon,중동,Dubai,2018,05,,,,2600.0,2500.0,2400.0,USD,2026-05-24
항공,Incheon,중동,Dammam,2018,05,,,,2600.0,2500.0,2400.0,USD,2026-05-24
항공,Incheon,중동,Riyadh,2018,05,,,,2700.0,2600.0,2500.0,USD,2026-05-24
항공,Incheon,중동,Kuwait,2018,05,,,,3000.0,2900.0,2800.0,USD,2026-05-24
항공,Incheon,중동,Tehran,2018,05,,,,3100.0,3000.0,2900.0,USD,2026-05-24
항공,Incheon,러시아,Moscow,2018,05,,,,3200.0,3100.0,3000.0,USD,2026-05-24
항공,Incheon,북미,Chicago,2018,06,,,,3900.0,3800.0,3700.0,USD,2026-05-24
항공,Incheon,북미,Dallas,2018,06,,,,4600.0,4500.0,4400.0,USD,2026-05-24
항공,Incheon,북미,Los Angeles,2018,06,,,,3200.0,3100.0,3000.0,USD,2026-05-24
항공,Incheon,북미,New York,2018,06,,,,4000.0,3900.0,3800.0,USD,2026-05-24
항공,Incheon,북미,Toronto,2018,06,,,,4200.0,4100.0,4000.0,USD,2026-05-24
항공,Incheon,중남미,Mexico City,2018,06,,,,5300.0,5200.0,5100.0,USD,2026-05-24
항공,Incheon,유럽,Amsterdam,2018,06,,,,3200.0,3100.0,3000.0,USD,2026-05-24
항공,Incheon,유럽,Frankfrut,2018,06,,,,3100.0,3000.0,2900.0,USD,2026-05-24
항공,Incheon,유럽,London,2018,06,,,,3300.0,3200.0,3100.0,USD,2026-05-24
항공,Incheon,유럽,Paris,2018,06,,,,3300.0,3200.0,3100.0,USD,2026-05-24
항공,Incheon,아시아,Mumbai,2018,06,,,,2650.0,2600.0,2550.0,USD,2026-05-24
항공,Incheon,아시아,New Delhi,2018,06,,,,2500.0,2450.0,2400.0,USD,2026-05-24
항공,Incheon,아시아,Ulaanbaatar,2018,06,,,,4250.0,4150.0,4050.0,USD,2026-05-24
항공,Incheon,아시아,Hanoi,2018,06,,,,1950.0,1900.0,1850.0,USD,2026-05-24
항공,Incheon,아시아,Hochiminh,2018,06,,,,1950.0,1900.0,1850.0,USD,2026-05-24
항공,Incheon,아시아,HongKong,2018,06,,,,950.0,850.0,750.0,USD,2026-05-24
항공,Incheon,아시아,Jakarta,2018,06,,,,1700.0,1650.0,1600.0,USD,2026-05-24
항공,Incheon,아시아,MANILA,2018,06,,,,1250.0,1200.0,1150.0,USD,2026-05-24
항공,Incheon,일본,Tokyo,2018,06,,,,1150.0,1050.0,950.0,USD,2026-05-24
항공,Incheon,중국,Beijing,2018,06,,,,1300.0,1200.0,1100.0,USD,2026-05-24
항공,Incheon,중국,Dalian,2018,06,,,,2000.0,1900.0,1800.0,USD,2026-05-24
항공,Incheon,중국,Shanghai,2018,06,,,,1200.0,1100.0,1000.0,USD,2026-05-24
항공,Incheon,중국,Tianjin,2018,06,,,,1500.0,1400.0,1300.0,USD,2026-05-24
항공,Incheon,아프리카,Cairo,2018,06,,,,2700.0,2600.0,2500.0,USD,2026-05-24
항공,Incheon,아프리카,Cape Town,2018,06,,,,4600.0,4500.0,4400.0,USD,2026-05-24
항공,Incheon,오세아니아,Auckland,2018,06,,,,3200.0,3100.0,3000.0,USD,2026-05-24
항공,Incheon,오세아니아,Sydney,2018,06,,,,3100.0,3000.0,2900.0,USD,2026-05-24
항공,Incheon,중동,Abu dhabi,2018,06,,,,3100.0,3000.0,2900.0,USD,2026-05-24
항공,Incheon,중동,Dubai,2018,06,,,,2500.0,2400.0,2300.0,USD,2026-05-24
항공,Incheon,중동,Dammam,2018,06,,,,2600.0,2500.0,2400.0,USD,2026-05-24
항공,Incheon,중동,Riyadh,2018,06,,,,2700.0,2600.0,2500.0,USD,2026-05-24
항공,Incheon,중동,Kuwait,2018,06,,,,2900.0,2800.0,2700.0,USD,2026-05-24
항공,Incheon,중동,Tehran,2018,06,,,,3100.0,3000.0,2900.0,USD,2026-05-24
항공,Incheon,러시아,Moscow,2018,06,,,,3100.0,3000.0,2900.0,USD,2026-05-24
항공,Incheon,북미,Chicago,2018,07,,,,3900.0,3800.0,3700.0,USD,2026-05-24
항공,Incheon,북미,Dallas,2018,07,,,,4600.0,4500.0,4400.0,USD,2026-05-24
항공,Incheon,북미,Los Angeles,2018,07,,,,3200.0,3100.0,3000.0,USD,2026-05-24
항공,Incheon,북미,New York,2018,07,,,,4000.0,3900.0,3800.0,USD,2026-05-24
항공,Incheon,북미,Toronto,2018,07,,,,4200.0,4100.0,4000.0,USD,2026-05-24
항공,Incheon,중남미,Mexico City,2018,07,,,,5200.0,5100.0,5000.0,USD,2026-05-24
항공,Incheon,유럽,Amsterdam,2018,07,,,,3200.0,3100.0,3000.0,USD,2026-05-24
항공,Incheon,유럽,Frankfrut,2018,07,,,,3200.0,3100.0,3000.0,USD,2026-05-24
항공,Incheon,유럽,London,2018,07,,,,3200.0,3100.0,3000.0,USD,2026-05-24
항공,Incheon,유럽,Paris,2018,07,,,,3200.0,3100.0,3000.0,USD,2026-05-24
항공,Incheon,아시아,Mumbai,2018,07,,,,2650.0,2600.0,2550.0,USD,2026-05-24
항공,Incheon,아시아,New Delhi,2018,07,,,,2500.0,2450.0,2400.0,USD,2026-05-24
항공,Incheon,아시아,Ulaanbaatar,2018,07,,,,4250.0,4150.0,4050.0,USD,2026-05-24
항공,Incheon,아시아,Hanoi,2018,07,,,,1950.0,1900.0,1850.0,USD,2026-05-24
항공,Incheon,아시아,Hochiminh,2018,07,,,,1950.0,1900.0,1850.0,USD,2026-05-24
항공,Incheon,아시아,HongKong,2018,07,,,,950.0,850.0,750.0,USD,2026-05-24
항공,Incheon,아시아,Jakarta,2018,07,,,,1700.0,1650.0,1600.0,USD,2026-05-24
항공,Incheon,아시아,MANILA,2018,07,,,,1250.0,1200.0,1150.0,USD,2026-05-24
항공,Incheon,일본,Tokyo,2018,07,,,,1150.0,1050.0,950.0,USD,2026-05-24
항공,Incheon,중국,Beijing,2018,07,,,,1300.0,1200.0,1100.0,USD,2026-05-24
항공,Incheon,중국,Dalian,2018,07,,,,2000.0,1900.0,1800.0,USD,2026-05-24
항공,Incheon,중국,Shanghai,2018,07,,,,1300.0,1200.0,1100.0,USD,2026-05-24
항공,Incheon,중국,Tianjin,2018,07,,,,1500.0,1400.0,1300.0,USD,2026-05-24
항공,Incheon,아프리카,Cairo,2018,07,,,,2700.0,2600.0,2500.0,USD,2026-05-24
항공,Incheon,아프리카,Cape Town,2018,07,,,,4400.0,4300.0,4200.0,USD,2026-05-24
항공,Incheon,오세아니아,Auckland,2018,07,,,,3200.0,3100.0,3000.0,USD,2026-05-24
항공,Incheon,오세아니아,Sydney,2018,07,,,,3100.0,3000.0,2900.0,USD,2026-05-24
항공,Incheon,중동,Abu dhabi,2018,07,,,,3100.0,3000.0,2900.0,USD,2026-05-24
항공,Incheon,중동,Dubai,2018,07,,,,2500.0,2400.0,2300.0,USD,2026-05-24
항공,Incheon,중동,Dammam,2018,07,,,,2600.0,2500.0,2400.0,USD,2026-05-24
항공,Incheon,중동,Riyadh,2018,07,,,,2700.0,2600.0,2500.0,USD,2026-05-24
항공,Incheon,중동,Kuwait,2018,07,,,,2900.0,2800.0,2700.0,USD,2026-05-24
항공,Incheon,중동,Tehran,2018,07,,,,3100.0,3000.0,2900.0,USD,2026-05-24
항공,Incheon,러시아,Moscow,2018,07,,,,3100.0,3000.0,2900.0,USD,2026-05-24
항공,Incheon,북미,Chicago,2018,08,,,,4100.0,4000.0,3900.0,USD,2026-05-24
항공,Incheon,북미,Dallas,2018,08,,,,4500.0,4400.0,4300.0,USD,2026-05-24
항공,Incheon,북미,Los Angeles,2018,08,,,,3300.0,3200.0,3100.0,USD,2026-05-24
항공,Incheon,북미,New York,2018,08,,,,3900.0,3800.0,3700.0,USD,2026-05-24
항공,Incheon,북미,Toronto,2018,08,,,,4200.0,4100.0,4000.0,USD,2026-05-24
항공,Incheon,중남미,Mexico City,2018,08,,,,5700.0,5600.0,5500.0,USD,2026-05-24
항공,Incheon,유럽,Amsterdam,2018,08,,,,3200.0,3100.0,3000.0,USD,2026-05-24
항공,Incheon,유럽,Frankfrut,2018,08,,,,2900.0,2800.0,2700.0,USD,2026-05-24
항공,Incheon,유럽,London,2018,08,,,,3200.0,3100.0,3000.0,USD,2026-05-24
항공,Incheon,유럽,Paris,2018,08,,,,3200.0,3100.0,3000.0,USD,2026-05-24
항공,Incheon,아시아,Mumbai,2018,08,,,,2650.0,2600.0,2550.0,USD,2026-05-24
항공,Incheon,아시아,New Delhi,2018,08,,,,2500.0,2450.0,2400.0,USD,2026-05-24
항공,Incheon,아시아,Ulaanbaatar,2018,08,,,,4250.0,4150.0,4050.0,USD,2026-05-24
항공,Incheon,아시아,Hanoi,2018,08,,,,1950.0,1900.0,1850.0,USD,2026-05-24
항공,Incheon,아시아,Hochiminh,2018,08,,,,1950.0,1900.0,1850.0,USD,2026-05-24
항공,Incheon,아시아,HongKong,2018,08,,,,800.0,750.0,700.0,USD,2026-05-24
항공,Incheon,아시아,Jakarta,2018,08,,,,1700.0,1650.0,1600.0,USD,2026-05-24
항공,Incheon,아시아,MANILA,2018,08,,,,1250.0,1200.0,1150.0,USD,2026-05-24
항공,Incheon,일본,Tokyo,2018,08,,,,1000.0,950.0,900.0,USD,2026-05-24
항공,Incheon,중국,Beijing,2018,08,,,,1150.0,1100.0,1050.0,USD,2026-05-24
항공,Incheon,중국,Dalian,2018,08,,,,2050.0,2000.0,1950.0,USD,2026-05-24
항공,Incheon,중국,Shanghai,2018,08,,,,1150.0,1100.0,1050.0,USD,2026-05-24
항공,Incheon,중국,Tianjin,2018,08,,,,1350.0,1300.0,1250.0,USD,2026-05-24
항공,Incheon,아프리카,Cairo,2018,08,,,,2700.0,2600.0,2500.0,USD,2026-05-24
항공,Incheon,아프리카,Cape Town,2018,08,,,,4400.0,4300.0,4200.0,USD,2026-05-24
항공,Incheon,오세아니아,Auckland,2018,08,,,,3200.0,3100.0,3000.0,USD,2026-05-24
항공,Incheon,오세아니아,Sydney,2018,08,,,,3100.0,3000.0,2900.0,USD,2026-05-24
항공,Incheon,중동,Abu dhabi,2018,08,,,,3100.0,3000.0,2900.0,USD,2026-05-24
항공,Incheon,중동,Dubai,2018,08,,,,2500.0,2400.0,2300.0,USD,2026-05-24
항공,Incheon,중동,Dammam,2018,08,,,,2600.0,2500.0,2400.0,USD,2026-05-24
항공,Incheon,중동,Riyadh,2018,08,,,,2700.0,2600.0,2500.0,USD,2026-05-24
항공,Incheon,중동,Kuwait,2018,08,,,,2900.0,2800.0,2700.0,USD,2026-05-24
항공,Incheon,중동,Tehran,2018,08,,,,3100.0,3000.0,2900.0,USD,2026-05-24
항공,Incheon,러시아,Moscow,2018,08,,,,3000.0,2900.0,2800.0,USD,2026-05-24
항공,Incheon,북미,Chicago,2018,09,,,,5300.0,5200.0,5100.0,USD,2026-05-24
항공,Incheon,북미,Dallas,2018,09,,,,5400.0,5300.0,5200.0,USD,2026-05-24
항공,Incheon,북미,Los Angeles,2018,09,,,,4300.0,4200.0,4100.0,USD,2026-05-24
항공,Incheon,북미,New York,2018,09,,,,4200.0,4100.0,4000.0,USD,2026-05-24
항공,Incheon,북미,Toronto,2018,09,,,,4700.0,4600.0,4500.0,USD,2026-05-24
항공,Incheon,중남미,Mexico City,2018,09,,,,5900.0,5800.0,5700.0,USD,2026-05-24
항공,Incheon,유럽,Amsterdam,2018,09,,,,3300.0,3200.0,3100.0,USD,2026-05-24
항공,Incheon,유럽,Frankfrut,2018,09,,,,3100.0,3000.0,2900.0,USD,2026-05-24
항공,Incheon,유럽,London,2018,09,,,,3400.0,3300.0,3200.0,USD,2026-05-24
항공,Incheon,유럽,Paris,2018,09,,,,3400.0,3300.0,3200.0,USD,2026-05-24
항공,Incheon,아시아,Mumbai,2018,09,,,,2750.0,2700.0,2650.0,USD,2026-05-24
항공,Incheon,아시아,New Delhi,2018,09,,,,2500.0,2450.0,2400.0,USD,2026-05-24
항공,Incheon,아시아,Ulaanbaatar,2018,09,,,,4250.0,4150.0,4050.0,USD,2026-05-24
항공,Incheon,아시아,Hanoi,2018,09,,,,1950.0,1900.0,1850.0,USD,2026-05-24
항공,Incheon,아시아,Hochiminh,2018,09,,,,1950.0,1900.0,1850.0,USD,2026-05-24
항공,Incheon,아시아,HongKong,2018,09,,,,800.0,750.0,700.0,USD,2026-05-24
항공,Incheon,아시아,Jakarta,2018,09,,,,1700.0,1650.0,1600.0,USD,2026-05-24
항공,Incheon,아시아,MANILA,2018,09,,,,1250.0,1200.0,1150.0,USD,2026-05-24
항공,Incheon,일본,Tokyo,2018,09,,,,1000.0,950.0,900.0,USD,2026-05-24
항공,Incheon,중국,Beijing,2018,09,,,,1150.0,1100.0,1050.0,USD,2026-05-24
항공,Incheon,중국,Dalian,2018,09,,,,2050.0,2000.0,1950.0,USD,2026-05-24
항공,Incheon,중국,Shanghai,2018,09,,,,1250.0,1200.0,1150.0,USD,2026-05-24
항공,Incheon,중국,Tianjin,2018,09,,,,1350.0,1300.0,1250.0,USD,2026-05-24
항공,Incheon,아프리카,Cairo,2018,09,,,,2900.0,2800.0,2700.0,USD,2026-05-24
항공,Incheon,아프리카,Cape Town,2018,09,,,,4700.0,4600.0,4500.0,USD,2026-05-24
항공,Incheon,오세아니아,Auckland,2018,09,,,,3200.0,3100.0,3000.0,USD,2026-05-24
항공,Incheon,오세아니아,Sydney,2018,09,,,,3100.0,3000.0,2900.0,USD,2026-05-24
항공,Incheon,중동,Abu dhabi,2018,09,,,,3200.0,3100.0,3000.0,USD,2026-05-24
항공,Incheon,중동,Dubai,2018,09,,,,2800.0,2700.0,2600.0,USD,2026-05-24
항공,Incheon,중동,Dammam,2018,09,,,,2800.0,2700.0,2600.0,USD,2026-05-24
항공,Incheon,중동,Riyadh,2018,09,,,,3000.0,2900.0,2800.0,USD,2026-05-24
항공,Incheon,중동,Kuwait,2018,09,,,,3200.0,3100.0,3000.0,USD,2026-05-24
항공,Incheon,중동,Tehran,2018,09,,,,3600.0,3500.0,3400.0,USD,2026-05-24
항공,Incheon,러시아,Moscow,2018,09,,,,3000.0,2900.0,2800.0,USD,2026-05-24
항공,Incheon,북미,Chicago,2018,10,,,,5300.0,5200.0,5100.0,USD,2026-05-24
항공,Incheon,북미,Dallas,2018,10,,,,5400.0,5300.0,5200.0,USD,2026-05-24
항공,Incheon,북미,Los Angeles,2018,10,,,,4500.0,4400.0,4300.0,USD,2026-05-24
항공,Incheon,북미,New York,2018,10,,,,4800.0,4700.0,4600.0,USD,2026-05-24
항공,Incheon,북미,Toronto,2018,10,,,,4800.0,4700.0,4600.0,USD,2026-05-24
항공,Incheon,중남미,Mexico City,2018,10,,,,6000.0,5900.0,5800.0,USD,2026-05-24
항공,Incheon,유럽,Amsterdam,2018,10,,,,3400.0,3300.0,3200.0,USD,2026-05-24
항공,Incheon,유럽,Frankfrut,2018,10,,,,3200.0,3100.0,3000.0,USD,2026-05-24
항공,Incheon,유럽,London,2018,10,,,,3400.0,3300.0,3200.0,USD,2026-05-24
항공,Incheon,유럽,Paris,2018,10,,,,3400.0,3300.0,3200.0,USD,2026-05-24
항공,Incheon,아시아,Mumbai,2018,10,,,,2750.0,2700.0,2650.0,USD,2026-05-24
항공,Incheon,아시아,New Delhi,2018,10,,,,2050.0,2000.0,1950.0,USD,2026-05-24
항공,Incheon,아시아,Ulaanbaatar,2018,10,,,,4250.0,4150.0,4050.0,USD,2026-05-24
항공,Incheon,아시아,Hanoi,2018,10,,,,1950.0,1900.0,1850.0,USD,2026-05-24
항공,Incheon,아시아,Hochiminh,2018,10,,,,1950.0,1900.0,1850.0,USD,2026-05-24
항공,Incheon,아시아,HongKong,2018,10,,,,800.0,750.0,700.0,USD,2026-05-24
항공,Incheon,아시아,Jakarta,2018,10,,,,1700.0,1650.0,1600.0,USD,2026-05-24
항공,Incheon,아시아,MANILA,2018,10,,,,1250.0,1200.0,1150.0,USD,2026-05-24
항공,Incheon,일본,Tokyo,2018,10,,,,1000.0,950.0,900.0,USD,2026-05-24
항공,Incheon,중국,Beijing,2018,10,,,,1150.0,1100.0,1050.0,USD,2026-05-24
항공,Incheon,중국,Dalian,2018,10,,,,2050.0,2000.0,1950.0,USD,2026-05-24
항공,Incheon,중국,Shanghai,2018,10,,,,950.0,900.0,850.0,USD,2026-05-24
항공,Incheon,중국,Tianjin,2018,10,,,,1350.0,1300.0,1250.0,USD,2026-05-24
항공,Incheon,아프리카,Cairo,2018,10,,,,2900.0,2800.0,2700.0,USD,2026-05-24
항공,Incheon,아프리카,Cape Town,2018,10,,,,4600.0,4500.0,4400.0,USD,2026-05-24
항공,Incheon,오세아니아,Auckland,2018,10,,,,3200.0,3100.0,3000.0,USD,2026-05-24
항공,Incheon,오세아니아,Sydney,2018,10,,,,3000.0,2900.0,2800.0,USD,2026-05-24
항공,Incheon,중동,Abu dhabi,2018,10,,,,3100.0,3000.0,2900.0,USD,2026-05-24
항공,Incheon,중동,Dubai,2018,10,,,,2700.0,2600.0,2500.0,USD,2026-05-24
항공,Incheon,중동,Dammam,2018,10,,,,2700.0,2600.0,2500.0,USD,2026-05-24
항공,Incheon,중동,Riyadh,2018,10,,,,2800.0,2700.0,2600.0,USD,2026-05-24
항공,Incheon,중동,Kuwait,2018,10,,,,3000.0,2900.0,2800.0,USD,2026-05-24
항공,Incheon,중동,Tehran,2018,10,,,,3100.0,3000.0,2900.0,USD,2026-05-24
항공,Incheon,러시아,Moscow,2018,10,,,,3300.0,3200.0,3100.0,USD,2026-05-24
항공,Incheon,북미,Chicago,2018,11,,,,5300.0,5200.0,5100.0,USD,2026-05-24
항공,Incheon,북미,Dallas,2018,11,,,,5600.0,5500.0,5400.0,USD,2026-05-24
항공,Incheon,북미,Los Angeles,2018,11,,,,4600.0,4500.0,4400.0,USD,2026-05-24
항공,Incheon,북미,New York,2018,11,,,,5100.0,5000.0,4900.0,USD,2026-05-24
항공,Incheon,북미,Toronto,2018,11,,,,4800.0,4700.0,4600.0,USD,2026-05-24
항공,Incheon,중남미,Mexico City,2018,11,,,,5900.0,5800.0,5700.0,USD,2026-05-24
항공,Incheon,유럽,Amsterdam,2018,11,,,,3600.0,3500.0,3400.0,USD,2026-05-24
항공,Incheon,유럽,Frankfrut,2018,11,,,,3600.0,3500.0,3400.0,USD,2026-05-24
항공,Incheon,유럽,London,2018,11,,,,3600.0,3500.0,3400.0,USD,2026-05-24
항공,Incheon,유럽,Paris,2018,11,,,,3600.0,3500.0,3400.0,USD,2026-05-24
항공,Incheon,아시아,Mumbai,2018,11,,,,2450.0,2400.0,2350.0,USD,2026-05-24
항공,Incheon,아시아,New Delhi,2018,11,,,,2350.0,2300.0,2250.0,USD,2026-05-24
항공,Incheon,아시아,Ulaanbaatar,2018,11,,,,4250.0,4150.0,4050.0,USD,2026-05-24
항공,Incheon,아시아,Hanoi,2018,11,,,,1950.0,1900.0,1850.0,USD,2026-05-24
항공,Incheon,아시아,Hochiminh,2018,11,,,,2050.0,2000.0,1950.0,USD,2026-05-24
항공,Incheon,아시아,HongKong,2018,11,,,,800.0,750.0,700.0,USD,2026-05-24
항공,Incheon,아시아,Jakarta,2018,11,,,,1450.0,1400.0,1350.0,USD,2026-05-24
항공,Incheon,아시아,MANILA,2018,11,,,,1250.0,1200.0,1150.0,USD,2026-05-24
항공,Incheon,일본,Tokyo,2018,11,,,,1000.0,950.0,900.0,USD,2026-05-24
항공,Incheon,중국,Beijing,2018,11,,,,1150.0,1100.0,1050.0,USD,2026-05-24
항공,Incheon,중국,Dalian,2018,11,,,,2050.0,2000.0,1950.0,USD,2026-05-24
항공,Incheon,중국,Shanghai,2018,11,,,,950.0,900.0,850.0,USD,2026-05-24
항공,Incheon,중국,Tianjin,2018,11,,,,1350.0,1300.0,1250.0,USD,2026-05-24
항공,Incheon,아프리카,Cairo,2018,11,,,,2900.0,2800.0,2700.0,USD,2026-05-24
항공,Incheon,아프리카,Cape Town,2018,11,,,,4600.0,4500.0,4400.0,USD,2026-05-24
항공,Incheon,오세아니아,Auckland,2018,11,,,,3050.0,2950.0,2850.0,USD,2026-05-24
항공,Incheon,오세아니아,Sydney,2018,11,,,,3450.0,3350.0,3250.0,USD,2026-05-24
항공,Incheon,중동,Abu dhabi,2018,11,,,,3000.0,2900.0,2800.0,USD,2026-05-24
항공,Incheon,중동,Dubai,2018,11,,,,2800.0,2700.0,2600.0,USD,2026-05-24
항공,Incheon,중동,Dammam,2018,11,,,,2700.0,2600.0,2500.0,USD,2026-05-24
항공,Incheon,중동,Riyadh,2018,11,,,,2800.0,2700.0,2600.0,USD,2026-05-24
항공,Incheon,중동,Kuwait,2018,11,,,,3000.0,2900.0,2800.0,USD,2026-05-24
항공,Incheon,중동,Tehran,2018,11,,,,3100.0,3000.0,2900.0,USD,2026-05-24
항공,Incheon,러시아,Moscow,2018,11,,,,3000.0,2900.0,2800.0,USD,2026-05-24
항공,Incheon,북미,Chicago,2018,12,,,,4700.0,4600.0,4500.0,USD,2026-05-24
항공,Incheon,북미,Dallas,2018,12,,,,5100.0,5000.0,4900.0,USD,2026-05-24
항공,Incheon,북미,Los Angeles,2018,12,,,,4000.0,3900.0,3800.0,USD,2026-05-24
항공,Incheon,북미,New York,2018,12,,,,5100.0,5000.0,4900.0,USD,2026-05-24
항공,Incheon,북미,Toronto,2018,12,,,,4700.0,4600.0,4500.0,USD,2026-05-24
항공,Incheon,중남미,Mexico City,2018,12,,,,5900.0,5800.0,5700.0,USD,2026-05-24
항공,Incheon,유럽,Amsterdam,2018,12,,,,4200.0,4100.0,4000.0,USD,2026-05-24
항공,Incheon,유럽,Frankfrut,2018,12,,,,4200.0,4100.0,4000.0,USD,2026-05-24
항공,Incheon,유럽,London,2018,12,,,,4200.0,4100.0,4000.0,USD,2026-05-24
항공,Incheon,유럽,Paris,2018,12,,,,4200.0,4100.0,4000.0,USD,2026-05-24
항공,Incheon,아시아,Mumbai,2018,12,,,,2450.0,2400.0,2350.0,USD,2026-05-24
항공,Incheon,아시아,New Delhi,2018,12,,,,2350.0,2300.0,2250.0,USD,2026-05-24
항공,Incheon,아시아,Ulaanbaatar,2018,12,,,,4250.0,4150.0,4050.0,USD,2026-05-24
항공,Incheon,아시아,Hanoi,2018,12,,,,1950.0,1900.0,1850.0,USD,2026-05-24
항공,Incheon,아시아,Hochiminh,2018,12,,,,2050.0,2000.0,1950.0,USD,2026-05-24
항공,Incheon,아시아,HongKong,2018,12,,,,800.0,750.0,700.0,USD,2026-05-24
항공,Incheon,아시아,Jakarta,2018,12,,,,1450.0,1400.0,1350.0,USD,2026-05-24
항공,Incheon,아시아,MANILA,2018,12,,,,1250.0,1200.0,1150.0,USD,2026-05-24
항공,Incheon,일본,Tokyo,2018,12,,,,1000.0,950.0,900.0,USD,2026-05-24
항공,Incheon,중국,Beijing,2018,12,,,,1150.0,1100.0,1050.0,USD,2026-05-24
항공,Incheon,중국,Dalian,2018,12,,,,2050.0,2000.0,1950.0,USD,2026-05-24
항공,Incheon,중국,Shanghai,2018,12,,,,950.0,900.0,850.0,USD,2026-05-24
항공,Incheon,중국,Tianjin,2018,12,,,,1350.0,1300.0,1250.0,USD,2026-05-24
항공,Incheon,아프리카,Cairo,2018,12,,,,2800.0,2700.0,2600.0,USD,2026-05-24
항공,Incheon,아프리카,Cape Town,2018,12,,,,4500.0,4400.0,4300.0,USD,2026-05-24
항공,Incheon,오세아니아,Auckland,2018,12,,,,3050.0,2950.0,2850.0,USD,2026-05-24
항공,Incheon,오세아니아,Sydney,2018,12,,,,3100.0,3000.0,2900.0,USD,2026-05-24
항공,Incheon,중동,Abu dhabi,2018,12,,,,3000.0,2900.0,2800.0,USD,2026-05-24
항공,Incheon,중동,Dubai,2018,12,,,,3000.0,2900.0,2800.0,USD,2026-05-24
항공,Incheon,중동,Dammam,2018,12,,,,2700.0,2600.0,2500.0,USD,2026-05-24
항공,Incheon,중동,Riyadh,2018,12,,,,2800.0,2700.0,2600.0,USD,2026-05-24
항공,Incheon,중동,Kuwait,2018,12,,,,3000.0,2900.0,2800.0,USD,2026-05-24
항공,Incheon,중동,Tehran,2018,12,,,,3800.0,3700.0,3600.0,USD,2026-05-24
항공,Incheon,러시아,Moscow,2018,12,,,,3000.0,2900.0,2800.0,USD,2026-05-24
항공,Incheon,북미,Chicago,2019,01,,,,4700.0,4600.0,4500.0,USD,2026-05-24
항공,Incheon,북미,Dallas,2019,01,,,,4900.0,4800.0,4700.0,USD,2026-05-24
항공,Incheon,북미,Los Angeles,2019,01,,,,3900.0,3800.0,3700.0,USD,2026-05-24
항공,Incheon,북미,New York,2019,01,,,,4300.0,4200.0,4100.0,USD,2026-05-24
항공,Incheon,북미,Toronto,2019,01,,,,4700.0,4600.0,4500.0,USD,2026-05-24
항공,Incheon,중남미,Mexico City,2019,01,,,,5900.0,5800.0,5700.0,USD,2026-05-24
항공,Incheon,유럽,Amsterdam,2019,01,,,,3200.0,3100.0,3000.0,USD,2026-05-24
항공,Incheon,유럽,Frankfrut,2019,01,,,,3200.0,3100.0,3000.0,USD,2026-05-24
항공,Incheon,유럽,London,2019,01,,,,3400.0,3300.0,3200.0,USD,2026-05-24
항공,Incheon,유럽,Paris,2019,01,,,,3400.0,3300.0,3200.0,USD,2026-05-24
항공,Incheon,아시아,Mumbai,2019,01,,,,2500.0,2400.0,2300.0,USD,2026-05-24
항공,Incheon,아시아,New Delhi,2019,01,,,,2500.0,2400.0,2300.0,USD,2026-05-24
항공,Incheon,아시아,Ulaanbaatar,2019,01,,,,4250.0,4150.0,4050.0,USD,2026-05-24
항공,Incheon,아시아,Hanoi,2019,01,,,,2100.0,2000.0,1900.0,USD,2026-05-24
항공,Incheon,아시아,Hochiminh,2019,01,,,,2100.0,2000.0,1900.0,USD,2026-05-24
항공,Incheon,아시아,HongKong,2019,01,,,,800.0,750.0,700.0,USD,2026-05-24
항공,Incheon,아시아,Jakarta,2019,01,,,,1600.0,1500.0,1400.0,USD,2026-05-24
항공,Incheon,아시아,MANILA,2019,01,,,,1300.0,1200.0,1100.0,USD,2026-05-24
항공,Incheon,일본,Tokyo,2019,01,,,,1050.0,1000.0,950.0,USD,2026-05-24
항공,Incheon,중국,Beijing,2019,01,,,,1150.0,1100.0,1050.0,USD,2026-05-24
항공,Incheon,중국,Dalian,2019,01,,,,2050.0,2000.0,1950.0,USD,2026-05-24
항공,Incheon,중국,Shanghai,2019,01,,,,850.0,800.0,750.0,USD,2026-05-24
항공,Incheon,중국,Tianjin,2019,01,,,,1350.0,1300.0,1250.0,USD,2026-05-24
항공,Incheon,아프리카,Cairo,2019,01,,,,2800.0,2700.0,2600.0,USD,2026-05-24
항공,Incheon,아프리카,Cape Town,2019,01,,,,4500.0,4400.0,4300.0,USD,2026-05-24
항공,Incheon,오세아니아,Auckland,2019,01,,,,3050.0,2950.0,2850.0,USD,2026-05-24
항공,Incheon,오세아니아,Sydney,2019,01,,,,3450.0,3350.0,3250.0,USD,2026-05-24
항공,Incheon,중동,Abu dhabi,2019,01,,,,3000.0,2900.0,2800.0,USD,2026-05-24
항공,Incheon,중동,Dubai,2019,01,,,,2700.0,2600.0,2500.0,USD,2026-05-24
항공,Incheon,중동,Dammam,2019,01,,,,2700.0,2600.0,2500.0,USD,2026-05-24
항공,Incheon,중동,Riyadh,2019,01,,,,2800.0,2700.0,2600.0,USD,2026-05-24
항공,Incheon,중동,Kuwait,2019,01,,,,2900.0,2800.0,2700.0,USD,2026-05-24
항공,Incheon,중동,Tehran,2019,01,,,,3600.0,3500.0,3400.0,USD,2026-05-24
항공,Incheon,러시아,Moscow,2019,01,,,,3000.0,2900.0,2800.0,USD,2026-05-24
항공,Incheon,북미,Chicago,2019,02,,,,4300.0,4200.0,4100.0,USD,2026-05-24
항공,Incheon,북미,Dallas,2019,02,,,,4900.0,4800.0,4700.0,USD,2026-05-24
항공,Incheon,북미,Los Angeles,2019,02,,,,3300.0,3200.0,3100.0,USD,2026-05-24
항공,Incheon,북미,New York,2019,02,,,,4200.0,4100.0,4000.0,USD,2026-05-24
항공,Incheon,북미,Toronto,2019,02,,,,4500.0,4400.0,4300.0,USD,2026-05-24
항공,Incheon,중남미,Mexico City,2019,02,,,,5900.0,5800.0,5700.0,USD,2026-05-24
항공,Incheon,유럽,Amsterdam,2019,02,,,,3200.0,3100.0,3000.0,USD,2026-05-24
항공,Incheon,유럽,Frankfrut,2019,02,,,,3600.0,3500.0,3400.0,USD,2026-05-24
항공,Incheon,유럽,London,2019,02,,,,3700.0,3600.0,3500.0,USD,2026-05-24
항공,Incheon,유럽,Paris,2019,02,,,,3300.0,3200.0,3100.0,USD,2026-05-24
항공,Incheon,아시아,Mumbai,2019,02,,,,2500.0,2400.0,2300.0,USD,2026-05-24
항공,Incheon,아시아,New Delhi,2019,02,,,,2500.0,2400.0,2300.0,USD,2026-05-24
항공,Incheon,아시아,Ulaanbaatar,2019,02,,,,4250.0,4150.0,4050.0,USD,2026-05-24
항공,Incheon,아시아,Hanoi,2019,02,,,,2050.0,1950.0,1850.0,USD,2026-05-24
항공,Incheon,아시아,Hochiminh,2019,02,,,,2150.0,2050.0,1950.0,USD,2026-05-24
항공,Incheon,아시아,HongKong,2019,02,,,,750.0,700.0,650.0,USD,2026-05-24
항공,Incheon,아시아,Jakarta,2019,02,,,,1800.0,1700.0,1600.0,USD,2026-05-24
항공,Incheon,아시아,MANILA,2019,02,,,,1300.0,1200.0,1100.0,USD,2026-05-24
항공,Incheon,일본,Tokyo,2019,02,,,,1050.0,1000.0,950.0,USD,2026-05-24
항공,Incheon,중국,Beijing,2019,02,,,,1150.0,1100.0,1050.0,USD,2026-05-24
항공,Incheon,중국,Dalian,2019,02,,,,2050.0,2000.0,1950.0,USD,2026-05-24
항공,Incheon,중국,Shanghai,2019,02,,,,850.0,800.0,750.0,USD,2026-05-24
항공,Incheon,중국,Tianjin,2019,02,,,,1350.0,1300.0,1250.0,USD,2026-05-24
항공,Incheon,아프리카,Cairo,2019,02,,,,2800.0,2700.0,2600.0,USD,2026-05-24
항공,Incheon,아프리카,Cape Town,2019,02,,,,4200.0,4100.0,4000.0,USD,2026-05-24
항공,Incheon,오세아니아,Auckland,2019,02,,,,2950.0,2850.0,2750.0,USD,2026-05-24
항공,Incheon,오세아니아,Sydney,2019,02,,,,3100.0,3000.0,2900.0,USD,2026-05-24
항공,Incheon,중동,Abu dhabi,2019,02,,,,3000.0,2900.0,2800.0,USD,2026-05-24
항공,Incheon,중동,Dubai,2019,02,,,,2700.0,2600.0,2500.0,USD,2026-05-24
항공,Incheon,중동,Dammam,2019,02,,,,2700.0,2600.0,2500.0,USD,2026-05-24
항공,Incheon,중동,Riyadh,2019,02,,,,2800.0,2700.0,2600.0,USD,2026-05-24
항공,Incheon,중동,Kuwait,2019,02,,,,2900.0,2800.0,2700.0,USD,2026-05-24
항공,Incheon,중동,Tehran,2019,02,,,,3300.0,3200.0,3100.0,USD,2026-05-24
항공,Incheon,러시아,Moscow,2019,02,,,,3000.0,2900.0,2800.0,USD,2026-05-24
항공,Incheon,북미,Chicago,2019,03,,,,4600.0,4500.0,4400.0,USD,2026-05-24
항공,Incheon,북미,Dallas,2019,03,,,,4700.0,4600.0,4500.0,USD,2026-05-24
항공,Incheon,북미,Los Angeles,2019,03,,,,3300.0,3200.0,3100.0,USD,2026-05-24
항공,Incheon,북미,New York,2019,03,,,,4500.0,4400.0,4300.0,USD,2026-05-24
항공,Incheon,북미,Toronto,2019,03,,,,4600.0,4500.0,4400.0,USD,2026-05-24
항공,Incheon,중남미,Mexico City,2019,03,,,,5600.0,5500.0,5400.0,USD,2026-05-24
항공,Incheon,유럽,Amsterdam,2019,03,,,,3300.0,3200.0,3100.0,USD,2026-05-24
항공,Incheon,유럽,Frankfrut,2019,03,,,,3100.0,3000.0,2900.0,USD,2026-05-24
항공,Incheon,유럽,London,2019,03,,,,3500.0,3400.0,3300.0,USD,2026-05-24
항공,Incheon,유럽,Paris,2019,03,,,,3500.0,3400.0,3300.0,USD,2026-05-24
항공,Incheon,아시아,Mumbai,2019,03,,,,2350.0,2300.0,2250.0,USD,2026-05-24
항공,Incheon,아시아,New Delhi,2019,03,,,,2350.0,2300.0,2250.0,USD,2026-05-24
항공,Incheon,아시아,Ulaanbaatar,2019,03,,,,4250.0,4150.0,4050.0,USD,2026-05-24
항공,Incheon,아시아,Hanoi,2019,03,,,,1850.0,1800.0,1750.0,USD,2026-05-24
항공,Incheon,아시아,Hochiminh,2019,03,,,,1950.0,1900.0,1850.0,USD,2026-05-24
항공,Incheon,아시아,HongKong,2019,03,,,,750.0,700.0,650.0,USD,2026-05-24
항공,Incheon,아시아,Jakarta,2019,03,,,,1650.0,1600.0,1550.0,USD,2026-05-24
항공,Incheon,아시아,MANILA,2019,03,,,,1150.0,1100.0,1050.0,USD,2026-05-24
항공,Incheon,일본,Tokyo,2019,03,,,,1050.0,1000.0,950.0,USD,2026-05-24
항공,Incheon,중국,Beijing,2019,03,,,,1150.0,1100.0,1050.0,USD,2026-05-24
항공,Incheon,중국,Dalian,2019,03,,,,2050.0,2000.0,1950.0,USD,2026-05-24
항공,Incheon,중국,Shanghai,2019,03,,,,850.0,800.0,750.0,USD,2026-05-24
항공,Incheon,중국,Tianjin,2019,03,,,,1350.0,1300.0,1250.0,USD,2026-05-24
항공,Incheon,아프리카,Cairo,2019,03,,,,2800.0,2700.0,2600.0,USD,2026-05-24
항공,Incheon,아프리카,Cape Town,2019,03,,,,4200.0,4100.0,4000.0,USD,2026-05-24
항공,Incheon,오세아니아,Auckland,2019,03,,,,2950.0,2850.0,2750.0,USD,2026-05-24
항공,Incheon,오세아니아,Sydney,2019,03,,,,3100.0,3000.0,2900.0,USD,2026-05-24
항공,Incheon,중동,Abu dhabi,2019,03,,,,3000.0,2900.0,2800.0,USD,2026-05-24
항공,Incheon,중동,Dubai,2019,03,,,,2700.0,2600.0,2500.0,USD,2026-05-24
항공,Incheon,중동,Dammam,2019,03,,,,2700.0,2600.0,2500.0,USD,2026-05-24
항공,Incheon,중동,Riyadh,2019,03,,,,2800.0,2700.0,2600.0,USD,2026-05-24
항공,Incheon,중동,Kuwait,2019,03,,,,2900.0,2800.0,2700.0,USD,2026-05-24
항공,Incheon,중동,Tehran,2019,03,,,,3300.0,3200.0,3100.0,USD,2026-05-24
항공,Incheon,러시아,Moscow,2019,03,,,,3000.0,2900.0,2800.0,USD,2026-05-24
항공,Incheon,북미,Chicago,2019,04,,,,3600.0,3500.0,3400.0,USD,2026-05-24
항공,Incheon,북미,Dallas,2019,04,,,,3900.0,3800.0,3700.0,USD,2026-05-24
항공,Incheon,북미,Los Angeles,2019,04,,,,2700.0,2600.0,2500.0,USD,2026-05-24
항공,Incheon,북미,New York,2019,04,,,,3400.0,3300.0,3200.0,USD,2026-05-24
항공,Incheon,북미,Toronto,2019,04,,,,4400.0,4300.0,4200.0,USD,2026-05-24
항공,Incheon,중남미,Mexico City,2019,04,,,,4400.0,4300.0,4200.0,USD,2026-05-24
항공,Incheon,유럽,Amsterdam,2019,04,,,,3600.0,3500.0,3400.0,USD,2026-05-24
항공,Incheon,유럽,Frankfrut,2019,04,,,,3600.0,3500.0,3400.0,USD,2026-05-24
항공,Incheon,유럽,London,2019,04,,,,3700.0,3600.0,3500.0,USD,2026-05-24
항공,Incheon,유럽,Paris,2019,04,,,,3700.0,3600.0,3500.0,USD,2026-05-24
항공,Incheon,아시아,Mumbai,2019,04,,,,2350.0,2300.0,2250.0,USD,2026-05-24
항공,Incheon,아시아,New Delhi,2019,04,,,,2350.0,2300.0,2250.0,USD,2026-05-24
항공,Incheon,아시아,Ulaanbaatar,2019,04,,,,4250.0,4150.0,4050.0,USD,2026-05-24
항공,Incheon,아시아,Hanoi,2019,04,,,,1850.0,1800.0,1750.0,USD,2026-05-24
항공,Incheon,아시아,Hochiminh,2019,04,,,,1950.0,1900.0,1850.0,USD,2026-05-24
항공,Incheon,아시아,HongKong,2019,04,,,,750.0,700.0,650.0,USD,2026-05-24
항공,Incheon,아시아,Jakarta,2019,04,,,,1650.0,1600.0,1550.0,USD,2026-05-24
항공,Incheon,아시아,MANILA,2019,04,,,,1150.0,1100.0,1050.0,USD,2026-05-24
항공,Incheon,일본,Tokyo,2019,04,,,,1050.0,1000.0,950.0,USD,2026-05-24
항공,Incheon,중국,Beijing,2019,04,,,,1150.0,1100.0,1050.0,USD,2026-05-24
항공,Incheon,중국,Dalian,2019,04,,,,2050.0,2000.0,1950.0,USD,2026-05-24
항공,Incheon,중국,Shanghai,2019,04,,,,850.0,800.0,750.0,USD,2026-05-24
항공,Incheon,중국,Tianjin,2019,04,,,,1350.0,1300.0,1250.0,USD,2026-05-24
항공,Incheon,아프리카,Cairo,2019,04,,,,2800.0,2700.0,2600.0,USD,2026-05-24
항공,Incheon,아프리카,Cape Town,2019,04,,,,4200.0,4100.0,4000.0,USD,2026-05-24
항공,Incheon,오세아니아,Auckland,2019,04,,,,2950.0,2850.0,2750.0,USD,2026-05-24
항공,Incheon,오세아니아,Sydney,2019,04,,,,3100.0,3000.0,2900.0,USD,2026-05-24
항공,Incheon,중동,Abu dhabi,2019,04,,,,3000.0,2900.0,2800.0,USD,2026-05-24
항공,Incheon,중동,Dubai,2019,04,,,,2600.0,2500.0,2400.0,USD,2026-05-24
항공,Incheon,중동,Dammam,2019,04,,,,2700.0,2600.0,2500.0,USD,2026-05-24
항공,Incheon,중동,Riyadh,2019,04,,,,2800.0,2700.0,2600.0,USD,2026-05-24
항공,Incheon,중동,Kuwait,2019,04,,,,2800.0,2700.0,2600.0,USD,2026-05-24
항공,Incheon,중동,Tehran,2019,04,,,,3300.0,3200.0,3100.0,USD,2026-05-24
항공,Incheon,러시아,Moscow,2019,04,,,,3000.0,2900.0,2800.0,USD,2026-05-24
항공,Incheon,북미,Chicago,2019,05,,,,3700.0,3600.0,3500.0,USD,2026-05-24
항공,Incheon,북미,Dallas,2019,05,,,,4400.0,4300.0,4200.0,USD,2026-05-24
항공,Incheon,북미,Los Angeles,2019,05,,,,2700.0,2600.0,2500.0,USD,2026-05-24
항공,Incheon,북미,New York,2019,05,,,,3500.0,3400.0,3300.0,USD,2026-05-24
항공,Incheon,북미,Toronto,2019,05,,,,4400.0,4300.0,4200.0,USD,2026-05-24
항공,Incheon,중남미,Mexico City,2019,05,,,,4600.0,4500.0,4400.0,USD,2026-05-24
항공,Incheon,유럽,Amsterdam,2019,05,,,,3600.0,3500.0,3400.0,USD,2026-05-24
항공,Incheon,유럽,Frankfrut,2019,05,,,,3600.0,3500.0,3400.0,USD,2026-05-24
항공,Incheon,유럽,London,2019,05,,,,3700.0,3600.0,3500.0,USD,2026-05-24
항공,Incheon,유럽,Paris,2019,05,,,,3700.0,3600.0,3500.0,USD,2026-05-24
항공,Incheon,아시아,Mumbai,2019,05,,,,2350.0,2300.0,2250.0,USD,2026-05-24
항공,Incheon,아시아,New Delhi,2019,05,,,,2350.0,2300.0,2250.0,USD,2026-05-24
항공,Incheon,아시아,Ulaanbaatar,2019,05,,,,4250.0,4150.0,4050.0,USD,2026-05-24
항공,Incheon,아시아,Hanoi,2019,05,,,,1850.0,1800.0,1750.0,USD,2026-05-24
항공,Incheon,아시아,Hochiminh,2019,05,,,,1850.0,1800.0,1750.0,USD,2026-05-24
항공,Incheon,아시아,HongKong,2019,05,,,,750.0,700.0,650.0,USD,2026-05-24
항공,Incheon,아시아,Jakarta,2019,05,,,,1650.0,1600.0,1550.0,USD,2026-05-24
항공,Incheon,아시아,MANILA,2019,05,,,,1350.0,1300.0,1250.0,USD,2026-05-24
항공,Incheon,일본,Tokyo,2019,05,,,,1050.0,1000.0,950.0,USD,2026-05-24
항공,Incheon,중국,Beijing,2019,05,,,,1150.0,1100.0,1050.0,USD,2026-05-24
항공,Incheon,중국,Dalian,2019,05,,,,2050.0,2000.0,1950.0,USD,2026-05-24
항공,Incheon,중국,Shanghai,2019,05,,,,850.0,800.0,750.0,USD,2026-05-24
항공,Incheon,중국,Tianjin,2019,05,,,,1350.0,1300.0,1250.0,USD,2026-05-24
항공,Incheon,아프리카,Cairo,2019,05,,,,2800.0,2700.0,2600.0,USD,2026-05-24
항공,Incheon,아프리카,Cape Town,2019,05,,,,4200.0,4100.0,4000.0,USD,2026-05-24
항공,Incheon,오세아니아,Auckland,2019,05,,,,2950.0,2850.0,2750.0,USD,2026-05-24
항공,Incheon,오세아니아,Sydney,2019,05,,,,3050.0,2950.0,2850.0,USD,2026-05-24
항공,Incheon,중동,Abu dhabi,2019,05,,,,3000.0,2900.0,2800.0,USD,2026-05-24
항공,Incheon,중동,Dubai,2019,05,,,,2600.0,2500.0,2400.0,USD,2026-05-24
항공,Incheon,중동,Dammam,2019,05,,,,2700.0,2600.0,2500.0,USD,2026-05-24
항공,Incheon,중동,Riyadh,2019,05,,,,2800.0,2700.0,2600.0,USD,2026-05-24
항공,Incheon,중동,Kuwait,2019,05,,,,2800.0,2700.0,2600.0,USD,2026-05-24
항공,Incheon,중동,Tehran,2019,05,,,,3200.0,3100.0,3000.0,USD,2026-05-24
항공,Incheon,러시아,Moscow,2019,05,,,,3000.0,2900.0,2800.0,USD,2026-05-24
항공,Incheon,북미,Chicago,2019,06,,,,3400.0,3300.0,3200.0,USD,2026-05-24
항공,Incheon,북미,Dallas,2019,06,,,,4600.0,4500.0,4400.0,USD,2026-05-24
항공,Incheon,북미,Los Angeles,2019,06,,,,2700.0,2600.0,2500.0,USD,2026-05-24
항공,Incheon,북미,New York,2019,06,,,,3500.0,3400.0,3300.0,USD,2026-05-24
항공,Incheon,북미,Toronto,2019,06,,,,4500.0,4400.0,4300.0,USD,2026-05-24
항공,Incheon,중남미,Mexico City,2019,06,,,,4600.0,4500.0,4400.0,USD,2026-05-24
항공,Incheon,유럽,Amsterdam,2019,06,,,,3200.0,3100.0,3000.0,USD,2026-05-24
항공,Incheon,유럽,Frankfrut,2019,06,,,,2800.0,2700.0,2600.0,USD,2026-05-24
항공,Incheon,유럽,London,2019,06,,,,3100.0,3000.0,2900.0,USD,2026-05-24
항공,Incheon,유럽,Paris,2019,06,,,,3100.0,3000.0,2900.0,USD,2026-05-24
항공,Incheon,아시아,Mumbai,2019,06,,,,2350.0,2300.0,2250.0,USD,2026-05-24
항공,Incheon,아시아,New Delhi,2019,06,,,,2350.0,2300.0,2250.0,USD,2026-05-24
항공,Incheon,아시아,Ulaanbaatar,2019,06,,,,4250.0,4150.0,4050.0,USD,2026-05-24
항공,Incheon,아시아,Hanoi,2019,06,,,,1850.0,1800.0,1750.0,USD,2026-05-24
항공,Incheon,아시아,Hochiminh,2019,06,,,,1850.0,1800.0,1750.0,USD,2026-05-24
항공,Incheon,아시아,HongKong,2019,06,,,,750.0,700.0,650.0,USD,2026-05-24
항공,Incheon,아시아,Jakarta,2019,06,,,,1650.0,1600.0,1550.0,USD,2026-05-24
항공,Incheon,아시아,MANILA,2019,06,,,,1350.0,1300.0,1250.0,USD,2026-05-24
항공,Incheon,일본,Tokyo,2019,06,,,,1050.0,1000.0,950.0,USD,2026-05-24
항공,Incheon,중국,Beijing,2019,06,,,,1150.0,1100.0,1050.0,USD,2026-05-24
항공,Incheon,중국,Dalian,2019,06,,,,2050.0,2000.0,1950.0,USD,2026-05-24
항공,Incheon,중국,Shanghai,2019,06,,,,850.0,800.0,750.0,USD,2026-05-24
항공,Incheon,중국,Tianjin,2019,06,,,,1350.0,1300.0,1250.0,USD,2026-05-24
항공,Incheon,아프리카,Cairo,2019,06,,,,2800.0,2700.0,2600.0,USD,2026-05-24
항공,Incheon,아프리카,Cape Town,2019,06,,,,4200.0,4100.0,4000.0,USD,2026-05-24
항공,Incheon,오세아니아,Auckland,2019,06,,,,2500.0,2400.0,2300.0,USD,2026-05-24
항공,Incheon,오세아니아,Sydney,2019,06,,,,3000.0,2900.0,2800.0,USD,2026-05-24
항공,Incheon,중동,Abu dhabi,2019,06,,,,3000.0,2900.0,2800.0,USD,2026-05-24
항공,Incheon,중동,Dubai,2019,06,,,,2500.0,2400.0,2300.0,USD,2026-05-24
항공,Incheon,중동,Dammam,2019,06,,,,2300.0,2200.0,2100.0,USD,2026-05-24
항공,Incheon,중동,Riyadh,2019,06,,,,2800.0,2700.0,2600.0,USD,2026-05-24
항공,Incheon,중동,Kuwait,2019,06,,,,2800.0,2700.0,2600.0,USD,2026-05-24
항공,Incheon,중동,Tehran,2019,06,,,,3200.0,3100.0,3000.0,USD,2026-05-24
항공,Incheon,러시아,Moscow,2019,06,,,,3000.0,2900.0,2800.0,USD,2026-05-24
항공,Incheon,북미,Chicago,2019,07,,,,3800.0,3700.0,3600.0,USD,2026-05-24
항공,Incheon,북미,Dallas,2019,07,,,,4100.0,4000.0,3900.0,USD,2026-05-24
항공,Incheon,북미,Los Angeles,2019,07,,,,2700.0,2600.0,2500.0,USD,2026-05-24
항공,Incheon,북미,New York,2019,07,,,,3300.0,3200.0,3100.0,USD,2026-05-24
항공,Incheon,북미,Toronto,2019,07,,,,4400.0,4300.0,4200.0,USD,2026-05-24
항공,Incheon,중남미,Mexico City,2019,07,,,,4500.0,4400.0,4300.0,USD,2026-05-24
항공,Incheon,유럽,Amsterdam,2019,07,,,,2800.0,2700.0,2600.0,USD,2026-05-24
항공,Incheon,유럽,Frankfrut,2019,07,,,,2400.0,2300.0,2200.0,USD,2026-05-24
항공,Incheon,유럽,London,2019,07,,,,3000.0,2900.0,2800.0,USD,2026-05-24
항공,Incheon,유럽,Paris,2019,07,,,,2800.0,2700.0,2600.0,USD,2026-05-24
항공,Incheon,아시아,Mumbai,2019,07,,,,2350.0,2300.0,2250.0,USD,2026-05-24
항공,Incheon,아시아,New Delhi,2019,07,,,,2350.0,2300.0,2250.0,USD,2026-05-24
항공,Incheon,아시아,Ulaanbaatar,2019,07,,,,4400.0,4300.0,4200.0,USD,2026-05-24
항공,Incheon,아시아,Hanoi,2019,07,,,,1850.0,1800.0,1750.0,USD,2026-05-24
항공,Incheon,아시아,Hochiminh,2019,07,,,,1850.0,1800.0,1750.0,USD,2026-05-24
항공,Incheon,아시아,HongKong,2019,07,,,,650.0,600.0,550.0,USD,2026-05-24
항공,Incheon,아시아,Jakarta,2019,07,,,,1650.0,1600.0,1550.0,USD,2026-05-24
항공,Incheon,아시아,MANILA,2019,07,,,,1350.0,1300.0,1250.0,USD,2026-05-24
항공,Incheon,일본,Tokyo,2019,07,,,,1100.0,1050.0,1000.0,USD,2026-05-24
항공,Incheon,중국,Beijing,2019,07,,,,1150.0,1100.0,1050.0,USD,2026-05-24
항공,Incheon,중국,Dalian,2019,07,,,,2050.0,2000.0,1950.0,USD,2026-05-24
항공,Incheon,중국,Shanghai,2019,07,,,,850.0,800.0,750.0,USD,2026-05-24
항공,Incheon,중국,Tianjin,2019,07,,,,1350.0,1300.0,1250.0,USD,2026-05-24
항공,Incheon,아프리카,Cairo,2019,07,,,,2800.0,2700.0,2600.0,USD,2026-05-24
항공,Incheon,아프리카,Cape Town,2019,07,,,,4200.0,4100.0,4000.0,USD,2026-05-24
항공,Incheon,오세아니아,Auckland,2019,07,,,,2300.0,2200.0,2100.0,USD,2026-05-24
항공,Incheon,오세아니아,Sydney,2019,07,,,,2900.0,2800.0,2700.0,USD,2026-05-24
항공,Incheon,중동,Abu dhabi,2019,07,,,,3000.0,2900.0,2800.0,USD,2026-05-24
항공,Incheon,중동,Dubai,2019,07,,,,2500.0,2400.0,2300.0,USD,2026-05-24
항공,Incheon,중동,Dammam,2019,07,,,,2900.0,2800.0,2700.0,USD,2026-05-24
항공,Incheon,중동,Riyadh,2019,07,,,,2800.0,2700.0,2600.0,USD,2026-05-24
항공,Incheon,중동,Kuwait,2019,07,,,,2900.0,2800.0,2700.0,USD,2026-05-24
항공,Incheon,중동,Tehran,2019,07,,,,3200.0,3100.0,3000.0,USD,2026-05-24
항공,Incheon,러시아,Moscow,2019,07,,,,3000.0,2900.0,2800.0,USD,2026-05-24
항공,Incheon,북미,Chicago,2019,08,,,,3400.0,3300.0,3200.0,USD,2026-05-24
항공,Incheon,북미,Dallas,2019,08,,,,4100.0,4000.0,3900.0,USD,2026-05-24
항공,Incheon,북미,Los Angeles,2019,08,,,,2700.0,2600.0,2500.0,USD,2026-05-24
항공,Incheon,북미,New York,2019,08,,,,3300.0,3200.0,3100.0,USD,2026-05-24
항공,Incheon,북미,Toronto,2019,08,,,,4400.0,4300.0,4200.0,USD,2026-05-24
항공,Incheon,중남미,Mexico City,2019,08,,,,4700.0,4600.0,4500.0,USD,2026-05-24
항공,Incheon,유럽,Amsterdam,2019,08,,,,2800.0,2700.0,2600.0,USD,2026-05-24
항공,Incheon,유럽,Frankfrut,2019,08,,,,2400.0,2300.0,2200.0,USD,2026-05-24
항공,Incheon,유럽,London,2019,08,,,,3000.0,2900.0,2800.0,USD,2026-05-24
항공,Incheon,유럽,Paris,2019,08,,,,2800.0,2700.0,2600.0,USD,2026-05-24
항공,Incheon,아시아,Mumbai,2019,08,,,,2350.0,2300.0,2250.0,USD,2026-05-24
항공,Incheon,아시아,New Delhi,2019,08,,,,2350.0,2300.0,2250.0,USD,2026-05-24
항공,Incheon,아시아,Ulaanbaatar,2019,08,,,,4250.0,4150.0,4050.0,USD,2026-05-24
항공,Incheon,아시아,Hanoi,2019,08,,,,1850.0,1800.0,1750.0,USD,2026-05-24
항공,Incheon,아시아,Hochiminh,2019,08,,,,1850.0,1800.0,1750.0,USD,2026-05-24
항공,Incheon,아시아,HongKong,2019,08,,,,650.0,600.0,550.0,USD,2026-05-24
항공,Incheon,아시아,Jakarta,2019,08,,,,1650.0,1600.0,1550.0,USD,2026-05-24
항공,Incheon,아시아,MANILA,2019,08,,,,1350.0,1300.0,1250.0,USD,2026-05-24
항공,Incheon,일본,Tokyo,2019,08,,,,1100.0,1050.0,1000.0,USD,2026-05-24
항공,Incheon,중국,Beijing,2019,08,,,,1150.0,1100.0,1050.0,USD,2026-05-24
항공,Incheon,중국,Dalian,2019,08,,,,2050.0,2000.0,1950.0,USD,2026-05-24
항공,Incheon,중국,Shanghai,2019,08,,,,850.0,800.0,750.0,USD,2026-05-24
항공,Incheon,중국,Tianjin,2019,08,,,,1350.0,1300.0,1250.0,USD,2026-05-24
항공,Incheon,아프리카,Cairo,2019,08,,,,2800.0,2700.0,2600.0,USD,2026-05-24
항공,Incheon,아프리카,Cape Town,2019,08,,,,4200.0,4100.0,4000.0,USD,2026-05-24
항공,Incheon,오세아니아,Auckland,2019,08,,,,2300.0,2200.0,2100.0,USD,2026-05-24
항공,Incheon,오세아니아,Sydney,2019,08,,,,2900.0,2800.0,2700.0,USD,2026-05-24
항공,Incheon,중동,Abu dhabi,2019,08,,,,3000.0,2900.0,2800.0,USD,2026-05-24
항공,Incheon,중동,Dubai,2019,08,,,,2500.0,2400.0,2300.0,USD,2026-05-24
항공,Incheon,중동,Dammam,2019,08,,,,2900.0,2800.0,2700.0,USD,2026-05-24
항공,Incheon,중동,Riyadh,2019,08,,,,2800.0,2700.0,2600.0,USD,2026-05-24
항공,Incheon,중동,Kuwait,2019,08,,,,2900.0,2800.0,2700.0,USD,2026-05-24
항공,Incheon,중동,Tehran,2019,08,,,,3200.0,3100.0,3000.0,USD,2026-05-24
항공,Incheon,러시아,Moscow,2019,08,,,,3000.0,2900.0,2800.0,USD,2026-05-24
항공,Incheon,북미,Chicago,2019,09,,,,4000.0,3900.0,3800.0,USD,2026-05-24
항공,Incheon,북미,Dallas,2019,09,,,,4300.0,4200.0,4100.0,USD,2026-05-24
항공,Incheon,북미,Los Angeles,2019,09,,,,3100.0,3000.0,2900.0,USD,2026-05-24
항공,Incheon,북미,New York,2019,09,,,,4000.0,3900.0,3800.0,USD,2026-05-24
항공,Incheon,북미,Toronto,2019,09,,,,4500.0,4400.0,4300.0,USD,2026-05-24
항공,Incheon,중남미,Mexico City,2019,09,,,,5000.0,4900.0,4800.0,USD,2026-05-24
항공,Incheon,유럽,Amsterdam,2019,09,,,,3400.0,3300.0,3200.0,USD,2026-05-24
항공,Incheon,유럽,Frankfrut,2019,09,,,,3200.0,3100.0,3000.0,USD,2026-05-24
항공,Incheon,유럽,London,2019,09,,,,3400.0,3300.0,3200.0,USD,2026-05-24
항공,Incheon,유럽,Paris,2019,09,,,,3400.0,3300.0,3200.0,USD,2026-05-24
항공,Incheon,아시아,Mumbai,2019,09,,,,2350.0,2300.0,2250.0,USD,2026-05-24
항공,Incheon,아시아,New Delhi,2019,09,,,,2350.0,2300.0,2250.0,USD,2026-05-24
항공,Incheon,아시아,Ulaanbaatar,2019,09,,,,4250.0,4150.0,4050.0,USD,2026-05-24
항공,Incheon,아시아,Hanoi,2019,09,,,,1950.0,1900.0,1850.0,USD,2026-05-24
항공,Incheon,아시아,Hochiminh,2019,09,,,,1850.0,1800.0,1750.0,USD,2026-05-24
항공,Incheon,아시아,HongKong,2019,09,,,,650.0,600.0,550.0,USD,2026-05-24
항공,Incheon,아시아,Jakarta,2019,09,,,,1650.0,1600.0,1550.0,USD,2026-05-24
항공,Incheon,아시아,MANILA,2019,09,,,,1350.0,1300.0,1250.0,USD,2026-05-24
항공,Incheon,일본,Tokyo,2019,09,,,,1000.0,950.0,900.0,USD,2026-05-24
항공,Incheon,중국,Beijing,2019,09,,,,1150.0,1100.0,1050.0,USD,2026-05-24
항공,Incheon,중국,Dalian,2019,09,,,,2050.0,2000.0,1950.0,USD,2026-05-24
항공,Incheon,중국,Shanghai,2019,09,,,,850.0,800.0,750.0,USD,2026-05-24
항공,Incheon,중국,Tianjin,2019,09,,,,1350.0,1300.0,1250.0,USD,2026-05-24
항공,Incheon,아프리카,Cairo,2019,09,,,,2800.0,2700.0,2600.0,USD,2026-05-24
항공,Incheon,아프리카,Cape Town,2019,09,,,,4200.0,4100.0,4000.0,USD,2026-05-24
항공,Incheon,오세아니아,Auckland,2019,09,,,,2300.0,2200.0,2100.0,USD,2026-05-24
항공,Incheon,오세아니아,Sydney,2019,09,,,,2800.0,2700.0,2600.0,USD,2026-05-24
항공,Incheon,중동,Abu dhabi,2019,09,,,,3000.0,2900.0,2800.0,USD,2026-05-24
항공,Incheon,중동,Dubai,2019,09,,,,2100.0,2000.0,1900.0,USD,2026-05-24
항공,Incheon,중동,Dammam,2019,09,,,,2900.0,2800.0,2700.0,USD,2026-05-24
항공,Incheon,중동,Riyadh,2019,09,,,,2800.0,2700.0,2600.0,USD,2026-05-24
항공,Incheon,중동,Kuwait,2019,09,,,,2800.0,2700.0,2600.0,USD,2026-05-24
항공,Incheon,중동,Tehran,2019,09,,,,3200.0,3100.0,3000.0,USD,2026-05-24
항공,Incheon,러시아,Moscow,2019,09,,,,3000.0,2900.0,2800.0,USD,2026-05-24
항공,Incheon,북미,Chicago,2019,10,,,,3700.0,3600.0,3500.0,USD,2026-05-24
항공,Incheon,북미,Dallas,2019,10,,,,4100.0,4000.0,3900.0,USD,2026-05-24
항공,Incheon,북미,Los Angeles,2019,10,,,,2800.0,2700.0,2600.0,USD,2026-05-24
항공,Incheon,북미,New York,2019,10,,,,3600.0,3500.0,3400.0,USD,2026-05-24
항공,Incheon,북미,Toronto,2019,10,,,,4500.0,4400.0,4300.0,USD,2026-05-24
항공,Incheon,중남미,Mexico City,2019,10,,,,5100.0,5000.0,4900.0,USD,2026-05-24
항공,Incheon,유럽,Amsterdam,2019,10,,,,3400.0,3300.0,3200.0,USD,2026-05-24
항공,Incheon,유럽,Frankfrut,2019,10,,,,3200.0,3100.0,3000.0,USD,2026-05-24
항공,Incheon,유럽,London,2019,10,,,,3400.0,3300.0,3200.0,USD,2026-05-24
항공,Incheon,유럽,Paris,2019,10,,,,3400.0,3300.0,3200.0,USD,2026-05-24
항공,Incheon,아시아,Mumbai,2019,10,,,,2450.0,2400.0,2350.0,USD,2026-05-24
항공,Incheon,아시아,New Delhi,2019,10,,,,2350.0,2300.0,2250.0,USD,2026-05-24
항공,Incheon,아시아,Ulaanbaatar,2019,10,,,,4250.0,4150.0,4050.0,USD,2026-05-24
항공,Incheon,아시아,Hanoi,2019,10,,,,1850.0,1800.0,1750.0,USD,2026-05-24
항공,Incheon,아시아,Hochiminh,2019,10,,,,1950.0,1900.0,1850.0,USD,2026-05-24
항공,Incheon,아시아,HongKong,2019,10,,,,850.0,800.0,750.0,USD,2026-05-24
항공,Incheon,아시아,Jakarta,2019,10,,,,1550.0,1500.0,1450.0,USD,2026-05-24
항공,Incheon,아시아,MANILA,2019,10,,,,1100.0,1050.0,1000.0,USD,2026-05-24
항공,Incheon,일본,Tokyo,2019,10,,,,1000.0,950.0,900.0,USD,2026-05-24
항공,Incheon,중국,Beijing,2019,10,,,,1150.0,1100.0,1050.0,USD,2026-05-24
항공,Incheon,중국,Dalian,2019,10,,,,2050.0,2000.0,1950.0,USD,2026-05-24
항공,Incheon,중국,Shanghai,2019,10,,,,900.0,850.0,800.0,USD,2026-05-24
항공,Incheon,중국,Tianjin,2019,10,,,,1350.0,1300.0,1250.0,USD,2026-05-24
항공,Incheon,아프리카,Cairo,2019,10,,,,2800.0,2700.0,2600.0,USD,2026-05-24
항공,Incheon,아프리카,Cape Town,2019,10,,,,4200.0,4100.0,4000.0,USD,2026-05-24
항공,Incheon,오세아니아,Auckland,2019,10,,,,2300.0,2200.0,2100.0,USD,2026-05-24
항공,Incheon,오세아니아,Sydney,2019,10,,,,2800.0,2700.0,2600.0,USD,2026-05-24
항공,Incheon,중동,Abu dhabi,2019,10,,,,3300.0,3200.0,3100.0,USD,2026-05-24
항공,Incheon,중동,Dubai,2019,10,,,,2800.0,2700.0,2600.0,USD,2026-05-24
항공,Incheon,중동,Dammam,2019,10,,,,3000.0,2900.0,2800.0,USD,2026-05-24
항공,Incheon,중동,Riyadh,2019,10,,,,2800.0,2700.0,2600.0,USD,2026-05-24
항공,Incheon,중동,Kuwait,2019,10,,,,3000.0,2900.0,2800.0,USD,2026-05-24
항공,Incheon,중동,Tehran,2019,10,,,,3600.0,3500.0,3400.0,USD,2026-05-24
항공,Incheon,러시아,Moscow,2019,10,,,,3000.0,2900.0,2800.0,USD,2026-05-24
항공,Incheon,북미,Chicago,2019,11,,,,4200.0,4100.0,4000.0,USD,2026-05-24
항공,Incheon,북미,Dallas,2019,11,,,,4900.0,4800.0,4700.0,USD,2026-05-24
항공,Incheon,북미,Los Angeles,2019,11,,,,3800.0,3700.0,3600.0,USD,2026-05-24
항공,Incheon,북미,New York,2019,11,,,,4000.0,3900.0,3800.0,USD,2026-05-24
항공,Incheon,북미,Toronto,2019,11,,,,4700.0,4600.0,4500.0,USD,2026-05-24
항공,Incheon,중남미,Mexico City,2019,11,,,,5400.0,5300.0,5200.0,USD,2026-05-24
항공,Incheon,유럽,Amsterdam,2019,11,,,,3400.0,3300.0,3200.0,USD,2026-05-24
항공,Incheon,유럽,Frankfrut,2019,11,,,,3200.0,3100.0,3000.0,USD,2026-05-24
항공,Incheon,유럽,London,2019,11,,,,3400.0,3300.0,3200.0,USD,2026-05-24
항공,Incheon,유럽,Paris,2019,11,,,,3400.0,3300.0,3200.0,USD,2026-05-24
항공,Incheon,아시아,Mumbai,2019,11,,,,2450.0,2400.0,2350.0,USD,2026-05-24
항공,Incheon,아시아,New Delhi,2019,11,,,,2350.0,2300.0,2250.0,USD,2026-05-24
항공,Incheon,아시아,Ulaanbaatar,2019,11,,,,4250.0,4150.0,4050.0,USD,2026-05-24
항공,Incheon,아시아,Hanoi,2019,11,,,,1850.0,1800.0,1750.0,USD,2026-05-24
항공,Incheon,아시아,Hochiminh,2019,11,,,,1950.0,1900.0,1850.0,USD,2026-05-24
항공,Incheon,아시아,HongKong,2019,11,,,,850.0,800.0,750.0,USD,2026-05-24
항공,Incheon,아시아,Jakarta,2019,11,,,,1550.0,1500.0,1450.0,USD,2026-05-24
항공,Incheon,아시아,MANILA,2019,11,,,,1100.0,1050.0,1000.0,USD,2026-05-24
항공,Incheon,일본,Tokyo,2019,11,,,,1000.0,950.0,900.0,USD,2026-05-24
항공,Incheon,중국,Beijing,2019,11,,,,1150.0,1100.0,1050.0,USD,2026-05-24
항공,Incheon,중국,Dalian,2019,11,,,,2050.0,2000.0,1950.0,USD,2026-05-24
항공,Incheon,중국,Shanghai,2019,11,,,,900.0,850.0,800.0,USD,2026-05-24
항공,Incheon,중국,Tianjin,2019,11,,,,1350.0,1300.0,1250.0,USD,2026-05-24
항공,Incheon,아프리카,Cairo,2019,11,,,,2800.0,2700.0,2600.0,USD,2026-05-24
항공,Incheon,아프리카,Cape Town,2019,11,,,,4100.0,4000.0,3900.0,USD,2026-05-24
항공,Incheon,오세아니아,Auckland,2019,11,,,,1900.0,1800.0,1700.0,USD,2026-05-24
항공,Incheon,오세아니아,Sydney,2019,11,,,,1900.0,1800.0,1700.0,USD,2026-05-24
항공,Incheon,중동,Abu dhabi,2019,11,,,,3400.0,3300.0,3200.0,USD,2026-05-24
항공,Incheon,중동,Dubai,2019,11,,,,2800.0,2700.0,2600.0,USD,2026-05-24
항공,Incheon,중동,Dammam,2019,11,,,,3000.0,2900.0,2800.0,USD,2026-05-24
항공,Incheon,중동,Riyadh,2019,11,,,,2800.0,2700.0,2600.0,USD,2026-05-24
항공,Incheon,중동,Kuwait,2019,11,,,,3000.0,2900.0,2800.0,USD,2026-05-24
항공,Incheon,중동,Tehran,2019,11,,,,3600.0,3500.0,3400.0,USD,2026-05-24
항공,Incheon,러시아,Moscow,2019,11,,,,3000.0,2900.0,2800.0,USD,2026-05-24
항공,Incheon,북미,Chicago,2019,12,,,,4000.0,3900.0,3800.0,USD,2026-05-24
항공,Incheon,북미,Dallas,2019,12,,,,5000.0,4900.0,4800.0,USD,2026-05-24
항공,Incheon,북미,Los Angeles,2019,12,,,,3600.0,3500.0,3400.0,USD,2026-05-24
항공,Incheon,북미,New York,2019,12,,,,3700.0,3600.0,3500.0,USD,2026-05-24
항공,Incheon,북미,Toronto,2019,12,,,,4500.0,4400.0,4300.0,USD,2026-05-24
항공,Incheon,중남미,Mexico City,2019,12,,,,5400.0,5300.0,5200.0,USD,2026-05-24
항공,Incheon,유럽,Amsterdam,2019,12,,,,3400.0,3300.0,3200.0,USD,2026-05-24
항공,Incheon,유럽,Frankfrut,2019,12,,,,3200.0,3100.0,3000.0,USD,2026-05-24
항공,Incheon,유럽,London,2019,12,,,,3400.0,3300.0,3200.0,USD,2026-05-24
항공,Incheon,유럽,Paris,2019,12,,,,3400.0,3300.0,3200.0,USD,2026-05-24
항공,Incheon,아시아,Mumbai,2019,12,,,,2450.0,2400.0,2350.0,USD,2026-05-24
항공,Incheon,아시아,New Delhi,2019,12,,,,2300.0,2250.0,2200.0,USD,2026-05-24
항공,Incheon,아시아,Ulaanbaatar,2019,12,,,,4250.0,4150.0,4050.0,USD,2026-05-24
항공,Incheon,아시아,Hanoi,2019,12,,,,1850.0,1800.0,1750.0,USD,2026-05-24
항공,Incheon,아시아,Hochiminh,2019,12,,,,1950.0,1900.0,1850.0,USD,2026-05-24
항공,Incheon,아시아,HongKong,2019,12,,,,650.0,600.0,550.0,USD,2026-05-24
항공,Incheon,아시아,Jakarta,2019,12,,,,1550.0,1500.0,1450.0,USD,2026-05-24
항공,Incheon,아시아,MANILA,2019,12,,,,1100.0,1050.0,1000.0,USD,2026-05-24
항공,Incheon,일본,Tokyo,2019,12,,,,1000.0,950.0,900.0,USD,2026-05-24
항공,Incheon,중국,Beijing,2019,12,,,,1150.0,1100.0,1050.0,USD,2026-05-24
항공,Incheon,중국,Dalian,2019,12,,,,2050.0,2000.0,1950.0,USD,2026-05-24
항공,Incheon,중국,Shanghai,2019,12,,,,850.0,800.0,750.0,USD,2026-05-24
항공,Incheon,중국,Tianjin,2019,12,,,,1350.0,1300.0,1250.0,USD,2026-05-24
항공,Incheon,아프리카,Cairo,2019,12,,,,2600.0,2500.0,2400.0,USD,2026-05-24
항공,Incheon,아프리카,Cape Town,2019,12,,,,4400.0,4300.0,4200.0,USD,2026-05-24
항공,Incheon,오세아니아,Auckland,2019,12,,,,2500.0,2400.0,2300.0,USD,2026-05-24
항공,Incheon,오세아니아,Sydney,2019,12,,,,2650.0,2550.0,2450.0,USD,2026-05-24
항공,Incheon,중동,Abu dhabi,2019,12,,,,3000.0,2900.0,2800.0,USD,2026-05-24
항공,Incheon,중동,Dubai,2019,12,,,,2600.0,2500.0,2400.0,USD,2026-05-24
항공,Incheon,중동,Dammam,2019,12,,,,3000.0,2900.0,2800.0,USD,2026-05-24
항공,Incheon,중동,Riyadh,2019,12,,,,2800.0,2700.0,2600.0,USD,2026-05-24
항공,Incheon,중동,Kuwait,2019,12,,,,3100.0,3000.0,2900.0,USD,2026-05-24
항공,Incheon,중동,Tehran,2019,12,,,,3500.0,3400.0,3300.0,USD,2026-05-24
항공,Incheon,러시아,Moscow,2019,12,,,,3000.0,2900.0,2800.0,USD,2026-05-24
항공,Incheon,북미,Chicago,2020,01,,,,3800.0,3700.0,3600.0,USD,2026-05-24
항공,Incheon,북미,Dallas,2020,01,,,,4800.0,4700.0,4600.0,USD,2026-05-24
항공,Incheon,북미,Los Angeles,2020,01,,,,3400.0,3300.0,3200.0,USD,2026-05-24
항공,Incheon,북미,New York,2020,01,,,,3500.0,3400.0,3300.0,USD,2026-05-24
항공,Incheon,북미,Toronto,2020,01,,,,4300.0,4200.0,4100.0,USD,2026-05-24
항공,Incheon,중남미,Mexico City,2020,01,,,,5100.0,5000.0,4900.0,USD,2026-05-24
항공,Incheon,유럽,Amsterdam,2020,01,,,,3200.0,3100.0,3000.0,USD,2026-05-24
항공,Incheon,유럽,Frankfrut,2020,01,,,,3000.0,2900.0,2800.0,USD,2026-05-24
항공,Incheon,유럽,London,2020,01,,,,3100.0,3000.0,2900.0,USD,2026-05-24
항공,Incheon,유럽,Paris,2020,01,,,,3100.0,3000.0,2900.0,USD,2026-05-24
항공,Incheon,아시아,Mumbai,2020,01,,,,2450.0,2400.0,2350.0,USD,2026-05-24
항공,Incheon,아시아,New Delhi,2020,01,,,,2250.0,2200.0,2150.0,USD,2026-05-24
항공,Incheon,아시아,Ulaanbaatar,2020,01,,,,6800.0,6700.0,6600.0,USD,2026-05-24
항공,Incheon,아시아,Hanoi,2020,01,,,,1850.0,1800.0,1750.0,USD,2026-05-24
항공,Incheon,아시아,Hochiminh,2020,01,,,,1850.0,1800.0,1750.0,USD,2026-05-24
항공,Incheon,아시아,HongKong,2020,01,,,,650.0,600.0,550.0,USD,2026-05-24
항공,Incheon,아시아,Jakarta,2020,01,,,,1550.0,1500.0,1450.0,USD,2026-05-24
항공,Incheon,아시아,MANILA,2020,01,,,,1100.0,1050.0,1000.0,USD,2026-05-24
항공,Incheon,일본,Tokyo,2020,01,,,,1000.0,950.0,900.0,USD,2026-05-24
항공,Incheon,중국,Beijing,2020,01,,,,1150.0,1100.0,1050.0,USD,2026-05-24
항공,Incheon,중국,Dalian,2020,01,,,,2050.0,2000.0,1950.0,USD,2026-05-24
항공,Incheon,중국,Shanghai,2020,01,,,,850.0,800.0,750.0,USD,2026-05-24
항공,Incheon,중국,Tianjin,2020,01,,,,1350.0,1300.0,1250.0,USD,2026-05-24
항공,Incheon,아프리카,Cairo,2020,01,,,,2800.0,2700.0,2600.0,USD,2026-05-24
항공,Incheon,아프리카,Cape Town,2020,01,,,,4100.0,4000.0,3900.0,USD,2026-05-24
항공,Incheon,오세아니아,Auckland,2020,01,,,,2500.0,2400.0,2300.0,USD,2026-05-24
항공,Incheon,오세아니아,Sydney,2020,01,,,,2650.0,2550.0,2450.0,USD,2026-05-24
항공,Incheon,중동,Abu dhabi,2020,01,,,,2900.0,2800.0,2700.0,USD,2026-05-24
항공,Incheon,중동,Dubai,2020,01,,,,2400.0,2300.0,2200.0,USD,2026-05-24
항공,Incheon,중동,Dammam,2020,01,,,,2900.0,2800.0,2700.0,USD,2026-05-24
항공,Incheon,중동,Riyadh,2020,01,,,,2800.0,2700.0,2600.0,USD,2026-05-24
항공,Incheon,중동,Kuwait,2020,01,,,,2800.0,2700.0,2600.0,USD,2026-05-24
항공,Incheon,중동,Tehran,2020,01,,,,3200.0,3100.0,3000.0,USD,2026-05-24
항공,Incheon,러시아,Moscow,2020,01,,,,3300.0,3200.0,3100.0,USD,2026-05-24
항공,Incheon,북미,Chicago,2020,02,,,,3300.0,3200.0,3100.0,USD,2026-05-24
항공,Incheon,북미,Dallas,2020,02,,,,4600.0,4500.0,4400.0,USD,2026-05-24
항공,Incheon,북미,Los Angeles,2020,02,,,,3100.0,3000.0,2900.0,USD,2026-05-24
항공,Incheon,북미,New York,2020,02,,,,3300.0,3200.0,3100.0,USD,2026-05-24
항공,Incheon,북미,Toronto,2020,02,,,,4200.0,4100.0,4000.0,USD,2026-05-24
항공,Incheon,중남미,Mexico City,2020,02,,,,5400.0,5300.0,5200.0,USD,2026-05-24
항공,Incheon,유럽,Amsterdam,2020,02,,,,3100.0,3000.0,2900.0,USD,2026-05-24
항공,Incheon,유럽,Frankfrut,2020,02,,,,2900.0,2800.0,2700.0,USD,2026-05-24
항공,Incheon,유럽,London,2020,02,,,,3100.0,3000.0,2900.0,USD,2026-05-24
항공,Incheon,유럽,Paris,2020,02,,,,3100.0,3000.0,2900.0,USD,2026-05-24
항공,Incheon,아시아,Mumbai,2020,02,,,,2450.0,2400.0,2350.0,USD,2026-05-24
항공,Incheon,아시아,New Delhi,2020,02,,,,2250.0,2200.0,2150.0,USD,2026-05-24
항공,Incheon,아시아,Ulaanbaatar,2020,02,,,,3900.0,3800.0,3700.0,USD,2026-05-24
항공,Incheon,아시아,Hanoi,2020,02,,,,1850.0,1800.0,1750.0,USD,2026-05-24
항공,Incheon,아시아,Hochiminh,2020,02,,,,1850.0,1800.0,1750.0,USD,2026-05-24
항공,Incheon,아시아,HongKong,2020,02,,,,650.0,600.0,550.0,USD,2026-05-24
항공,Incheon,아시아,Jakarta,2020,02,,,,1550.0,1500.0,1450.0,USD,2026-05-24
항공,Incheon,아시아,MANILA,2020,02,,,,1100.0,1050.0,1000.0,USD,2026-05-24
항공,Incheon,일본,Tokyo,2020,02,,,,1100.0,1050.0,1000.0,USD,2026-05-24
항공,Incheon,중국,Beijing,2020,02,,,,1150.0,1100.0,1050.0,USD,2026-05-24
항공,Incheon,중국,Dalian,2020,02,,,,2050.0,2000.0,1950.0,USD,2026-05-24
항공,Incheon,중국,Shanghai,2020,02,,,,850.0,800.0,750.0,USD,2026-05-24
항공,Incheon,중국,Tianjin,2020,02,,,,1350.0,1300.0,1250.0,USD,2026-05-24
항공,Incheon,아프리카,Cairo,2020,02,,,,2800.0,2700.0,2600.0,USD,2026-05-24
항공,Incheon,아프리카,Cape Town,2020,02,,,,4100.0,4000.0,3900.0,USD,2026-05-24
항공,Incheon,오세아니아,Auckland,2020,02,,,,2200.0,2100.0,2000.0,USD,2026-05-24
항공,Incheon,오세아니아,Sydney,2020,02,,,,2750.0,2650.0,2550.0,USD,2026-05-24
항공,Incheon,중동,Abu dhabi,2020,02,,,,3000.0,2900.0,2800.0,USD,2026-05-24
항공,Incheon,중동,Dubai,2020,02,,,,2300.0,2200.0,2100.0,USD,2026-05-24
항공,Incheon,중동,Dammam,2020,02,,,,3000.0,2900.0,2800.0,USD,2026-05-24
항공,Incheon,중동,Riyadh,2020,02,,,,2800.0,2700.0,2600.0,USD,2026-05-24
항공,Incheon,중동,Kuwait,2020,02,,,,3000.0,2900.0,2800.0,USD,2026-05-24
항공,Incheon,중동,Tehran,2020,02,,,,3200.0,3100.0,3000.0,USD,2026-05-24
항공,Incheon,러시아,Moscow,2020,02,,,,3300.0,3200.0,3100.0,USD,2026-05-24
항공,Incheon,북미,Chicago,2020,03,,,,0.0,0.0,0.0,USD,2026-05-24
항공,Incheon,북미,Dallas,2020,03,,,,0.0,0.0,0.0,USD,2026-05-24
항공,Incheon,북미,Los Angeles,2020,03,,,,0.0,0.0,0.0,USD,2026-05-24
항공,Incheon,북미,New York,2020,03,,,,0.0,0.0,0.0,USD,2026-05-24
항공,Incheon,북미,Toronto,2020,03,,,,0.0,0.0,0.0,USD,2026-05-24
항공,Incheon,중남미,Mexico City,2020,03,,,,0.0,0.0,0.0,USD,2026-05-24
항공,Incheon,유럽,Amsterdam,2020,03,,,,0.0,0.0,0.0,USD,2026-05-24
항공,Incheon,유럽,Frankfrut,2020,03,,,,0.0,0.0,0.0,USD,2026-05-24
항공,Incheon,유럽,London,2020,03,,,,0.0,0.0,0.0,USD,2026-05-24
항공,Incheon,유럽,Paris,2020,03,,,,0.0,0.0,0.0,USD,2026-05-24
항공,Incheon,아시아,Mumbai,2020,03,,,,0.0,0.0,0.0,USD,2026-05-24
항공,Incheon,아시아,New Delhi,2020,03,,,,0.0,0.0,0.0,USD,2026-05-24
항공,Incheon,아시아,Ulaanbaatar,2020,03,,,,0.0,0.0,0.0,USD,2026-05-24
항공,Incheon,아시아,Hanoi,2020,03,,,,0.0,0.0,0.0,USD,2026-05-24
항공,Incheon,아시아,Hochiminh,2020,03,,,,0.0,0.0,0.0,USD,2026-05-24
항공,Incheon,아시아,HongKong,2020,03,,,,0.0,0.0,0.0,USD,2026-05-24
항공,Incheon,아시아,Jakarta,2020,03,,,,0.0,0.0,0.0,USD,2026-05-24
항공,Incheon,아시아,MANILA,2020,03,,,,0.0,0.0,0.0,USD,2026-05-24
항공,Incheon,일본,Tokyo,2020,03,,,,0.0,0.0,0.0,USD,2026-05-24
항공,Incheon,중국,Beijing,2020,03,,,,0.0,0.0,0.0,USD,2026-05-24
항공,Incheon,중국,Dalian,2020,03,,,,0.0,0.0,0.0,USD,2026-05-24
항공,Incheon,중국,Shanghai,2020,03,,,,0.0,0.0,0.0,USD,2026-05-24
항공,Incheon,중국,Tianjin,2020,03,,,,0.0,0.0,0.0,USD,2026-05-24
항공,Incheon,아프리카,Cairo,2020,03,,,,0.0,0.0,0.0,USD,2026-05-24
항공,Incheon,아프리카,Cape Town,2020,03,,,,0.0,0.0,0.0,USD,2026-05-24
항공,Incheon,오세아니아,Auckland,2020,03,,,,0.0,0.0,0.0,USD,2026-05-24
항공,Incheon,오세아니아,Sydney,2020,03,,,,0.0,0.0,0.0,USD,2026-05-24
항공,Incheon,중동,Abu dhabi,2020,03,,,,0.0,0.0,0.0,USD,2026-05-24
항공,Incheon,중동,Dubai,2020,03,,,,0.0,0.0,0.0,USD,2026-05-24
항공,Incheon,중동,Dammam,2020,03,,,,0.0,0.0,0.0,USD,2026-05-24
항공,Incheon,중동,Riyadh,2020,03,,,,0.0,0.0,0.0,USD,2026-05-24
항공,Incheon,중동,Kuwait,2020,03,,,,0.0,0.0,0.0,USD,2026-05-24
항공,Incheon,중동,Tehran,2020,03,,,,0.0,0.0,0.0,USD,2026-05-24
항공,Incheon,러시아,Moscow,2020,03,,,,0.0,0.0,0.0,USD,2026-05-24
항공,Incheon,북미,Chicago,2020,09,,,,8330.0,8330.0,8330.0,USD,2026-05-24
항공,Incheon,북미,Dallas,2020,09,,,,8000.0,8000.0,8000.0,USD,2026-05-24
항공,Incheon,북미,Los Angeles,2020,09,,,,6600.0,6600.0,6600.0,USD,2026-05-24
항공,Incheon,북미,New York,2020,09,,,,5060.0,4910.0,4910.0,USD,2026-05-24
항공,Incheon,북미,Toronto,2020,09,,,,8800.0,8600.0,8600.0,USD,2026-05-24
항공,Incheon,중남미,Mexico City,2020,09,,,,0.0,0.0,0.0,USD,2026-05-24
항공,Incheon,유럽,Amsterdam,2020,09,,,,9300.0,9300.0,9300.0,USD,2026-05-24
항공,Incheon,유럽,Frankfrut,2020,09,,,,6700.0,6700.0,6700.0,USD,2026-05-24
항공,Incheon,유럽,London,2020,09,,,,7800.0,7800.0,7800.0,USD,2026-05-24
항공,Incheon,유럽,Paris,2020,09,,,,7000.0,6500.0,6500.0,USD,2026-05-24
항공,Incheon,아시아,Mumbai,2020,09,,,,6550.0,6135.0,5925.0,USD,2026-05-24
항공,Incheon,아시아,New Delhi,2020,09,,,,6235.0,6235.0,6235.0,USD,2026-05-24
항공,Incheon,아시아,Ulaanbaatar,2020,09,,,,0.0,0.0,0.0,USD,2026-05-24
항공,Incheon,아시아,Hanoi,2020,09,,,,2200.0,2200.0,2200.0,USD,2026-05-24
항공,Incheon,아시아,Hochiminh,2020,09,,,,4500.0,3750.0,3550.0,USD,2026-05-24
항공,Incheon,아시아,HongKong,2020,09,,,,900.0,900.0,900.0,USD,2026-05-24
항공,Incheon,아시아,Jakarta,2020,09,,,,4200.0,3750.0,3750.0,USD,2026-05-24
항공,Incheon,아시아,MANILA,2020,09,,,,4350.0,4050.0,3800.0,USD,2026-05-24
항공,Incheon,일본,Tokyo,2020,09,,,,2475.0,2375.0,2325.0,USD,2026-05-24
항공,Incheon,중국,Beijing,2020,09,,,,2500.0,2500.0,2500.0,USD,2026-05-24
항공,Incheon,중국,Dalian,2020,09,,,,2000.0,2000.0,2000.0,USD,2026-05-24
항공,Incheon,중국,Shanghai,2020,09,,,,850.0,850.0,850.0,USD,2026-05-24
항공,Incheon,중국,Tianjin,2020,09,,,,1150.0,1150.0,1150.0,USD,2026-05-24
항공,Incheon,아프리카,Cairo,2020,09,,,,6500.0,6400.0,6400.0,USD,2026-05-24
항공,Incheon,아프리카,Cape Town,2020,09,,,,11350.0,11350.0,10950.0,USD,2026-05-24
항공,Incheon,오세아니아,Auckland,2020,09,,,,8800.0,8500.0,8500.0,USD,2026-05-24
항공,Incheon,오세아니아,Sydney,2020,09,,,,7000.0,7000.0,7000.0,USD,2026-05-24
항공,Incheon,중동,Abu dhabi,2020,09,,,,5300.0,5200.0,5100.0,USD,2026-05-24
항공,Incheon,중동,Dubai,2020,09,,,,5100.0,5000.0,4900.0,USD,2026-05-24
항공,Incheon,중동,Dammam,2020,09,,,,6700.0,6500.0,6100.0,USD,2026-05-24
항공,Incheon,중동,Riyadh,2020,09,,,,6500.0,6300.0,5900.0,USD,2026-05-24
항공,Incheon,중동,Kuwait,2020,09,,,,5600.0,5400.0,5200.0,USD,2026-05-24
항공,Incheon,중동,Tehran,2020,09,,,,12000.0,12000.0,12000.0,USD,2026-05-24
항공,Incheon,러시아,Moscow,2020,09,,,,7150.0,6750.0,6600.0,USD,2026-05-24
항공,Incheon,북미,Chicago,2020,10,,,,15000.0,15000.0,15000.0,USD,2026-05-24
항공,Incheon,북미,Dallas,2020,10,,,,18000.0,18000.0,18000.0,USD,2026-05-24
항공,Incheon,북미,Los Angeles,2020,10,,,,10000.0,10000.0,10000.0,USD,2026-05-24
항공,Incheon,북미,New York,2020,10,,,,12000.0,12000.0,12000.0,USD,2026-05-24
항공,Incheon,북미,Toronto,2020,10,,,,15000.0,15000.0,15000.0,USD,2026-05-24
항공,Incheon,중남미,Mexico City,2020,10,,,,8700.0,8700.0,8700.0,USD,2026-05-24
항공,Incheon,유럽,Amsterdam,2020,10,,,,0.0,0.0,0.0,USD,2026-05-24
항공,Incheon,유럽,Frankfrut,2020,10,,,,8900.0,8900.0,8900.0,USD,2026-05-24
항공,Incheon,유럽,London,2020,10,,,,0.0,0.0,0.0,USD,2026-05-24
항공,Incheon,유럽,Paris,2020,10,,,,8900.0,8900.0,8900.0,USD,2026-05-24
항공,Incheon,아시아,Mumbai,2020,10,,,,6600.0,6466.0,6466.0,USD,2026-05-24
항공,Incheon,아시아,New Delhi,2020,10,,,,6666.0,6666.0,6666.0,USD,2026-05-24
항공,Incheon,아시아,Ulaanbaatar,2020,10,,,,0.0,0.0,0.0,USD,2026-05-24
항공,Incheon,아시아,Hanoi,2020,10,,,,2200.0,2200.0,2200.0,USD,2026-05-24
항공,Incheon,아시아,Hochiminh,2020,10,,,,3966.0,3566.0,3550.0,USD,2026-05-24
항공,Incheon,아시아,HongKong,2020,10,,,,1300.0,1300.0,1300.0,USD,2026-05-24
항공,Incheon,아시아,Jakarta,2020,10,,,,4233.0,3816.0,3800.0,USD,2026-05-24
항공,Incheon,아시아,MANILA,2020,10,,,,4100.0,3833.0,3816.0,USD,2026-05-24
항공,Incheon,일본,Tokyo,2020,10,,,,3000.0,2800.0,2700.0,USD,2026-05-24
항공,Incheon,중국,Beijing,2020,10,,,,1800.0,1800.0,1800.0,USD,2026-05-24
항공,Incheon,중국,Dalian,2020,10,,,,2100.0,2100.0,2100.0,USD,2026-05-24
항공,Incheon,중국,Shanghai,2020,10,,,,1500.0,1400.0,1350.0,USD,2026-05-24
항공,Incheon,중국,Tianjin,2020,10,,,,1900.0,1800.0,1700.0,USD,2026-05-24
항공,Incheon,아프리카,Cairo,2020,10,,,,6700.0,6600.0,6600.0,USD,2026-05-24
항공,Incheon,아프리카,Cape Town,2020,10,,,,11600.0,11600.0,11200.0,USD,2026-05-24
항공,Incheon,오세아니아,Auckland,2020,10,,,,8500.0,8500.0,8500.0,USD,2026-05-24
항공,Incheon,오세아니아,Sydney,2020,10,,,,7000.0,7000.0,7000.0,USD,2026-05-24
항공,Incheon,중동,Abu dhabi,2020,10,,,,5300.0,5200.0,5100.0,USD,2026-05-24
항공,Incheon,중동,Dubai,2020,10,,,,5100.0,5000.0,4900.0,USD,2026-05-24
항공,Incheon,중동,Dammam,2020,10,,,,6700.0,6500.0,6100.0,USD,2026-05-24
항공,Incheon,중동,Riyadh,2020,10,,,,6500.0,6300.0,5900.0,USD,2026-05-24
항공,Incheon,중동,Kuwait,2020,10,,,,5600.0,5400.0,5200.0,USD,2026-05-24
항공,Incheon,중동,Tehran,2020,10,,,,12000.0,12000.0,12000.0,USD,2026-05-24
항공,Incheon,러시아,Moscow,2020,10,,,,7200.0,6800.0,6800.0,USD,2026-05-24
항공,Incheon,북미,Chicago,2023,11,,,,8040.0,8040.0,8040.0,USD,2026-05-24
항공,Incheon,북미,Dallas,2023,11,,,,11800.0,10800.0,10800.0,USD,2026-05-24
항공,Incheon,북미,Los Angeles,2023,11,,,,7040.0,7040.0,7040.0,USD,2026-05-24
항공,Incheon,북미,New York,2023,11,,,,8300.0,8250.0,8200.0,USD,2026-05-24
항공,Incheon,북미,Toronto,2023,11,,,,13910.0,13200.0,13200.0,USD,2026-05-24
항공,Incheon,중남미,Mexico City,2023,11,,,,13000.0,10250.0,10200.0,USD,2026-05-24
항공,Incheon,유럽,Amsterdam,2023,11,,,,9030.0,9030.0,9030.0,USD,2026-05-24
항공,Incheon,유럽,Frankfrut,2023,11,,,,7540.0,7540.0,7540.0,USD,2026-05-24
항공,Incheon,유럽,London,2023,11,,,,7410.0,7410.0,7410.0,USD,2026-05-24
항공,Incheon,유럽,Paris,2023,11,,,,7910.0,7910.0,7910.0,USD,2026-05-24
항공,Incheon,아시아,Chennai,2023,11,,,,3500.0,3450.0,3400.0,USD,2026-05-24
항공,Incheon,아시아,New Delhi,2023,11,,,,3250.0,3250.0,3250.0,USD,2026-05-24
항공,Incheon,아시아,Bangkok,2023,11,,,,1800.0,1800.0,1800.0,USD,2026-05-24
항공,Incheon,아시아,Hanoi,2023,11,,,,2150.0,2150.0,2150.0,USD,2026-05-24
항공,Incheon,아시아,Hochiminh,2023,11,,,,2050.0,2050.0,2050.0,USD,2026-05-24
항공,Incheon,아시아,HongKong,2023,11,,,,2650.0,2650.0,2650.0,USD,2026-05-24
항공,Incheon,아시아,Jakarta,2023,11,,,,4500.0,4500.0,4500.0,USD,2026-05-24
항공,Incheon,아시아,MANILA,2023,11,,,,3150.0,3150.0,3150.0,USD,2026-05-24
항공,Incheon,일본,Tokyo,2023,11,,,,2400.0,2400.0,2400.0,USD,2026-05-24
항공,Incheon,중국,Beijing,2023,11,,,,4350.0,4350.0,4350.0,USD,2026-05-24
항공,Incheon,중국,Guangzhou,2023,11,,,,2800.0,2450.0,2200.0,USD,2026-05-24
항공,Incheon,중국,Shanghai,2023,11,,,,2710.0,2710.0,2710.0,USD,2026-05-24
항공,Incheon,중국,Tianjin,2023,11,,,,3610.0,3610.0,3610.0,USD,2026-05-24
항공,Incheon,아프리카,Abidjan,2023,11,,,,9000.0,9000.0,9000.0,USD,2026-05-24
항공,Incheon,아프리카,Addis Ababa,2023,11,,,,10000.0,10000.0,10000.0,USD,2026-05-24
항공,Incheon,오세아니아,Auckland,2023,11,,,,9550.0,8550.0,7550.0,USD,2026-05-24
항공,Incheon,오세아니아,Sydney,2023,11,,,,4340.0,4340.0,4340.0,USD,2026-05-24
항공,Incheon,중동,Abu dhabi,2023,11,,,,8910.0,8710.0,8410.0,USD,2026-05-24
항공,Incheon,중동,Dubai,2023,11,,,,7410.0,7410.0,7410.0,USD,2026-05-24
항공,Incheon,중동,Dammam,2023,11,,,,5900.0,5500.0,5500.0,USD,2026-05-24
항공,Incheon,중동,Riyadh,2023,11,,,,6300.0,6300.0,6300.0,USD,2026-05-24
항공,Incheon,중동,Kuwait,2023,11,,,,5200.0,5200.0,5200.0,USD,2026-05-24
항공,Incheon,중동,Tehran,2023,11,,,,10110.0,10110.0,10110.0,USD,2026-05-24
항공,Incheon,러시아,Moscow,2023,11,,,,8500.0,8500.0,7500.0,USD,2026-05-24
항공,Incheon,북미,Chicago,2023,12,,,,,7900.0,7900.0,USD,2026-05-24
항공,Incheon,북미,Dallas,2023,12,,,,,10750.0,10100.0,USD,2026-05-24
항공,Incheon,북미,Los Angeles,2023,12,,,,,7000.0,7000.0,USD,2026-05-24
항공,Incheon,북미,New York,2023,12,,,,,8040.0,8040.0,USD,2026-05-24
항공,Incheon,북미,Toronto,2023,12,,,,,10000.0,10000.0,USD,2026-05-24
항공,Incheon,중남미,Mexico City,2023,12,,,,,9000.0,9000.0,USD,2026-05-24
항공,Incheon,유럽,Amsterdam,2023,12,,,,,9030.0,9030.0,USD,2026-05-24
항공,Incheon,유럽,Frankfrut,2023,12,,,,,7540.0,7540.0,USD,2026-05-24
항공,Incheon,유럽,London,2023,12,,,,,7410.0,7410.0,USD,2026-05-24
항공,Incheon,유럽,Paris,2023,12,,,,,7910.0,7910.0,USD,2026-05-24
항공,Incheon,아시아,Chennai,2023,12,,,,,3450.0,3400.0,USD,2026-05-24
항공,Incheon,아시아,New Delhi,2023,12,,,,,2900.0,2900.0,USD,2026-05-24
항공,Incheon,아시아,Bangkok,2023,12,,,,,1800.0,1800.0,USD,2026-05-24
항공,Incheon,아시아,Hanoi,2023,12,,,,,1900.0,1900.0,USD,2026-05-24
항공,Incheon,아시아,Hochiminh,2023,12,,,,,1800.0,1800.0,USD,2026-05-24
항공,Incheon,아시아,HongKong,2023,12,,,,,2650.0,2650.0,USD,2026-05-24
항공,Incheon,아시아,Jakarta,2023,12,,,,,4150.0,4100.0,USD,2026-05-24
항공,Incheon,아시아,MANILA,2023,12,,,,,2500.0,2500.0,USD,2026-05-24
항공,Incheon,일본,Tokyo,2023,12,,,,,2400.0,2400.0,USD,2026-05-24
항공,Incheon,중국,Beijing,2023,12,,,,,4350.0,4350.0,USD,2026-05-24
항공,Incheon,중국,Guangzhou,2023,12,,,,,2450.0,2200.0,USD,2026-05-24
항공,Incheon,중국,Shanghai,2023,12,,,,,2710.0,2710.0,USD,2026-05-24
항공,Incheon,중국,Tianjin,2023,12,,,,,3610.0,3610.0,USD,2026-05-24
항공,Incheon,아프리카,Abidjan,2023,12,,,,,9000.0,9000.0,USD,2026-05-24
항공,Incheon,아프리카,Addis Ababa,2023,12,,,,,10000.0,10000.0,USD,2026-05-24
항공,Incheon,오세아니아,Auckland,2023,12,,,,,7500.0,7500.0,USD,2026-05-24
항공,Incheon,오세아니아,Sydney,2023,12,,,,,3900.0,3900.0,USD,2026-05-24
항공,Incheon,중동,Abu dhabi,2023,12,,,,,8710.0,8410.0,USD,2026-05-24
항공,Incheon,중동,Dubai,2023,12,,,,,7410.0,7410.0,USD,2026-05-24
항공,Incheon,중동,Dammam,2023,12,,,,,5500.0,5500.0,USD,2026-05-24
항공,Incheon,중동,Riyadh,2023,12,,,,,6300.0,6300.0,USD,2026-05-24
항공,Incheon,중동,Kuwait,2023,12,,,,,5200.0,5200.0,USD,2026-05-24
항공,Incheon,중동,Tehran,2023,12,,,,,10110.0,10110.0,USD,2026-05-24
항공,Incheon,러시아,Moscow,2023,12,,,,,8500.0,7500.0,USD,2026-05-24
항공,Incheon,북미,Chicago,2024,01,,,,0.0,13710.0,13710.0,USD,2026-05-24
항공,Incheon,북미,Dallas,2024,01,,,,0.0,10610.0,10410.0,USD,2026-05-24
항공,Incheon,북미,Los Angeles,2024,01,,,,0.0,8410.0,8210.0,USD,2026-05-24
항공,Incheon,북미,New York,2024,01,,,,0.0,8410.0,7910.0,USD,2026-05-24
항공,Incheon,북미,Toronto,2024,01,,,,0.0,15280.0,15280.0,USD,2026-05-24
항공,Incheon,중남미,Mexico City,2024,01,,,,0.0,12280.0,11780.0,USD,2026-05-24
항공,Incheon,유럽,Amsterdam,2024,01,,,,0.0,8910.0,8910.0,USD,2026-05-24
항공,Incheon,유럽,Frankfrut,2024,01,,,,0.0,8040.0,8040.0,USD,2026-05-24
항공,Incheon,유럽,London,2024,01,,,,0.0,8410.0,8410.0,USD,2026-05-24
항공,Incheon,유럽,Paris,2024,01,,,,0.0,7910.0,7910.0,USD,2026-05-24
항공,Incheon,아시아,Chennai,2024,01,,,,0.0,4110.0,8220.0,USD,2026-05-24
항공,Incheon,아시아,New Delhi,2024,01,,,,0.0,3710.0,7420.0,USD,2026-05-24
항공,Incheon,아시아,Bangkok,2024,01,,,,0.0,2460.0,4920.0,USD,2026-05-24
항공,Incheon,아시아,Hanoi,2024,01,,,,0.0,2560.0,5120.0,USD,2026-05-24
항공,Incheon,아시아,Hochiminh,2024,01,,,,0.0,2460.0,4920.0,USD,2026-05-24
항공,Incheon,아시아,HongKong,2024,01,,,,0.0,1450.0,1450.0,USD,2026-05-24
항공,Incheon,아시아,Jakarta,2024,01,,,,0.0,4860.0,9720.0,USD,2026-05-24
항공,Incheon,아시아,MANILA,2024,01,,,,0.0,3160.0,6320.0,USD,2026-05-24
항공,Incheon,일본,Tokyo,2024,01,,,,0.0,1900.0,1900.0,USD,2026-05-24
항공,Incheon,중국,Beijing,2024,01,,,,0.0,4350.0,4350.0,USD,2026-05-24
항공,Incheon,중국,Guangzhou,2024,01,,,,0.0,2450.0,2200.0,USD,2026-05-24
항공,Incheon,중국,Shanghai,2024,01,,,,0.0,1410.0,1410.0,USD,2026-05-24
항공,Incheon,중국,Tianjin,2024,01,,,,0.0,2610.0,2610.0,USD,2026-05-24
항공,Incheon,아프리카,Abidjan,2024,01,,,,0.0,9000.0,9000.0,USD,2026-05-24
항공,Incheon,아프리카,Addis Ababa,2024,01,,,,0.0,10000.0,10000.0,USD,2026-05-24
항공,Incheon,오세아니아,Auckland,2024,01,,,,0.0,9280.0,8780.0,USD,2026-05-24
항공,Incheon,오세아니아,Sydney,2024,01,,,,0.0,9280.0,8780.0,USD,2026-05-24
항공,Incheon,중동,Abu dhabi,2024,01,,,,0.0,9210.0,8910.0,USD,2026-05-24
항공,Incheon,중동,Dubai,2024,01,,,,0.0,7910.0,7910.0,USD,2026-05-24
항공,Incheon,중동,Dammam,2024,01,,,,0.0,7000.0,7000.0,USD,2026-05-24
항공,Incheon,중동,Riyadh,2024,01,,,,0.0,7000.0,7000.0,USD,2026-05-24
항공,Incheon,중동,Kuwait,2024,01,,,,0.0,4700.0,4700.0,USD,2026-05-24
항공,Incheon,중동,Tehran,2024,01,,,,0.0,11910.0,11910.0,USD,2026-05-24
항공,Incheon,러시아,Moscow,2024,01,,,,0.0,7735.0,7535.0,USD,2026-05-24
항공,Incheon,북미,Chicago,2024,02,,,,,9950.0,9750.0,USD,2026-05-24
항공,Incheon,북미,Dallas,2024,02,,,,,10340.0,10140.0,USD,2026-05-24
항공,Incheon,북미,Los Angeles,2024,02,,,,,7750.0,7700.0,USD,2026-05-24
항공,Incheon,북미,New York,2024,02,,,,,8750.0,8650.0,USD,2026-05-24
항공,Incheon,북미,Toronto,2024,02,,,,,11250.0,10950.0,USD,2026-05-24
항공,Incheon,중남미,Mexico City,2024,02,,,,,10250.0,10250.0,USD,2026-05-24
항공,Incheon,유럽,Amsterdam,2024,02,,,,,7410.0,7410.0,USD,2026-05-24
항공,Incheon,유럽,Frankfrut,2024,02,,,,,6840.0,6840.0,USD,2026-05-24
항공,Incheon,유럽,London,2024,02,,,,,6710.0,6710.0,USD,2026-05-24
항공,Incheon,유럽,Paris,2024,02,,,,,6710.0,6710.0,USD,2026-05-24
항공,Incheon,아시아,Chennai,2024,02,,,,,3450.0,3400.0,USD,2026-05-24
항공,Incheon,아시아,New Delhi,2024,02,,,,,3400.0,3300.0,USD,2026-05-24
항공,Incheon,아시아,Bangkok,2024,02,,,,,2200.0,2100.0,USD,2026-05-24
항공,Incheon,아시아,Hanoi,2024,02,,,,,2600.0,2500.0,USD,2026-05-24
항공,Incheon,아시아,Hochiminh,2024,02,,,,,2500.0,2400.0,USD,2026-05-24
항공,Incheon,아시아,HongKong,2024,02,,,,,1160.0,1160.0,USD,2026-05-24
항공,Incheon,아시아,Jakarta,2024,02,,,,,4150.0,4110.0,USD,2026-05-24
항공,Incheon,아시아,MANILA,2024,02,,,,,2560.0,2560.0,USD,2026-05-24
항공,Incheon,일본,Tokyo,2024,02,,,,,1410.0,1310.0,USD,2026-05-24
항공,Incheon,중국,Beijing,2024,02,,,,,4160.0,4160.0,USD,2026-05-24
항공,Incheon,중국,Guangzhou,2024,02,,,,,3160.0,3160.0,USD,2026-05-24
항공,Incheon,중국,Shanghai,2024,02,,,,,1480.0,1480.0,USD,2026-05-24
항공,Incheon,중국,Tianjin,2024,02,,,,,2430.0,2430.0,USD,2026-05-24
항공,Incheon,아프리카,Abidjan,2024,02,,,,,9000.0,9000.0,USD,2026-05-24
항공,Incheon,아프리카,Addis Ababa,2024,02,,,,,10000.0,10000.0,USD,2026-05-24
항공,Incheon,오세아니아,Auckland,2024,02,,,,,9210.0,8710.0,USD,2026-05-24
항공,Incheon,오세아니아,Sydney,2024,02,,,,,9210.0,8710.0,USD,2026-05-24
항공,Incheon,중동,Abu dhabi,2024,02,,,,,8510.0,8210.0,USD,2026-05-24
항공,Incheon,중동,Dubai,2024,02,,,,,7210.0,7210.0,USD,2026-05-24
항공,Incheon,중동,Dammam,2024,02,,,,,5900.0,5800.0,USD,2026-05-24
항공,Incheon,중동,Riyadh,2024,02,,,,,5900.0,5900.0,USD,2026-05-24
항공,Incheon,중동,Kuwait,2024,02,,,,,4200.0,4200.0,USD,2026-05-24
항공,Incheon,중동,Tehran,2024,02,,,,,9710.0,9710.0,USD,2026-05-24
항공,Incheon,러시아,Moscow,2024,02,,,,,7665.0,7465.0,USD,2026-05-24
항공,Incheon,북미,Chicago,2024,03,,,,,9950.0,9750.0,USD,2026-05-24
항공,Incheon,북미,Dallas,2024,03,,,,,10340.0,10140.0,USD,2026-05-24
항공,Incheon,북미,Los Angeles,2024,03,,,,,7750.0,7700.0,USD,2026-05-24
항공,Incheon,북미,New York,2024,03,,,,,8750.0,8650.0,USD,2026-05-24
항공,Incheon,북미,Toronto,2024,03,,,,,11250.0,10950.0,USD,2026-05-24
항공,Incheon,중남미,Mexico City,2024,03,,,,,10250.0,10250.0,USD,2026-05-24
항공,Incheon,유럽,Amsterdam,2024,03,,,,,7410.0,7410.0,USD,2026-05-24
항공,Incheon,유럽,Frankfrut,2024,03,,,,,6840.0,6840.0,USD,2026-05-24
항공,Incheon,유럽,London,2024,03,,,,,6710.0,6710.0,USD,2026-05-24
항공,Incheon,유럽,Paris,2024,03,,,,,6710.0,6710.0,USD,2026-05-24
항공,Incheon,아시아,Chennai,2024,03,,,,,8510.0,8210.0,USD,2026-05-24
항공,Incheon,아시아,New Delhi,2024,03,,,,,7210.0,7210.0,USD,2026-05-24
항공,Incheon,아시아,Bangkok,2024,03,,,,,5900.0,5800.0,USD,2026-05-24
항공,Incheon,아시아,Hanoi,2024,03,,,,,5900.0,5900.0,USD,2026-05-24
항공,Incheon,아시아,Hochiminh,2024,03,,,,,4200.0,4200.0,USD,2026-05-24
항공,Incheon,아시아,HongKong,2024,03,,,,,9710.0,9710.0,USD,2026-05-24
항공,Incheon,아시아,Jakarta,2024,03,,,,,2600.0,2500.0,USD,2026-05-24
항공,Incheon,아시아,MANILA,2024,03,,,,,2500.0,2400.0,USD,2026-05-24
항공,Incheon,일본,Tokyo,2024,03,,,,,4150.0,4110.0,USD,2026-05-24
항공,Incheon,중국,Beijing,2024,03,,,,,2560.0,2560.0,USD,2026-05-24
항공,Incheon,중국,Guangzhou,2024,03,,,,,3450.0,3400.0,USD,2026-05-24
항공,Incheon,중국,Shanghai,2024,03,,,,,3400.0,3300.0,USD,2026-05-24
항공,Incheon,중국,Tianjin,2024,03,,,,,2200.0,2100.0,USD,2026-05-24
항공,Incheon,아프리카,Abidjan,2024,03,,,,,4160.0,4160.0,USD,2026-05-24
항공,Incheon,아프리카,Addis Ababa,2024,03,,,,,2430.0,2430.0,USD,2026-05-24
항공,Incheon,오세아니아,Auckland,2024,03,,,,,3160.0,3160.0,USD,2026-05-24
항공,Incheon,오세아니아,Sydney,2024,03,,,,,1480.0,1480.0,USD,2026-05-24
항공,Incheon,중동,Abu dhabi,2024,03,,,,,1160.0,1160.0,USD,2026-05-24
항공,Incheon,중동,Dubai,2024,03,,,,,1410.0,1310.0,USD,2026-05-24
항공,Incheon,중동,Dammam,2024,03,,,,,9210.0,8710.0,USD,2026-05-24
항공,Incheon,중동,Riyadh,2024,03,,,,,9210.0,8710.0,USD,2026-05-24
항공,Incheon,중동,Kuwait,2024,03,,,,,9000.0,9000.0,USD,2026-05-24
항공,Incheon,중동,Tehran,2024,03,,,,,10000.0,10000.0,USD,2026-05-24
항공,Incheon,러시아,Moscow,2024,03,,,,,7665.0,7465.0,USD,2026-05-24
항공,Incheon,북미,Chicago,2024,04,,,,,8250.0,8140.0,USD,2026-05-24
항공,Incheon,북미,Dallas,2024,04,,,,,11540.0,11340.0,USD,2026-05-24
항공,Incheon,북미,Los Angeles,2024,04,,,,,7040.0,6840.0,USD,2026-05-24
항공,Incheon,북미,New York,2024,04,,,,,8250.0,8140.0,USD,2026-05-24
항공,Incheon,북미,Toronto,2024,04,,,,,9950.0,9400.0,USD,2026-05-24
항공,Incheon,중남미,Mexico City,2024,04,,,,,8210.0,7910.0,USD,2026-05-24
항공,Incheon,유럽,Amsterdam,2024,04,,,,,7710.0,7710.0,USD,2026-05-24
항공,Incheon,유럽,Frankfrut,2024,04,,,,,6340.0,6340.0,USD,2026-05-24
항공,Incheon,유럽,London,2024,04,,,,,6210.0,6210.0,USD,2026-05-24
항공,Incheon,유럽,Paris,2024,04,,,,,6210.0,6210.0,USD,2026-05-24
항공,Incheon,아시아,Chennai,2024,04,,,,,8010.0,7710.0,USD,2026-05-24
항공,Incheon,아시아,New Delhi,2024,04,,,,,6710.0,7710.0,USD,2026-05-24
항공,Incheon,아시아,Bangkok,2024,04,,,,,5400.0,500.0,USD,2026-05-24
항공,Incheon,아시아,Hanoi,2024,04,,,,,5400.0,500.0,USD,2026-05-24
항공,Incheon,아시아,Hochiminh,2024,04,,,,,3700.0,3700.0,USD,2026-05-24
항공,Incheon,아시아,HongKong,2024,04,,,,,10210.0,10210.0,USD,2026-05-24
항공,Incheon,아시아,Jakarta,2024,04,,,,,2110.0,2110.0,USD,2026-05-24
항공,Incheon,아시아,MANILA,2024,04,,,,,1960.0,1960.0,USD,2026-05-24
항공,Incheon,일본,Tokyo,2024,04,,,,,4040.0,4040.0,USD,2026-05-24
항공,Incheon,중국,Beijing,2024,04,,,,,2610.0,2610.0,USD,2026-05-24
항공,Incheon,중국,Guangzhou,2024,04,,,,,3560.0,3560.0,USD,2026-05-24
항공,Incheon,중국,Shanghai,2024,04,,,,,2550.0,2500.0,USD,2026-05-24
항공,Incheon,중국,Tianjin,2024,04,,,,,1560.0,1560.0,USD,2026-05-24
항공,Incheon,아프리카,Abidjan,2024,04,,,,,3910.0,3910.0,USD,2026-05-24
항공,Incheon,아프리카,Addis Ababa,2024,04,,,,,2430.0,2430.0,USD,2026-05-24
항공,Incheon,오세아니아,Auckland,2024,04,,,,,3160.0,3160.0,USD,2026-05-24
항공,Incheon,오세아니아,Sydney,2024,04,,,,,1330.0,1330.0,USD,2026-05-24
항공,Incheon,중동,Abu dhabi,2024,04,,,,,1160.0,1160.0,USD,2026-05-24
항공,Incheon,중동,Dubai,2024,04,,,,,1560.0,1510.0,USD,2026-05-24
항공,Incheon,중동,Dammam,2024,04,,,,,8000.0,8000.0,USD,2026-05-24
항공,Incheon,중동,Riyadh,2024,04,,,,,4640.0,4640.0,USD,2026-05-24
항공,Incheon,중동,Kuwait,2024,04,,,,,0.0,0.0,USD,2026-05-24
항공,Incheon,중동,Tehran,2024,04,,,,,0.0,0.0,USD,2026-05-24
항공,Incheon,러시아,Moscow,2024,04,,,,,7460.0,7310.0,USD,2026-05-24
항공,Incheon,북미,Chicago,2024,05,,,,8340.0,7840.0,7640.0,USD,2026-05-24
항공,Incheon,북미,Dallas,2024,05,,,,11840.0,11540.0,11340.0,USD,2026-05-24
항공,Incheon,북미,Los Angeles,2024,05,,,,6840.0,6540.0,6340.0,USD,2026-05-24
항공,Incheon,북미,New York,2024,05,,,,8640.0,8340.0,8140.0,USD,2026-05-24
항공,Incheon,북미,Toronto,2024,05,,,,10710.0,10210.0,10010.0,USD,2026-05-24
항공,Incheon,중남미,Mexico City,2024,05,,,,9000.0,7700.0,7500.0,USD,2026-05-24
항공,Incheon,유럽,Amsterdam,2024,05,,,,7410.0,7410.0,7410.0,USD,2026-05-24
항공,Incheon,유럽,Frankfrut,2024,05,,,,6340.0,6340.0,6340.0,USD,2026-05-24
항공,Incheon,유럽,London,2024,05,,,,6210.0,6210.0,6210.0,USD,2026-05-24
항공,Incheon,유럽,Paris,2024,05,,,,6210.0,6210.0,6210.0,USD,2026-05-24
항공,Incheon,아시아,Chennai,2024,05,,,,,,,USD,2026-05-24
항공,Incheon,아시아,New Delhi,2024,05,,,,3110.0,3110.0,3110.0,USD,2026-05-24
항공,Incheon,아시아,Bangkok,2024,05,,,,,,,USD,2026-05-24
항공,Incheon,아시아,Hanoi,2024,05,,,,2160.0,2160.0,2160.0,USD,2026-05-24
항공,Incheon,아시아,Hochiminh,2024,05,,,,2060.0,2060.0,2060.0,USD,2026-05-24
항공,Incheon,아시아,HongKong,2024,05,,,,1260.0,1260.0,1260.0,USD,2026-05-24
항공,Incheon,아시아,Jakarta,2024,05,,,,4100.0,4100.0,4100.0,USD,2026-05-24
항공,Incheon,아시아,MANILA,2024,05,,,,2960.0,2960.0,2960.0,USD,2026-05-24
항공,Incheon,일본,Tokyo,2024,05,,,,1560.0,1560.0,1560.0,USD,2026-05-24
항공,Incheon,중국,Beijing,2024,05,,,,3360.0,3360.0,3160.0,USD,2026-05-24
항공,Incheon,중국,Guangzhou,2024,05,,,,,,,USD,2026-05-24
항공,Incheon,중국,Shanghai,2024,05,,,,1130.0,1130.0,1130.0,USD,2026-05-24
항공,Incheon,중국,Tianjin,2024,05,,,,2430.0,2430.0,2430.0,USD,2026-05-24
항공,Incheon,아프리카,Abidjan,2024,05,,,,,,,USD,2026-05-24
항공,Incheon,아프리카,Addis Ababa,2024,05,,,,,,,USD,2026-05-24
항공,Incheon,오세아니아,Auckland,2024,05,,,,8000.0,8000.0,8000.0,USD,2026-05-24
항공,Incheon,오세아니아,Sydney,2024,05,,,,4340.0,4340.0,4340.0,USD,2026-05-24
항공,Incheon,중동,Abu dhabi,2024,05,,,,8710.0,8010.0,7710.0,USD,2026-05-24
항공,Incheon,중동,Dubai,2024,05,,,,8210.0,8210.0,8210.0,USD,2026-05-24
항공,Incheon,중동,Dammam,2024,05,,,,6400.0,6300.0,6100.0,USD,2026-05-24
항공,Incheon,중동,Riyadh,2024,05,,,,6500.0,5800.0,5600.0,USD,2026-05-24
항공,Incheon,중동,Kuwait,2024,05,,,,4500.0,4100.0,4000.0,USD,2026-05-24
항공,Incheon,중동,Tehran,2024,05,,,,9710.0,9710.0,9710.0,USD,2026-05-24
항공,Incheon,러시아,Moscow,2024,05,,,,6910.0,6810.0,6710.0,USD,2026-05-24
항공,Incheon,북미,Chicago,2024,06,,,,,7840.0,7640.0,USD,2026-05-24
항공,Incheon,북미,Dallas,2024,06,,,,,11540.0,11340.0,USD,2026-05-24
항공,Incheon,북미,Los Angeles,2024,06,,,,,6540.0,6340.0,USD,2026-05-24
항공,Incheon,북미,New York,2024,06,,,,,8340.0,8140.0,USD,2026-05-24
항공,Incheon,북미,Toronto,2024,06,,,,,10210.0,10010.0,USD,2026-05-24
항공,Incheon,중남미,Mexico City,2024,06,,,,,7700.0,7500.0,USD,2026-05-24
항공,Incheon,유럽,Amsterdam,2024,06,,,,,7410.0,7410.0,USD,2026-05-24
항공,Incheon,유럽,Frankfrut,2024,06,,,,,6340.0,6340.0,USD,2026-05-24
항공,Incheon,유럽,London,2024,06,,,,,6210.0,6210.0,USD,2026-05-24
항공,Incheon,유럽,Paris,2024,06,,,,,6210.0,6210.0,USD,2026-05-24
항공,Incheon,아시아,Chennai,2024,06,,,,,,,USD,2026-05-24
항공,Incheon,아시아,New Delhi,2024,06,,,,,3110.0,3110.0,USD,2026-05-24
항공,Incheon,아시아,Bangkok,2024,06,,,,,,,USD,2026-05-24
항공,Incheon,아시아,Hanoi,2024,06,,,,,2160.0,2160.0,USD,2026-05-24
항공,Incheon,아시아,Hochiminh,2024,06,,,,,2060.0,2060.0,USD,2026-05-24
항공,Incheon,아시아,HongKong,2024,06,,,,,1260.0,1260.0,USD,2026-05-24
항공,Incheon,아시아,Jakarta,2024,06,,,,,4100.0,4100.0,USD,2026-05-24
항공,Incheon,아시아,MANILA,2024,06,,,,,2960.0,2960.0,USD,2026-05-24
항공,Incheon,일본,Tokyo,2024,06,,,,,1560.0,1560.0,USD,2026-05-24
항공,Incheon,중국,Beijing,2024,06,,,,,3360.0,3160.0,USD,2026-05-24
항공,Incheon,중국,Guangzhou,2024,06,,,,,,,USD,2026-05-24
항공,Incheon,중국,Shanghai,2024,06,,,,,1130.0,1130.0,USD,2026-05-24
항공,Incheon,중국,Tianjin,2024,06,,,,,2430.0,2430.0,USD,2026-05-24
항공,Incheon,아프리카,Abidjan,2024,06,,,,,,,USD,2026-05-24
항공,Incheon,아프리카,Addis Ababa,2024,06,,,,,,,USD,2026-05-24
항공,Incheon,오세아니아,Auckland,2024,06,,,,,8000.0,8000.0,USD,2026-05-24
항공,Incheon,오세아니아,Sydney,2024,06,,,,,4340.0,4340.0,USD,2026-05-24
항공,Incheon,중동,Abu dhabi,2024,06,,,,,8010.0,7710.0,USD,2026-05-24
항공,Incheon,중동,Dubai,2024,06,,,,,8210.0,8210.0,USD,2026-05-24
항공,Incheon,중동,Dammam,2024,06,,,,,6300.0,6100.0,USD,2026-05-24
항공,Incheon,중동,Riyadh,2024,06,,,,,5800.0,5600.0,USD,2026-05-24
항공,Incheon,중동,Kuwait,2024,06,,,,,4100.0,4000.0,USD,2026-05-24
항공,Incheon,중동,Tehran,2024,06,,,,,9710.0,9710.0,USD,2026-05-24
항공,Incheon,러시아,Moscow,2024,06,,,,,6810.0,6710.0,USD,2026-05-24
항공,Incheon,북미,Chicago,2024,07,,,,8670.0,8370.0,8170.0,USD,2026-05-24
항공,Incheon,북미,Dallas,2024,07,,,,11270.0,11170.0,10970.0,USD,2026-05-24
항공,Incheon,북미,Los Angeles,2024,07,,,,7270.0,6970.0,6770.0,USD,2026-05-24
항공,Incheon,북미,New York,2024,07,,,,8770.0,8470.0,6770.0,USD,2026-05-24
항공,Incheon,북미,Toronto,2024,07,,,,10140.0,9440.0,8270.0,USD,2026-05-24
항공,Incheon,중남미,Mexico City,2024,07,,,,12100.0,12100.0,9240.0,USD,2026-05-24
항공,Incheon,유럽,Amsterdam,2024,07,,,,7640.0,7640.0,7640.0,USD,2026-05-24
항공,Incheon,유럽,Frankfrut,2024,07,,,,6770.0,6770.0,6770.0,USD,2026-05-24
항공,Incheon,유럽,London,2024,07,,,,6640.0,6640.0,6640.0,USD,2026-05-24
항공,Incheon,유럽,Paris,2024,07,,,,7140.0,7140.0,7140.0,USD,2026-05-24
항공,Incheon,아시아,Chennai,2024,07,,,,3760.0,3760.0,3760.0,USD,2026-05-24
항공,Incheon,아시아,New Delhi,2024,07,,,,2960.0,2960.0,2960.0,USD,2026-05-24
항공,Incheon,아시아,Bangkok,2024,07,,,,2110.0,2110.0,2110.0,USD,2026-05-24
항공,Incheon,아시아,Hanoi,2024,07,,,,2310.0,2310.0,2310.0,USD,2026-05-24
항공,Incheon,아시아,Hochiminh,2024,07,,,,2310.0,2310.0,2310.0,USD,2026-05-24
항공,Incheon,아시아,HongKong,2024,07,,,,1310.0,1310.0,1310.0,USD,2026-05-24
항공,Incheon,아시아,Jakarta,2024,07,,,,4310.0,4310.0,4310.0,USD,2026-05-24
항공,Incheon,아시아,MANILA,2024,07,,,,3110.0,3110.0,3110.0,USD,2026-05-24
항공,Incheon,일본,Tokyo,2024,07,,,,1610.0,1610.0,1610.0,USD,2026-05-24
항공,Incheon,중국,Beijing,2024,07,,,,2710.0,2710.0,2710.0,USD,2026-05-24
항공,Incheon,중국,Guangzhou,2024,07,,,,2860.0,2860.0,2860.0,USD,2026-05-24
항공,Incheon,중국,Shanghai,2024,07,,,,1780.0,1780.0,1780.0,USD,2026-05-24
항공,Incheon,중국,Tianjin,2024,07,,,,1960.0,1960.0,1960.0,USD,2026-05-24
항공,Incheon,아프리카,Abidjan,2024,07,,,,9880.0,9880.0,9880.0,USD,2026-05-24
항공,Incheon,아프리카,Addis Ababa,2024,07,,,,10360.0,10360.0,10360.0,USD,2026-05-24
항공,Incheon,오세아니아,Auckland,2024,07,,,,6500.0,6500.0,6500.0,USD,2026-05-24
항공,Incheon,오세아니아,Sydney,2024,07,,,,4070.0,4070.0,4070.0,USD,2026-05-24
항공,Incheon,중동,Abu dhabi,2024,07,,,,8240.0,8040.0,8040.0,USD,2026-05-24
항공,Incheon,중동,Dubai,2024,07,,,,7140.0,6640.0,6640.0,USD,2026-05-24
항공,Incheon,중동,Dammam,2024,07,,,,6640.0,6040.0,6040.0,USD,2026-05-24
항공,Incheon,중동,Riyadh,2024,07,,,,5140.0,4740.0,4740.0,USD,2026-05-24
항공,Incheon,중동,Kuwait,2024,07,,,,4600.0,4400.0,4400.0,USD,2026-05-24
항공,Incheon,중동,Tehran,2024,07,,,,10470.0,10470.0,10470.0,USD,2026-05-24
항공,Incheon,러시아,Moscow,2024,07,,,,8425.0,8425.0,8225.0,USD,2026-05-24
항공,Incheon,북미,Chicago,2024,08,,,,9270.0,8770.0,8770.0,USD,2026-05-24
항공,Incheon,북미,Dallas,2024,08,,,,10270.0,9770.0,9570.0,USD,2026-05-24
항공,Incheon,북미,Los Angeles,2024,08,,,,6770.0,6670.0,6470.0,USD,2026-05-24
항공,Incheon,북미,New York,2024,08,,,,7570.0,7570.0,7570.0,USD,2026-05-24
항공,Incheon,북미,Toronto,2024,08,,,,8640.0,8440.0,8440.0,USD,2026-05-24
항공,Incheon,중남미,Mexico City,2024,08,,,,9840.0,9340.0,8840.0,USD,2026-05-24
항공,Incheon,유럽,Amsterdam,2024,08,,,,8690.0,8690.0,8690.0,USD,2026-05-24
항공,Incheon,유럽,Frankfrut,2024,08,,,,7390.0,7390.0,7390.0,USD,2026-05-24
항공,Incheon,유럽,London,2024,08,,,,7260.0,7260.0,7260.0,USD,2026-05-24
항공,Incheon,유럽,Paris,2024,08,,,,6760.0,6760.0,6760.0,USD,2026-05-24
항공,Incheon,아시아,Chennai,2024,08,,,,4090.0,4090.0,4090.0,USD,2026-05-24
항공,Incheon,아시아,New Delhi,2024,08,,,,3290.0,3290.0,3290.0,USD,2026-05-24
항공,Incheon,아시아,Bangkok,2024,08,,,,1550.0,1550.0,1550.0,USD,2026-05-24
항공,Incheon,아시아,Hanoi,2024,08,,,,2450.0,2450.0,2450.0,USD,2026-05-24
항공,Incheon,아시아,Hochiminh,2024,08,,,,2050.0,2050.0,2050.0,USD,2026-05-24
항공,Incheon,아시아,HongKong,2024,08,,,,1350.0,1350.0,1350.0,USD,2026-05-24
항공,Incheon,아시아,Jakarta,2024,08,,,,4680.0,4550.0,4550.0,USD,2026-05-24
항공,Incheon,아시아,MANILA,2024,08,,,,2550.0,2550.0,2550.0,USD,2026-05-24
항공,Incheon,일본,Tokyo,2024,08,,,,1550.0,1550.0,1550.0,USD,2026-05-24
항공,Incheon,중국,Beijing,2024,08,,,,3150.0,3150.0,3150.0,USD,2026-05-24
항공,Incheon,중국,Guangzhou,2024,08,,,,3150.0,3150.0,3150.0,USD,2026-05-24
항공,Incheon,중국,Shanghai,2024,08,,,,1520.0,1520.0,1520.0,USD,2026-05-24
항공,Incheon,중국,Tianjin,2024,08,,,,2120.0,2120.0,2120.0,USD,2026-05-24
항공,Incheon,아프리카,Abidjan,2024,08,,,,10570.0,10570.0,10570.0,USD,2026-05-24
항공,Incheon,아프리카,Addis Ababa,2024,08,,,,11190.0,11190.0,11190.0,USD,2026-05-24
항공,Incheon,오세아니아,Auckland,2024,08,,,,5240.0,5190.0,5140.0,USD,2026-05-24
항공,Incheon,오세아니아,Sydney,2024,08,,,,3470.0,3420.0,3370.0,USD,2026-05-24
항공,Incheon,중동,Abu dhabi,2024,08,,,,9360.0,9360.0,9360.0,USD,2026-05-24
항공,Incheon,중동,Dubai,2024,08,,,,7760.0,7760.0,7760.0,USD,2026-05-24
항공,Incheon,중동,Dammam,2024,08,,,,6760.0,6760.0,6760.0,USD,2026-05-24
항공,Incheon,중동,Riyadh,2024,08,,,,5830.0,5830.0,5830.0,USD,2026-05-24
항공,Incheon,중동,Kuwait,2024,08,,,,5290.0,5290.0,5290.0,USD,2026-05-24
항공,Incheon,중동,Tehran,2024,08,,,,11160.0,11160.0,11160.0,USD,2026-05-24
항공,Incheon,러시아,Moscow,2024,08,,,,9150.0,7950.0,7650.0,USD,2026-05-24
항공,Incheon,북미,Chicago,2024,09,,,,9640.0,9140.0,8640.0,USD,2026-05-24
항공,Incheon,북미,Dallas,2024,09,,,,11440.0,11140.0,10940.0,USD,2026-05-24
항공,Incheon,북미,Los Angeles,2024,09,,,,6640.0,6540.0,6340.0,USD,2026-05-24
항공,Incheon,북미,New York,2024,09,,,,7440.0,7140.0,7140.0,USD,2026-05-24
항공,Incheon,북미,Toronto,2024,09,,,,8510.0,8310.0,8310.0,USD,2026-05-24
항공,Incheon,중남미,Mexico City,2024,09,,,,9840.0,9340.0,8840.0,USD,2026-05-24
항공,Incheon,유럽,Amsterdam,2024,09,,,,8690.0,8690.0,8690.0,USD,2026-05-24
항공,Incheon,유럽,Frankfrut,2024,09,,,,8150.0,8150.0,8150.0,USD,2026-05-24
항공,Incheon,유럽,London,2024,09,,,,8150.0,8150.0,8150.0,USD,2026-05-24
항공,Incheon,유럽,Paris,2024,09,,,,8150.0,8150.0,8150.0,USD,2026-05-24
항공,Incheon,아시아,Chennai,2024,09,,,,3860.0,3860.0,3860.0,USD,2026-05-24
항공,Incheon,아시아,New Delhi,2024,09,,,,3360.0,3360.0,3360.0,USD,2026-05-24
항공,Incheon,아시아,Bangkok,2024,09,,,,2120.0,2120.0,2120.0,USD,2026-05-24
항공,Incheon,아시아,Hanoi,2024,09,,,,2820.0,2820.0,2820.0,USD,2026-05-24
항공,Incheon,아시아,Hochiminh,2024,09,,,,2120.0,2120.0,2120.0,USD,2026-05-24
항공,Incheon,아시아,HongKong,2024,09,,,,1950.0,1950.0,1950.0,USD,2026-05-24
항공,Incheon,아시아,Jakarta,2024,09,,,,4120.0,4120.0,4120.0,USD,2026-05-24
항공,Incheon,아시아,MANILA,2024,09,,,,3120.0,3120.0,3120.0,USD,2026-05-24
항공,Incheon,일본,Tokyo,2024,09,,,,1950.0,1950.0,1950.0,USD,2026-05-24
항공,Incheon,중국,Beijing,2024,09,,,,3450.0,3450.0,3450.0,USD,2026-05-24
항공,Incheon,중국,Guangzhou,2024,09,,,,3550.0,3550.0,3550.0,USD,2026-05-24
항공,Incheon,중국,Shanghai,2024,09,,,,2420.0,2420.0,2420.0,USD,2026-05-24
항공,Incheon,중국,Tianjin,2024,09,,,,2650.0,2650.0,2650.0,USD,2026-05-24
항공,Incheon,아프리카,Abidjan,2024,09,,,,10570.0,10570.0,10570.0,USD,2026-05-24
항공,Incheon,아프리카,Addis Ababa,2024,09,,,,11190.0,11190.0,11190.0,USD,2026-05-24
항공,Incheon,오세아니아,Auckland,2024,09,,,,5110.0,5060.0,5140.0,USD,2026-05-24
항공,Incheon,오세아니아,Sydney,2024,09,,,,3340.0,3290.0,3370.0,USD,2026-05-24
항공,Incheon,중동,Abu dhabi,2024,09,,,,9390.0,9390.0,9390.0,USD,2026-05-24
항공,Incheon,중동,Dubai,2024,09,,,,7890.0,7890.0,7890.0,USD,2026-05-24
항공,Incheon,중동,Dammam,2024,09,,,,6790.0,6790.0,6790.0,USD,2026-05-24
항공,Incheon,중동,Riyadh,2024,09,,,,5830.0,5830.0,5830.0,USD,2026-05-24
항공,Incheon,중동,Kuwait,2024,09,,,,5290.0,5290.0,5290.0,USD,2026-05-24
항공,Incheon,중동,Tehran,2024,09,,,,11160.0,11160.0,11160.0,USD,2026-05-24
항공,Incheon,러시아,Moscow,2024,09,,,,7960.0,7860.0,7860.0,USD,2026-05-24
항공,Incheon,북미,Chicago,2024,10,,,,9570.0,9070.0,8570.0,USD,2026-05-24
항공,Incheon,북미,Dallas,2024,10,,,,12570.0,12070.0,12070.0,USD,2026-05-24
항공,Incheon,북미,Los Angeles,2024,10,,,,8570.0,8070.0,8070.0,USD,2026-05-24
항공,Incheon,북미,New York,2024,10,,,,7370.0,7070.0,7070.0,USD,2026-05-24
항공,Incheon,북미,Toronto,2024,10,,,,8440.0,8440.0,8440.0,USD,2026-05-24
항공,Incheon,중남미,Mexico City,2024,10,,,,9840.0,9340.0,8840.0,USD,2026-05-24
항공,Incheon,유럽,Amsterdam,2024,10,,,,7640.0,7640.0,7640.0,USD,2026-05-24
항공,Incheon,유럽,Frankfrut,2024,10,,,,6640.0,6640.0,6640.0,USD,2026-05-24
항공,Incheon,유럽,London,2024,10,,,,7140.0,7140.0,7140.0,USD,2026-05-24
항공,Incheon,유럽,Paris,2024,10,,,,7640.0,7640.0,7640.0,USD,2026-05-24
항공,Incheon,아시아,Chennai,2024,10,,,,3840.0,3840.0,3840.0,USD,2026-05-24
항공,Incheon,아시아,New Delhi,2024,10,,,,3840.0,3840.0,3840.0,USD,2026-05-24
항공,Incheon,아시아,Bangkok,2024,10,,,,2010.0,2010.0,2010.0,USD,2026-05-24
항공,Incheon,아시아,Hanoi,2024,10,,,,2210.0,2210.0,2210.0,USD,2026-05-24
항공,Incheon,아시아,Hochiminh,2024,10,,,,2310.0,2310.0,2310.0,USD,2026-05-24
항공,Incheon,아시아,HongKong,2024,10,,,,850.0,800.0,750.0,USD,2026-05-24
항공,Incheon,아시아,Jakarta,2024,10,,,,4210.0,4210.0,4210.0,USD,2026-05-24
항공,Incheon,아시아,MANILA,2024,10,,,,3010.0,3010.0,3010.0,USD,2026-05-24
항공,Incheon,일본,Tokyo,2024,10,,,,1360.0,1260.0,1060.0,USD,2026-05-24
항공,Incheon,중국,Beijing,2024,10,,,,3500.0,3450.0,3400.0,USD,2026-05-24
항공,Incheon,중국,Guangzhou,2024,10,,,,2800.0,2450.0,2200.0,USD,2026-05-24
항공,Incheon,중국,Shanghai,2024,10,,,,1150.0,1100.0,1050.0,USD,2026-05-24
항공,Incheon,중국,Tianjin,2024,10,,,,1700.0,1650.0,1600.0,USD,2026-05-24
항공,Incheon,아프리카,Abidjan,2024,10,,,,7990.0,7990.0,7990.0,USD,2026-05-24
항공,Incheon,아프리카,Addis Ababa,2024,10,,,,7890.0,7890.0,7890.0,USD,2026-05-24
항공,Incheon,오세아니아,Auckland,2024,10,,,,5040.0,4990.0,4940.0,USD,2026-05-24
항공,Incheon,오세아니아,Sydney,2024,10,,,,3270.0,3220.0,3170.0,USD,2026-05-24
항공,Incheon,중동,Abu dhabi,2024,10,,,,8240.0,8040.0,7740.0,USD,2026-05-24
항공,Incheon,중동,Dubai,2024,10,,,,5490.0,5490.0,5490.0,USD,2026-05-24
항공,Incheon,중동,Dammam,2024,10,,,,5790.0,5690.0,4690.0,USD,2026-05-24
항공,Incheon,중동,Riyadh,2024,10,,,,4640.0,4340.0,4240.0,USD,2026-05-24
항공,Incheon,중동,Kuwait,2024,10,,,,4440.0,4140.0,4040.0,USD,2026-05-24
항공,Incheon,중동,Tehran,2024,10,,,,10960.0,10960.0,10960.0,USD,2026-05-24
항공,Incheon,러시아,Moscow,2024,10,,,,7960.0,7860.0,7860.0,USD,2026-05-24
항공,Incheon,북미,Chicago,2024,11,,,,8820.0,8820.0,8820.0,USD,2026-05-24
항공,Incheon,북미,Dallas,2024,11,,,,12120.0,12120.0,12120.0,USD,2026-05-24
항공,Incheon,북미,Los Angeles,2024,11,,,,7820.0,7820.0,7820.0,USD,2026-05-24
항공,Incheon,북미,New York,2024,11,,,,8820.0,8820.0,8820.0,USD,2026-05-24
항공,Incheon,북미,Toronto,2024,11,,,,7620.0,7620.0,7620.0,USD,2026-05-24
항공,Incheon,중남미,Mexico City,2024,11,,,,10250.0,10250.0,10250.0,USD,2026-05-24
항공,Incheon,유럽,Amsterdam,2024,11,,,,7490.0,7490.0,7490.0,USD,2026-05-24
항공,Incheon,유럽,Frankfrut,2024,11,,,,7990.0,7990.0,7990.0,USD,2026-05-24
항공,Incheon,유럽,London,2024,11,,,,7490.0,7490.0,7490.0,USD,2026-05-24
항공,Incheon,유럽,Paris,2024,11,,,,7990.0,7990.0,7990.0,USD,2026-05-24
항공,Incheon,아시아,Chennai,2024,11,,,,3540.0,3540.0,3540.0,USD,2026-05-24
항공,Incheon,아시아,New Delhi,2024,11,,,,2920.0,2920.0,2920.0,USD,2026-05-24
항공,Incheon,아시아,Bangkok,2024,11,,,,1490.0,1490.0,1490.0,USD,2026-05-24
항공,Incheon,아시아,Hanoi,2024,11,,,,2290.0,2290.0,2290.0,USD,2026-05-24
항공,Incheon,아시아,Hochiminh,2024,11,,,,1790.0,1790.0,1790.0,USD,2026-05-24
항공,Incheon,아시아,HongKong,2024,11,,,,850.0,800.0,750.0,USD,2026-05-24
항공,Incheon,아시아,Jakarta,2024,11,,,,3490.0,3490.0,3490.0,USD,2026-05-24
항공,Incheon,아시아,MANILA,2024,11,,,,2690.0,2690.0,2690.0,USD,2026-05-24
항공,Incheon,일본,Tokyo,2024,11,,,,1360.0,1160.0,960.0,USD,2026-05-24
항공,Incheon,중국,Beijing,2024,11,,,,3500.0,3450.0,3400.0,USD,2026-05-24
항공,Incheon,중국,Guangzhou,2024,11,,,,2800.0,2450.0,2200.0,USD,2026-05-24
항공,Incheon,중국,Shanghai,2024,11,,,,1150.0,1100.0,1050.0,USD,2026-05-24
항공,Incheon,중국,Tianjin,2024,11,,,,1700.0,1650.0,1600.0,USD,2026-05-24
항공,Incheon,아프리카,Abidjan,2024,11,,,,10220.0,8220.0,8220.0,USD,2026-05-24
항공,Incheon,아프리카,Addis Ababa,2024,11,,,,8220.0,7720.0,7220.0,USD,2026-05-24
항공,Incheon,오세아니아,Auckland,2024,11,,,,6100.0,6100.0,6100.0,USD,2026-05-24
항공,Incheon,오세아니아,Sydney,2024,11,,,,3620.0,3620.0,3620.0,USD,2026-05-24
항공,Incheon,중동,Abu dhabi,2024,11,,,,6770.0,6770.0,6770.0,USD,2026-05-24
항공,Incheon,중동,Dubai,2024,11,,,,5620.0,5620.0,5420.0,USD,2026-05-24
항공,Incheon,중동,Dammam,2024,11,,,,5420.0,5420.0,5420.0,USD,2026-05-24
항공,Incheon,중동,Riyadh,2024,11,,,,4890.0,4590.0,4490.0,USD,2026-05-24
항공,Incheon,중동,Kuwait,2024,11,,,,4540.0,4240.0,4140.0,USD,2026-05-24
항공,Incheon,중동,Tehran,2024,11,,,,10090.0,10090.0,10090.0,USD,2026-05-24
항공,Incheon,러시아,Moscow,2024,11,,,,9190.0,9190.0,9190.0,USD,2026-05-24
항공,Incheon,북미,Chicago,2024,12,,,,8060.0,7717.0,8018.0,USD,2026-05-24
항공,Incheon,북미,Dallas,2024,12,,,,6585.0,8050.0,9193.0,USD,2026-05-24
항공,Incheon,북미,Los Angeles,2024,12,,,,8240.0,8123.0,8198.0,USD,2026-05-24
항공,Incheon,북미,New York,2024,12,,,,8093.0,7727.0,8050.0,USD,2026-05-24
항공,Incheon,북미,Toronto,2024,12,,,,8853.0,8250.0,8660.0,USD,2026-05-24
항공,Incheon,중남미,Mexico City,2024,12,,,,9943.0,10027.0,9943.0,USD,2026-05-24
항공,Incheon,유럽,Amsterdam,2024,12,,,,8505.0,7735.0,8255.0,USD,2026-05-24
항공,Incheon,유럽,Frankfrut,2024,12,,,,8255.0,7485.0,8255.0,USD,2026-05-24
항공,Incheon,유럽,London,2024,12,,,,8505.0,7735.0,8255.0,USD,2026-05-24
항공,Incheon,유럽,Paris,2024,12,,,,8255.0,7485.0,8005.0,USD,2026-05-24
항공,Incheon,아시아,Chennai,2024,12,,,,3220.0,3220.0,3220.0,USD,2026-05-24
항공,Incheon,아시아,New Delhi,2024,12,,,,3624.0,3724.0,3724.0,USD,2026-05-24
항공,Incheon,아시아,Bangkok,2024,12,,,,1866.0,1826.0,1826.0,USD,2026-05-24
항공,Incheon,아시아,Hanoi,2024,12,,,,2326.0,2206.0,2206.0,USD,2026-05-24
항공,Incheon,아시아,Hochiminh,2024,12,,,,2006.0,1986.0,1986.0,USD,2026-05-24
항공,Incheon,아시아,HongKong,2024,12,,,,1427.0,1427.0,1427.0,USD,2026-05-24
항공,Incheon,아시아,Jakarta,2024,12,,,,3892.0,3772.0,3772.0,USD,2026-05-24
항공,Incheon,아시아,MANILA,2024,12,,,,2362.0,2262.0,1658.0,USD,2026-05-24
항공,Incheon,일본,Tokyo,2024,12,,,,1457.0,1390.0,1390.0,USD,2026-05-24
항공,Incheon,중국,Beijing,2024,12,,,,3460.0,3327.0,3327.0,USD,2026-05-24
항공,Incheon,중국,Guangzhou,2024,12,,,,2910.0,2843.0,2843.0,USD,2026-05-24
항공,Incheon,중국,Shanghai,2024,12,,,,1530.0,1563.0,1563.0,USD,2026-05-24
항공,Incheon,중국,Tianjin,2024,12,,,,1997.0,1997.0,1997.0,USD,2026-05-24
항공,Incheon,아프리카,Abidjan,2024,12,,,,9860.0,7860.0,7860.0,USD,2026-05-24
항공,Incheon,아프리카,Addis Ababa,2024,12,,,,10360.0,9860.0,9860.0,USD,2026-05-24
항공,Incheon,오세아니아,Auckland,2024,12,,,,5867.0,5767.0,5717.0,USD,2026-05-24
항공,Incheon,오세아니아,Sydney,2024,12,,,,4147.0,4080.0,4023.0,USD,2026-05-24
항공,Incheon,중동,Abu dhabi,2024,12,,,,5790.0,5290.0,5090.0,USD,2026-05-24
항공,Incheon,중동,Dubai,2024,12,,,,6390.0,6390.0,6390.0,USD,2026-05-24
항공,Incheon,중동,Dammam,2024,12,,,,6390.0,5890.0,5390.0,USD,2026-05-24
항공,Incheon,중동,Riyadh,2024,12,,,,4590.0,4590.0,4590.0,USD,2026-05-24
항공,Incheon,중동,Kuwait,2024,12,,,,5790.0,5290.0,5090.0,USD,2026-05-24
항공,Incheon,중동,Tehran,2024,12,,,,10290.0,10290.0,10290.0,USD,2026-05-24
항공,Incheon,러시아,Moscow,2024,12,,,,9190.0,9190.0,9190.0,USD,2026-05-24
항공,Incheon,북미,Chicago,2025,01,,,,7620.0,7120.0,6620.0,USD,2026-05-24
항공,Incheon,북미,Dallas,2025,01,,,,10620.0,10120.0,9620.0,USD,2026-05-24
항공,Incheon,북미,Los Angeles,2025,01,,,,6620.0,6120.0,6120.0,USD,2026-05-24
항공,Incheon,북미,New York,2025,01,,,,7620.0,7120.0,6620.0,USD,2026-05-24
항공,Incheon,북미,Toronto,2025,01,,,,7620.0,7120.0,6620.0,USD,2026-05-24
항공,Incheon,중남미,Mexico City,2025,01,,,,10150.0,10050.0,10050.0,USD,2026-05-24
항공,Incheon,유럽,Amsterdam,2025,01,,,,8120.0,8120.0,8120.0,USD,2026-05-24
항공,Incheon,유럽,Frankfrut,2025,01,,,,7620.0,7620.0,7620.0,USD,2026-05-24
항공,Incheon,유럽,London,2025,01,,,,7620.0,7620.0,7620.0,USD,2026-05-24
항공,Incheon,유럽,Paris,2025,01,,,,8620.0,8620.0,8620.0,USD,2026-05-24
항공,Incheon,아시아,Chennai,2025,01,,,,3240.0,3240.0,3240.0,USD,2026-05-24
항공,Incheon,아시아,New Delhi,2025,01,,,,3640.0,3640.0,3640.0,USD,2026-05-24
항공,Incheon,아시아,Bangkok,2025,01,,,,1100.0,850.0,800.0,USD,2026-05-24
항공,Incheon,아시아,Hanoi,2025,01,,,,2100.0,2050.0,2000.0,USD,2026-05-24
항공,Incheon,아시아,Hochiminh,2025,01,,,,1500.0,1450.0,1400.0,USD,2026-05-24
항공,Incheon,아시아,HongKong,2025,01,,,,800.0,750.0,700.0,USD,2026-05-24
항공,Incheon,아시아,Jakarta,2025,01,,,,3700.0,3650.0,3600.0,USD,2026-05-24
항공,Incheon,아시아,MANILA,2025,01,,,,2300.0,2250.0,2200.0,USD,2026-05-24
항공,Incheon,일본,Tokyo,2025,01,,,,1470.0,1470.0,1470.0,USD,2026-05-24
항공,Incheon,중국,Beijing,2025,01,,,,3500.0,3450.0,3400.0,USD,2026-05-24
항공,Incheon,중국,Guangzhou,2025,01,,,,2800.0,2450.0,2200.0,USD,2026-05-24
항공,Incheon,중국,Shanghai,2025,01,,,,1150.0,1100.0,1050.0,USD,2026-05-24
항공,Incheon,중국,Tianjin,2025,01,,,,1700.0,1650.0,1600.0,USD,2026-05-24
항공,Incheon,아프리카,Abidjan,2025,01,,,,8610.0,8220.0,8220.0,USD,2026-05-24
항공,Incheon,아프리카,Addis Ababa,2025,01,,,,8610.0,7720.0,7220.0,USD,2026-05-24
항공,Incheon,오세아니아,Auckland,2025,01,,,,6050.0,6050.0,6050.0,USD,2026-05-24
항공,Incheon,오세아니아,Sydney,2025,01,,,,3770.0,3770.0,3770.0,USD,2026-05-24
항공,Incheon,중동,Abu dhabi,2025,01,,,,5860.0,5360.0,5160.0,USD,2026-05-24
항공,Incheon,중동,Dubai,2025,01,,,,5360.0,5360.0,5360.0,USD,2026-05-24
항공,Incheon,중동,Dammam,2025,01,,,,6460.0,5960.0,5460.0,USD,2026-05-24
항공,Incheon,중동,Riyadh,2025,01,,,,7020.0,6520.0,6020.0,USD,2026-05-24
항공,Incheon,중동,Kuwait,2025,01,,,,5860.0,5360.0,5160.0,USD,2026-05-24
항공,Incheon,중동,Tehran,2025,01,,,,10360.0,10360.0,10360.0,USD,2026-05-24
항공,Incheon,러시아,Moscow,2025,01,,,,9190.0,8490.0,8390.0,USD,2026-05-24
항공,Incheon,북미,Chicago,2025,03,,,,7550.0,7550.0,7500.0,USD,2026-05-24
항공,Incheon,북미,Dallas,2025,03,,,,7050.0,7050.0,7050.0,USD,2026-05-24
항공,Incheon,북미,Los Angeles,2025,03,,,,7750.0,7750.0,7650.0,USD,2026-05-24
항공,Incheon,북미,New York,2025,03,,,,7350.0,7350.0,7350.0,USD,2026-05-24
항공,Incheon,북미,Toronto,2025,03,,,,8950.0,8800.0,8700.0,USD,2026-05-24
항공,Incheon,중남미,Mexico City,2025,03,,,,9200.0,8550.0,8550.0,USD,2026-05-24
항공,Incheon,유럽,Amsterdam,2025,03,,,,8000.0,7230.0,7230.0,USD,2026-05-24
항공,Incheon,유럽,Frankfrut,2025,03,,,,8020.0,7250.0,7250.0,USD,2026-05-24
항공,Incheon,유럽,London,2025,03,,,,8100.0,7330.0,7330.0,USD,2026-05-24
항공,Incheon,유럽,Paris,2025,03,,,,8350.0,7580.0,7580.0,USD,2026-05-24
항공,Incheon,아시아,Chennai,2025,03,,,,2600.0,2600.0,2600.0,USD,2026-05-24
항공,Incheon,아시아,New Delhi,2025,03,,,,2580.0,2580.0,2580.0,USD,2026-05-24
항공,Incheon,아시아,Bangkok,2025,03,,,,1600.0,1600.0,1570.0,USD,2026-05-24
항공,Incheon,아시아,Hanoi,2025,03,,,,2330.0,2330.0,2330.0,USD,2026-05-24
항공,Incheon,아시아,Hochiminh,2025,03,,,,1860.0,1860.0,1860.0,USD,2026-05-24
항공,Incheon,아시아,HongKong,2025,03,,,,800.0,790.0,770.0,USD,2026-05-24
항공,Incheon,아시아,Jakarta,2025,03,,,,4390.0,3895.0,3870.0,USD,2026-05-24
항공,Incheon,아시아,MANILA,2025,03,,,,2710.0,2710.0,2710.0,USD,2026-05-24
항공,Incheon,일본,Tokyo,2025,03,,,,1290.0,1280.0,1260.0,USD,2026-05-24
항공,Incheon,중국,Beijing,2025,03,,,,3290.0,3270.0,3260.0,USD,2026-05-24
항공,Incheon,중국,Guangzhou,2025,03,,,,2640.0,2550.0,2490.0,USD,2026-05-24
항공,Incheon,중국,Shanghai,2025,03,,,,1040.0,1030.0,1010.0,USD,2026-05-24
항공,Incheon,중국,Tianjin,2025,03,,,,1700.0,1690.0,1670.0,USD,2026-05-24
항공,Incheon,아프리카,Abidjan,2025,03,,,,8350.0,8350.0,8350.0,USD,2026-05-24
항공,Incheon,아프리카,Addis Ababa,2025,03,,,,8350.0,7850.0,7350.0,USD,2026-05-24
항공,Incheon,오세아니아,Auckland,2025,03,,,,5830.0,5830.0,5830.0,USD,2026-05-24
항공,Incheon,오세아니아,Sydney,2025,03,,,,4510.0,4510.0,4510.0,USD,2026-05-24
항공,Incheon,중동,Abu dhabi,2025,03,,,,6070.0,5570.0,5370.0,USD,2026-05-24
항공,Incheon,중동,Dubai,2025,03,,,,5200.0,5200.0,5100.0,USD,2026-05-24
항공,Incheon,중동,Dammam,2025,03,,,,5870.0,5620.0,5370.0,USD,2026-05-24
항공,Incheon,중동,Riyadh,2025,03,,,,5900.0,5650.0,5400.0,USD,2026-05-24
항공,Incheon,중동,Kuwait,2025,03,,,,5470.0,5220.0,5120.0,USD,2026-05-24
항공,Incheon,중동,Tehran,2025,03,,,,11520.0,11320.0,11020.0,USD,2026-05-24
항공,Incheon,러시아,Moscow,2025,03,,,,8400.0,8090.0,8000.0,USD,2026-05-24
항공,Incheon,북미,Chicago,2025,04,,,,7660.0,7560.0,7560.0,USD,2026-05-24
항공,Incheon,북미,Dallas,2025,04,,,,10020.0,10020.0,10020.0,USD,2026-05-24
항공,Incheon,북미,Los Angeles,2025,04,,,,7650.0,7540.0,7510.0,USD,2026-05-24
항공,Incheon,북미,New York,2025,04,,,,7560.0,7470.0,7470.0,USD,2026-05-24
항공,Incheon,북미,Toronto,2025,04,,,,9060.0,8880.0,8840.0,USD,2026-05-24
항공,Incheon,중남미,Mexico City,2025,04,,,,9220.0,8810.0,8810.0,USD,2026-05-24
항공,Incheon,유럽,Amsterdam,2025,04,,,,7800.0,7370.0,7370.0,USD,2026-05-24
항공,Incheon,유럽,Frankfrut,2025,04,,,,7660.0,7280.0,7280.0,USD,2026-05-24
항공,Incheon,유럽,London,2025,04,,,,7480.0,7090.0,7090.0,USD,2026-05-24
항공,Incheon,유럽,Paris,2025,04,,,,7600.0,7220.0,7220.0,USD,2026-05-24
항공,Incheon,아시아,Chennai,2025,04,,,,3630.0,3630.0,3630.0,USD,2026-05-24
항공,Incheon,아시아,New Delhi,2025,04,,,,3530.0,3530.0,3530.0,USD,2026-05-24
항공,Incheon,아시아,Bangkok,2025,04,,,,1710.0,1710.0,1710.0,USD,2026-05-24
항공,Incheon,아시아,Hanoi,2025,04,,,,2410.0,2390.0,2390.0,USD,2026-05-24
항공,Incheon,아시아,Hochiminh,2025,04,,,,2170.0,2140.0,2140.0,USD,2026-05-24
항공,Incheon,아시아,HongKong,2025,04,,,,1260.0,1260.0,1260.0,USD,2026-05-24
항공,Incheon,아시아,Jakarta,2025,04,,,,3890.0,4490.0,4490.0,USD,2026-05-24
항공,Incheon,아시아,MANILA,2025,04,,,,2750.0,2750.0,2750.0,USD,2026-05-24
항공,Incheon,일본,Tokyo,2025,04,,,,1140.0,1120.0,1120.0,USD,2026-05-24
항공,Incheon,중국,Beijing,2025,04,,,,2980.0,2980.0,2980.0,USD,2026-05-24
항공,Incheon,중국,Guangzhou,2025,04,,,,2750.0,2750.0,2750.0,USD,2026-05-24
항공,Incheon,중국,Shanghai,2025,04,,,,1380.0,1370.0,1370.0,USD,2026-05-24
항공,Incheon,중국,Tianjin,2025,04,,,,1920.0,1920.0,1920.0,USD,2026-05-24
항공,Incheon,아프리카,Abidjan,2025,04,,,,9070.0,8070.0,8070.0,USD,2026-05-24
항공,Incheon,아프리카,Addis Ababa,2025,04,,,,9320.0,8820.0,8570.0,USD,2026-05-24
항공,Incheon,오세아니아,Auckland,2025,04,,,,6090.0,6090.0,6090.0,USD,2026-05-24
항공,Incheon,오세아니아,Sydney,2025,04,,,,4250.0,4250.0,4250.0,USD,2026-05-24
항공,Incheon,중동,Abu dhabi,2025,04,,,,7350.0,7100.0,7000.0,USD,2026-05-24
항공,Incheon,중동,Dubai,2025,04,,,,5670.0,5570.0,5570.0,USD,2026-05-24
항공,Incheon,중동,Dammam,2025,04,,,,5570.0,5570.0,5020.0,USD,2026-05-24
항공,Incheon,중동,Riyadh,2025,04,,,,5870.0,5620.0,5370.0,USD,2026-05-24
항공,Incheon,중동,Kuwait,2025,04,,,,5170.0,5120.0,5120.0,USD,2026-05-24
항공,Incheon,중동,Tehran,2025,04,,,,11130.0,10930.0,10630.0,USD,2026-05-24
항공,Incheon,러시아,Moscow,2025,04,,,,9210.0,8560.0,8510.0,USD,2026-05-24
항공,Incheon,북미,Chicago,2025,05,,,,8540.0,6500.0,8430.0,USD,2026-05-24
항공,Incheon,북미,Dallas,2025,05,,,,10880.0,10880.0,10880.0,USD,2026-05-24
항공,Incheon,북미,Los Angeles,2025,05,,,,8040.0,7960.0,7910.0,USD,2026-05-24
항공,Incheon,북미,New York,2025,05,,,,8110.0,8060.0,7990.0,USD,2026-05-24
항공,Incheon,북미,Toronto,2025,05,,,,9070.0,9020.0,8970.0,USD,2026-05-24
항공,Incheon,중남미,Mexico City,2025,05,,,,9590.0,9370.0,9370.0,USD,2026-05-24
항공,Incheon,유럽,Amsterdam,2025,05,,,,7790.0,7790.0,7790.0,USD,2026-05-24
항공,Incheon,유럽,Frankfrut,2025,05,,,,7150.0,6760.0,6760.0,USD,2026-05-24
항공,Incheon,유럽,London,2025,05,,,,7790.0,7790.0,7790.0,USD,2026-05-24
항공,Incheon,유럽,Paris,2025,05,,,,7440.0,7050.0,7050.0,USD,2026-05-24
항공,Incheon,아시아,Chennai,2025,05,,,,4020.0,4020.0,4020.0,USD,2026-05-24
항공,Incheon,아시아,New Delhi,2025,05,,,,3690.0,3620.0,3680.0,USD,2026-05-24
항공,Incheon,아시아,Bangkok,2025,05,,,,1690.0,1690.0,1680.0,USD,2026-05-24
항공,Incheon,아시아,Hanoi,2025,05,,,,2450.0,2450.0,2450.0,USD,2026-05-24
항공,Incheon,아시아,Hochiminh,2025,05,,,,2210.0,2210.0,2210.0,USD,2026-05-24
항공,Incheon,아시아,HongKong,2025,05,,,,1000.0,1000.0,1000.0,USD,2026-05-24
항공,Incheon,아시아,Jakarta,2025,05,,,,3870.0,3870.0,3870.0,USD,2026-05-24
항공,Incheon,아시아,MANILA,2025,05,,,,2730.0,2730.0,2720.0,USD,2026-05-24
항공,Incheon,일본,Tokyo,2025,05,,,,1540.0,1540.0,1540.0,USD,2026-05-24
항공,Incheon,중국,Beijing,2025,05,,,,2630.0,2630.0,2630.0,USD,2026-05-24
항공,Incheon,중국,Guangzhou,2025,05,,,,2650.0,2650.0,2650.0,USD,2026-05-24
항공,Incheon,중국,Shanghai,2025,05,,,,1110.0,1110.0,1110.0,USD,2026-05-24
항공,Incheon,중국,Tianjin,2025,05,,,,1660.0,1660.0,1660.0,USD,2026-05-24
항공,Incheon,아프리카,Abidjan,2025,05,,,,9120.0,8120.0,8120.0,USD,2026-05-24
항공,Incheon,아프리카,Addis Ababa,2025,05,,,,9540.0,8690.0,8690.0,USD,2026-05-24
항공,Incheon,오세아니아,Auckland,2025,05,,,,5970.0,5970.0,5970.0,USD,2026-05-24
항공,Incheon,오세아니아,Sydney,2025,05,,,,4340.0,4340.0,4340.0,USD,2026-05-24
항공,Incheon,중동,Abu dhabi,2025,05,,,,8010.0,8010.0,7860.0,USD,2026-05-24
항공,Incheon,중동,Dubai,2025,05,,,,5460.0,5460.0,5360.0,USD,2026-05-24
항공,Incheon,중동,Dammam,2025,05,,,,5560.0,5560.0,5560.0,USD,2026-05-24
항공,Incheon,중동,Riyadh,2025,05,,,,5060.0,5060.0,4910.0,USD,2026-05-24
항공,Incheon,중동,Kuwait,2025,05,,,,5760.0,5760.0,5660.0,USD,2026-05-24
항공,Incheon,중동,Tehran,2025,05,,,,11130.0,10930.0,10630.0,USD,2026-05-24
항공,Incheon,러시아,Moscow,2025,05,,,,8800.0,8400.0,8370.0,USD,2026-05-24
항공,Incheon,북미,Chicago,2025,06,,,,8990.0,8900.0,8830.0,USD,2026-05-24
항공,Incheon,북미,Dallas,2025,06,,,,10630.0,10390.0,10380.0,USD,2026-05-24
항공,Incheon,북미,Los Angeles,2025,06,,,,7550.0,7440.0,7370.0,USD,2026-05-24
항공,Incheon,북미,New York,2025,06,,,,8730.0,8630.0,8560.0,USD,2026-05-24
항공,Incheon,북미,Toronto,2025,06,,,,9000.0,8900.0,8750.0,USD,2026-05-24
항공,Incheon,중남미,Mexico City,2025,06,,,,9140.0,9050.0,8920.0,USD,2026-05-24
항공,Incheon,유럽,Amsterdam,2025,06,,,,7350.0,7350.0,7290.0,USD,2026-05-24
항공,Incheon,유럽,Frankfrut,2025,06,,,,6940.0,6940.0,6940.0,USD,2026-05-24
항공,Incheon,유럽,London,2025,06,,,,6750.0,6750.0,6750.0,USD,2026-05-24
항공,Incheon,유럽,Paris,2025,06,,,,6720.0,6620.0,6620.0,USD,2026-05-24
항공,Incheon,아시아,Chennai,2025,06,,,,3850.0,3840.0,3840.0,USD,2026-05-24
항공,Incheon,아시아,New Delhi,2025,06,,,,3760.0,3750.0,3740.0,USD,2026-05-24
항공,Incheon,아시아,Bangkok,2025,06,,,,1600.0,1590.0,1580.0,USD,2026-05-24
항공,Incheon,아시아,Hanoi,2025,06,,,,2160.0,2160.0,2150.0,USD,2026-05-24
항공,Incheon,아시아,Hochiminh,2025,06,,,,2000.0,1990.0,1980.0,USD,2026-05-24
항공,Incheon,아시아,HongKong,2025,06,,,,900.0,880.0,870.0,USD,2026-05-24
항공,Incheon,아시아,Jakarta,2025,06,,,,3710.0,3700.0,3700.0,USD,2026-05-24
항공,Incheon,아시아,MANILA,2025,06,,,,2670.0,2660.0,2650.0,USD,2026-05-24
항공,Incheon,일본,Tokyo,2025,06,,,,1090.0,1080.0,1080.0,USD,2026-05-24
항공,Incheon,중국,Beijing,2025,06,,,,2810.0,2800.0,2760.0,USD,2026-05-24
항공,Incheon,중국,Guangzhou,2025,06,,,,2620.0,2530.0,2470.0,USD,2026-05-24
항공,Incheon,중국,Shanghai,2025,06,,,,1080.0,1070.0,1060.0,USD,2026-05-24
항공,Incheon,중국,Tianjin,2025,06,,,,1620.0,1610.0,1590.0,USD,2026-05-24
항공,Incheon,아프리카,Abidjan,2025,06,,,,8100.0,8100.0,8100.0,USD,2026-05-24
항공,Incheon,아프리카,Addis Ababa,2025,06,,,,8570.0,8120.0,8120.0,USD,2026-05-24
항공,Incheon,오세아니아,Auckland,2025,06,,,,5940.0,5940.0,5940.0,USD,2026-05-24
항공,Incheon,오세아니아,Sydney,2025,06,,,,4220.0,4220.0,4220.0,USD,2026-05-24
항공,Incheon,중동,Abu dhabi,2025,06,,,,8150.0,8090.0,7990.0,USD,2026-05-24
항공,Incheon,중동,Dubai,2025,06,,,,5250.0,5250.0,5250.0,USD,2026-05-24
항공,Incheon,중동,Dammam,2025,06,,,,5790.0,5750.0,5420.0,USD,2026-05-24
항공,Incheon,중동,Riyadh,2025,06,,,,4640.0,4540.0,4500.0,USD,2026-05-24
항공,Incheon,중동,Kuwait,2025,06,,,,4920.0,4820.0,4490.0,USD,2026-05-24
항공,Incheon,중동,Tehran,2025,06,,,,11030.0,10860.0,10690.0,USD,2026-05-24
항공,Incheon,러시아,Moscow,2025,06,,,,9560.0,8850.0,8830.0,USD,2026-05-24
항공,Incheon,북미,Chicago,2025,07,,,,8740.0,8730.0,8730.0,USD,2026-05-24
항공,Incheon,북미,Dallas,2025,07,,,,10870.0,10860.0,10860.0,USD,2026-05-24
항공,Incheon,북미,Los Angeles,2025,07,,,,7040.0,7040.0,7040.0,USD,2026-05-24
항공,Incheon,북미,New York,2025,07,,,,7490.0,7490.0,7490.0,USD,2026-05-24
항공,Incheon,북미,Toronto,2025,07,,,,9230.0,9180.0,9180.0,USD,2026-05-24
항공,Incheon,중남미,Mexico City,2025,07,,,,9480.0,9480.0,9480.0,USD,2026-05-24
항공,Incheon,유럽,Amsterdam,2025,07,,,,7940.0,7520.0,7520.0,USD,2026-05-24
항공,Incheon,유럽,Frankfrut,2025,07,,,,7480.0,6970.0,6970.0,USD,2026-05-24
항공,Incheon,유럽,London,2025,07,,,,7380.0,6870.0,6870.0,USD,2026-05-24
항공,Incheon,유럽,Paris,2025,07,,,,7380.0,6870.0,6870.0,USD,2026-05-24
항공,Incheon,아시아,Chennai,2025,07,,,,2340.0,2340.0,2340.0,USD,2026-05-24
항공,Incheon,아시아,New Delhi,2025,07,,,,3760.0,3750.0,3750.0,USD,2026-05-24
항공,Incheon,아시아,Bangkok,2025,07,,,,1370.0,1360.0,1360.0,USD,2026-05-24
항공,Incheon,아시아,Hanoi,2025,07,,,,2380.0,2380.0,2380.0,USD,2026-05-24
항공,Incheon,아시아,Hochiminh,2025,07,,,,2140.0,2140.0,2140.0,USD,2026-05-24
항공,Incheon,아시아,HongKong,2025,07,,,,1400.0,1390.0,1390.0,USD,2026-05-24
항공,Incheon,아시아,Jakarta,2025,07,,,,3920.0,3920.0,3920.0,USD,2026-05-24
항공,Incheon,아시아,MANILA,2025,07,,,,2260.0,2250.0,2250.0,USD,2026-05-24
항공,Incheon,일본,Tokyo,2025,07,,,,1050.0,1030.0,1030.0,USD,2026-05-24
항공,Incheon,중국,Beijing,2025,07,,,,2970.0,2970.0,2970.0,USD,2026-05-24
항공,Incheon,중국,Guangzhou,2025,07,,,,2870.0,2870.0,2870.0,USD,2026-05-24
항공,Incheon,중국,Shanghai,2025,07,,,,1410.0,1410.0,1410.0,USD,2026-05-24
항공,Incheon,중국,Tianjin,2025,07,,,,1960.0,1960.0,1960.0,USD,2026-05-24
항공,Incheon,아프리카,Abidjan,2025,07,,,,8970.0,7970.0,7970.0,USD,2026-05-24
항공,Incheon,아프리카,Addis Ababa,2025,07,,,,9520.0,9270.0,9270.0,USD,2026-05-24
항공,Incheon,오세아니아,Auckland,2025,07,,,,5870.0,5740.0,5740.0,USD,2026-05-24
항공,Incheon,오세아니아,Sydney,2025,07,,,,4150.0,4150.0,4150.0,USD,2026-05-24
항공,Incheon,중동,Abu dhabi,2025,07,,,,8040.0,8040.0,8040.0,USD,2026-05-24
항공,Incheon,중동,Dubai,2025,07,,,,5520.0,5070.0,5070.0,USD,2026-05-24
항공,Incheon,중동,Dammam,2025,07,,,,6170.0,5820.0,5820.0,USD,2026-05-24
항공,Incheon,중동,Riyadh,2025,07,,,,4590.0,4490.0,4490.0,USD,2026-05-24
항공,Incheon,중동,Kuwait,2025,07,,,,5290.0,4590.0,4590.0,USD,2026-05-24
항공,Incheon,중동,Tehran,2025,07,,,,12370.0,11530.0,11530.0,USD,2026-05-24
항공,Incheon,러시아,Moscow,2025,07,,,,8760.0,8530.0,8530.0,USD,2026-05-24
항공,Incheon,북미,Chicago,2025,08,,,,,,,USD,2026-05-24
항공,Incheon,북미,Dallas,2025,08,,,,10200.0,10190.0,10170.0,USD,2026-05-24
항공,Incheon,북미,Los Angeles,2025,08,,,,6980.0,6970.0,6950.0,USD,2026-05-24
항공,Incheon,북미,New York,2025,08,,,,8100.0,8090.0,8070.0,USD,2026-05-24
항공,Incheon,북미,Toronto,2025,08,,,,9160.0,9150.0,9030.0,USD,2026-05-24
항공,Incheon,중남미,Mexico City,2025,08,,,,9520.0,9380.0,9000.0,USD,2026-05-24
항공,Incheon,유럽,Amsterdam,2025,08,,,,8190.0,8070.0,7560.0,USD,2026-05-24
항공,Incheon,유럽,Frankfrut,2025,08,,,,7690.0,7570.0,7060.0,USD,2026-05-24
항공,Incheon,유럽,London,2025,08,,,,7540.0,7420.0,6910.0,USD,2026-05-24
항공,Incheon,유럽,Paris,2025,08,,,,7810.0,7650.0,7140.0,USD,2026-05-24
항공,Incheon,아시아,Chennai,2025,08,,,,3390.0,3380.0,3370.0,USD,2026-05-24
항공,Incheon,아시아,New Delhi,2025,08,,,,3700.0,3680.0,3680.0,USD,2026-05-24
항공,Incheon,아시아,Bangkok,2025,08,,,,1490.0,1480.0,1470.0,USD,2026-05-24
항공,Incheon,아시아,Hanoi,2025,08,,,,2240.0,2210.0,2200.0,USD,2026-05-24
항공,Incheon,아시아,Hochiminh,2025,08,,,,2120.0,2110.0,2110.0,USD,2026-05-24
항공,Incheon,아시아,HongKong,2025,08,,,,1020.0,1010.0,1000.0,USD,2026-05-24
항공,Incheon,아시아,Jakarta,2025,08,,,,3710.0,3700.0,3690.0,USD,2026-05-24
항공,Incheon,아시아,MANILA,2025,08,,,,2450.0,2440.0,2430.0,USD,2026-05-24
항공,Incheon,일본,Tokyo,2025,08,,,,1170.0,1140.0,1140.0,USD,2026-05-24
항공,Incheon,중국,Beijing,2025,08,,,,3050.0,3040.0,3030.0,USD,2026-05-24
항공,Incheon,중국,Guangzhou,2025,08,,,,2710.0,2620.0,2560.0,USD,2026-05-24
항공,Incheon,중국,Shanghai,2025,08,,,,1170.0,1160.0,1150.0,USD,2026-05-24
항공,Incheon,중국,Tianjin,2025,08,,,,1840.0,1820.0,1810.0,USD,2026-05-24
항공,Incheon,아프리카,Abidjan,2025,08,,,,8470.0,8470.0,8470.0,USD,2026-05-24
항공,Incheon,아프리카,Addis Ababa,2025,08,,,,8220.0,8220.0,8220.0,USD,2026-05-24
항공,Incheon,오세아니아,Auckland,2025,08,,,,6510.0,6260.0,6260.0,USD,2026-05-24
항공,Incheon,오세아니아,Sydney,2025,08,,,,4400.0,4400.0,4400.0,USD,2026-05-24
항공,Incheon,중동,Abu dhabi,2025,08,,,,6120.0,5620.0,5320.0,USD,2026-05-24
항공,Incheon,중동,Dubai,2025,08,,,,6120.0,5120.0,5120.0,USD,2026-05-24
항공,Incheon,중동,Dammam,2025,08,,,,6520.0,6520.0,5920.0,USD,2026-05-24
항공,Incheon,중동,Riyadh,2025,08,,,,5420.0,5420.0,4820.0,USD,2026-05-24
항공,Incheon,중동,Kuwait,2025,08,,,,5720.0,5420.0,5220.0,USD,2026-05-24
항공,Incheon,중동,Tehran,2025,08,,,,14620.0,14620.0,14620.0,USD,2026-05-24
항공,Incheon,러시아,Moscow,2025,08,,,,9360.0,8560.0,8360.0,USD,2026-05-24
항공,Incheon,북미,Chicago,2025,09,,,,9130.0,9100.0,9070.0,USD,2026-05-24
항공,Incheon,북미,Dallas,2025,09,,,,10800.0,10790.0,10730.0,USD,2026-05-24
항공,Incheon,북미,Los Angeles,2025,09,,,,7230.0,7200.0,7150.0,USD,2026-05-24
항공,Incheon,북미,New York,2025,09,,,,8950.0,8890.0,8870.0,USD,2026-05-24
항공,Incheon,북미,Toronto,2025,09,,,,9880.0,9790.0,9670.0,USD,2026-05-24
항공,Incheon,중남미,Mexico City,2025,09,,,,9960.0,9830.0,9720.0,USD,2026-05-24
항공,Incheon,유럽,Amsterdam,2025,09,,,,8250.0,7780.0,7220.0,USD,2026-05-24
항공,Incheon,유럽,Frankfrut,2025,09,,,,8130.0,7650.0,7090.0,USD,2026-05-24
항공,Incheon,유럽,London,2025,09,,,,8050.0,7580.0,7020.0,USD,2026-05-24
항공,Incheon,유럽,Paris,2025,09,,,,8180.0,7700.0,7140.0,USD,2026-05-24
항공,Incheon,아시아,Chennai,2025,09,,,,3930.0,3920.0,3910.0,USD,2026-05-24
항공,Incheon,아시아,New Delhi,2025,09,,,,3930.0,3920.0,3910.0,USD,2026-05-24
항공,Incheon,아시아,Bangkok,2025,09,,,,1300.0,1280.0,1270.0,USD,2026-05-24
항공,Incheon,아시아,Hanoi,2025,09,,,,2180.0,2170.0,2160.0,USD,2026-05-24
항공,Incheon,아시아,Hochiminh,2025,09,,,,2060.0,2050.0,2030.0,USD,2026-05-24
항공,Incheon,아시아,HongKong,2025,09,,,,1290.0,1240.0,1220.0,USD,2026-05-24
항공,Incheon,아시아,Jakarta,2025,09,,,,3830.0,3820.0,3800.0,USD,2026-05-24
항공,Incheon,아시아,MANILA,2025,09,,,,2420.0,2410.0,2400.0,USD,2026-05-24
항공,Incheon,일본,Tokyo,2025,09,,,,1250.0,1230.0,1230.0,USD,2026-05-24
항공,Incheon,중국,Beijing,2025,09,,,,3310.0,3210.0,3200.0,USD,2026-05-24
항공,Incheon,중국,Guangzhou,2025,09,,,,2930.0,2770.0,2720.0,USD,2026-05-24
항공,Incheon,중국,Shanghai,2025,09,,,,1370.0,1350.0,1340.0,USD,2026-05-24
항공,Incheon,중국,Tianjin,2025,09,,,,1990.0,1900.0,1890.0,USD,2026-05-24
항공,Incheon,아프리카,Abidjan,2025,09,,,,9240.0,9100.0,9100.0,USD,2026-05-24
항공,Incheon,아프리카,Addis Ababa,2025,09,,,,10410.0,10140.0,10140.0,USD,2026-05-24
항공,Incheon,오세아니아,Auckland,2025,09,,,,5910.0,5700.0,5700.0,USD,2026-05-24
항공,Incheon,오세아니아,Sydney,2025,09,,,,4790.0,4620.0,4450.0,USD,2026-05-24
항공,Incheon,중동,Abu dhabi,2025,09,,,,7870.0,7830.0,7730.0,USD,2026-05-24
항공,Incheon,중동,Dubai,2025,09,,,,5920.0,5820.0,5820.0,USD,2026-05-24
항공,Incheon,중동,Dammam,2025,09,,,,6110.0,6110.0,5990.0,USD,2026-05-24
항공,Incheon,중동,Riyadh,2025,09,,,,4810.0,4770.0,4740.0,USD,2026-05-24
항공,Incheon,중동,Kuwait,2025,09,,,,5260.0,5260.0,5260.0,USD,2026-05-24
항공,Incheon,중동,Tehran,2025,09,,,,12430.0,12430.0,12430.0,USD,2026-05-24
항공,Incheon,러시아,Moscow,2025,09,,,,9220.0,8760.0,8720.0,USD,2026-05-24
항공,Incheon,북미,Chicago,2025,10,,,,8410.0,8400.0,8370.0,USD,2026-05-24
항공,Incheon,북미,Dallas,2025,10,,,,10780.0,9230.0,10700.0,USD,2026-05-24
항공,Incheon,북미,Los Angeles,2025,10,,,,7180.0,7120.0,7060.0,USD,2026-05-24
항공,Incheon,북미,New York,2025,10,,,,8470.0,8430.0,8320.0,USD,2026-05-24
항공,Incheon,북미,Toronto,2025,10,,,,9740.0,9730.0,9630.0,USD,2026-05-24
항공,Incheon,중남미,Mexico City,2025,10,,,,9770.0,9680.0,9600.0,USD,2026-05-24
항공,Incheon,유럽,Amsterdam,2025,10,,,,8040.0,7380.0,7310.0,USD,2026-05-24
항공,Incheon,유럽,Frankfrut,2025,10,,,,7880.0,7220.0,7130.0,USD,2026-05-24
항공,Incheon,유럽,London,2025,10,,,,7890.0,7230.0,7190.0,USD,2026-05-24
항공,Incheon,유럽,Paris,2025,10,,,,7950.0,7250.0,7200.0,USD,2026-05-24
항공,Incheon,아시아,Chennai,2025,10,,,,3850.0,3840.0,3800.0,USD,2026-05-24
항공,Incheon,아시아,New Delhi,2025,10,,,,3890.0,3880.0,3830.0,USD,2026-05-24
항공,Incheon,아시아,Bangkok,2025,10,,,,1400.0,1390.0,1380.0,USD,2026-05-24
항공,Incheon,아시아,Hanoi,2025,10,,,,2120.0,2110.0,2100.0,USD,2026-05-24
항공,Incheon,아시아,Hochiminh,2025,10,,,,2140.0,2110.0,2080.0,USD,2026-05-24
항공,Incheon,아시아,HongKong,2025,10,,,,990.0,980.0,960.0,USD,2026-05-24
항공,Incheon,아시아,Jakarta,2025,10,,,,3590.0,3560.0,3550.0,USD,2026-05-24
항공,Incheon,아시아,MANILA,2025,10,,,,2510.0,2500.0,2480.0,USD,2026-05-24
항공,Incheon,일본,Tokyo,2025,10,,,,1420.0,1400.0,1400.0,USD,2026-05-24
항공,Incheon,중국,Beijing,2025,10,,,,2980.0,2960.0,2940.0,USD,2026-05-24
항공,Incheon,중국,Guangzhou,2025,10,,,,2740.0,2630.0,2540.0,USD,2026-05-24
항공,Incheon,중국,Shanghai,2025,10,,,,1200.0,1180.0,1160.0,USD,2026-05-24
항공,Incheon,중국,Tianjin,2025,10,,,,1800.0,1780.0,1760.0,USD,2026-05-24
항공,Incheon,아프리카,Abidjan,2025,10,,,,9250.0,9200.0,9200.0,USD,2026-05-24
항공,Incheon,아프리카,Addis Ababa,2025,10,,,,7690.0,7490.0,7490.0,USD,2026-05-24
항공,Incheon,오세아니아,Auckland,2025,10,,,,6000.0,5880.0,5820.0,USD,2026-05-24
항공,Incheon,오세아니아,Sydney,2025,10,,,,4920.0,4790.0,4580.0,USD,2026-05-24
항공,Incheon,중동,Abu dhabi,2025,10,,,,7990.0,7990.0,7840.0,USD,2026-05-24
항공,Incheon,중동,Dubai,2025,10,,,,5860.0,5780.0,5760.0,USD,2026-05-24
항공,Incheon,중동,Dammam,2025,10,,,,5980.0,5980.0,5960.0,USD,2026-05-24
항공,Incheon,중동,Riyadh,2025,10,,,,4970.0,4970.0,4870.0,USD,2026-05-24
항공,Incheon,중동,Kuwait,2025,10,,,,5440.0,5430.0,5430.0,USD,2026-05-24
항공,Incheon,중동,Tehran,2025,10,,,,12110.0,12110.0,12040.0,USD,2026-05-24
항공,Incheon,러시아,Moscow,2025,10,,,,9350.0,8950.0,8810.0,USD,2026-05-24
항공,Incheon,북미,Chicago,2025,11,,,,8270.0,8260.0,8250.0,USD,2026-05-24
항공,Incheon,북미,Dallas,2025,11,,,,10350.0,10340.0,10330.0,USD,2026-05-24
항공,Incheon,북미,Los Angeles,2025,11,,,,7110.0,7100.0,7090.0,USD,2026-05-24
항공,Incheon,북미,New York,2025,11,,,,8310.0,8300.0,8290.0,USD,2026-05-24
항공,Incheon,북미,Toronto,2025,11,,,,9190.0,9180.0,9070.0,USD,2026-05-24
항공,Incheon,중남미,Mexico City,2025,11,,,,9340.0,8950.0,8940.0,USD,2026-05-24
항공,Incheon,유럽,Amsterdam,2025,11,,,,7910.0,7140.0,7140.0,USD,2026-05-24
항공,Incheon,유럽,Frankfrut,2025,11,,,,7660.0,6890.0,6890.0,USD,2026-05-24
항공,Incheon,유럽,London,2025,11,,,,7710.0,6940.0,6940.0,USD,2026-05-24
항공,Incheon,유럽,Paris,2025,11,,,,7660.0,6890.0,6890.0,USD,2026-05-24
항공,Incheon,아시아,Chennai,2025,11,,,,3960.0,3950.0,3940.0,USD,2026-05-24
항공,Incheon,아시아,New Delhi,2025,11,,,,3840.0,3830.0,3820.0,USD,2026-05-24
항공,Incheon,아시아,Bangkok,2025,11,,,,1350.0,1340.0,1330.0,USD,2026-05-24
항공,Incheon,아시아,Hanoi,2025,11,,,,2150.0,2140.0,2130.0,USD,2026-05-24
항공,Incheon,아시아,Hochiminh,2025,11,,,,2070.0,2060.0,2050.0,USD,2026-05-24
항공,Incheon,아시아,HongKong,2025,11,,,,900.0,880.0,870.0,USD,2026-05-24
항공,Incheon,아시아,Jakarta,2025,11,,,,3640.0,3630.0,3620.0,USD,2026-05-24
항공,Incheon,아시아,MANILA,2025,11,,,,2520.0,2510.0,2500.0,USD,2026-05-24
항공,Incheon,일본,Tokyo,2025,11,,,,1310.0,1310.0,1310.0,USD,2026-05-24
항공,Incheon,중국,Beijing,2025,11,,,,2990.0,2970.0,2960.0,USD,2026-05-24
항공,Incheon,중국,Guangzhou,2025,11,,,,2610.0,2520.0,2460.0,USD,2026-05-24
항공,Incheon,중국,Shanghai,2025,11,,,,1160.0,1150.0,1130.0,USD,2026-05-24
항공,Incheon,중국,Tianjin,2025,11,,,,1760.0,1740.0,1730.0,USD,2026-05-24
항공,Incheon,아프리카,Abidjan,2025,11,,,,9310.0,9310.0,9310.0,USD,2026-05-24
항공,Incheon,아프리카,Addis Ababa,2025,11,,,,10080.0,9820.0,9820.0,USD,2026-05-24
항공,Incheon,오세아니아,Auckland,2025,11,,,,6000.0,5970.0,5970.0,USD,2026-05-24
항공,Incheon,오세아니아,Sydney,2025,11,,,,5100.0,5040.0,5040.0,USD,2026-05-24
항공,Incheon,중동,Abu dhabi,2025,11,,,,7930.0,7930.0,7790.0,USD,2026-05-24
항공,Incheon,중동,Dubai,2025,11,,,,5810.0,5540.0,5540.0,USD,2026-05-24
항공,Incheon,중동,Dammam,2025,11,,,,6110.0,5940.0,5780.0,USD,2026-05-24
항공,Incheon,중동,Riyadh,2025,11,,,,4840.0,4840.0,4780.0,USD,2026-05-24
항공,Incheon,중동,Kuwait,2025,11,,,,5410.0,5310.0,5240.0,USD,2026-05-24
항공,Incheon,중동,Tehran,2025,11,,,,11820.0,11820.0,11820.0,USD,2026-05-24
항공,Incheon,러시아,Moscow,2025,11,,,,9180.0,8910.0,8880.0,USD,2026-05-24
항공,Incheon,북미,Chicago,2025,12,,,,8440.0,8440.0,8440.0,USD,2026-05-24
항공,Incheon,북미,Dallas,2025,12,,,,9990.0,9990.0,9990.0,USD,2026-05-24
항공,Incheon,북미,Los Angeles,2025,12,,,,7290.0,7290.0,7290.0,USD,2026-05-24
항공,Incheon,북미,New York,2025,12,,,,8110.0,8110.0,8110.0,USD,2026-05-24
항공,Incheon,북미,Toronto,2025,12,,,,9030.0,9030.0,9030.0,USD,2026-05-24
항공,Incheon,중남미,Mexico City,2025,12,,,,9500.0,9350.0,8880.0,USD,2026-05-24
항공,Incheon,유럽,Amsterdam,2025,12,,,,8330.0,8070.0,7580.0,USD,2026-05-24
항공,Incheon,유럽,Frankfrut,2025,12,,,,7870.0,7600.0,7110.0,USD,2026-05-24
항공,Incheon,유럽,London,2025,12,,,,8020.0,7380.0,6890.0,USD,2026-05-24
항공,Incheon,유럽,Paris,2025,12,,,,7970.0,7500.0,6980.0,USD,2026-05-24
항공,Incheon,아시아,Chennai,2025,12,,,,3960.0,3960.0,3960.0,USD,2026-05-24
항공,Incheon,아시아,New Delhi,2025,12,,,,3580.0,3580.0,3580.0,USD,2026-05-24
항공,Incheon,아시아,Bangkok,2025,12,,,,1430.0,1430.0,1430.0,USD,2026-05-24
항공,Incheon,아시아,Hanoi,2025,12,,,,2190.0,2180.0,2180.0,USD,2026-05-24
항공,Incheon,아시아,Hochiminh,2025,12,,,,2090.0,2090.0,2090.0,USD,2026-05-24
항공,Incheon,아시아,HongKong,2025,12,,,,960.0,1700.0,960.0,USD,2026-05-24
항공,Incheon,아시아,Jakarta,2025,12,,,,3750.0,3750.0,3750.0,USD,2026-05-24
항공,Incheon,아시아,MANILA,2025,12,,,,2480.0,2480.0,2480.0,USD,2026-05-24
항공,Incheon,일본,Tokyo,2025,12,,,,1570.0,1550.0,1550.0,USD,2026-05-24
항공,Incheon,중국,Beijing,2025,12,,,,2740.0,2740.0,2740.0,USD,2026-05-24
항공,Incheon,중국,Guangzhou,2025,12,,,,2560.0,2560.0,2560.0,USD,2026-05-24
항공,Incheon,중국,Shanghai,2025,12,,,,1000.0,1000.0,1000.0,USD,2026-05-24
항공,Incheon,중국,Tianjin,2025,12,,,,1740.0,1740.0,1740.0,USD,2026-05-24
항공,Incheon,아프리카,Abidjan,2025,12,,,,9895.0,9895.0,9895.0,USD,2026-05-24
항공,Incheon,아프리카,Addis Ababa,2025,12,,,,11250.0,10850.0,10850.0,USD,2026-05-24
항공,Incheon,오세아니아,Auckland,2025,12,,,,6690.0,6360.0,6360.0,USD,2026-05-24
항공,Incheon,오세아니아,Sydney,2025,12,,,,5590.0,5590.0,5260.0,USD,2026-05-24
항공,Incheon,중동,Abu dhabi,2025,12,,,,8530.0,8560.0,8160.0,USD,2026-05-24
항공,Incheon,중동,Dubai,2025,12,,,,6200.0,5880.0,5580.0,USD,2026-05-24
항공,Incheon,중동,Dammam,2025,12,,,,6280.0,6280.0,5910.0,USD,2026-05-24
항공,Incheon,중동,Riyadh,2025,12,,,,5580.0,5580.0,5310.0,USD,2026-05-24
항공,Incheon,중동,Kuwait,2025,12,,,,5780.0,5680.0,5610.0,USD,2026-05-24
항공,Incheon,중동,Tehran,2025,12,,,,11820.0,11820.0,11820.0,USD,2026-05-24
항공,Incheon,러시아,Moscow,2025,12,,,,9270.0,9070.0,9040.0,USD,2026-05-24
항공,Incheon,북미,Chicago,2026,01,,,,8610.0,8610.0,8610.0,USD,2026-05-24
항공,Incheon,북미,Dallas,2026,01,,,,10935.0,10935.0,10935.0,USD,2026-05-24
항공,Incheon,북미,Los Angeles,2026,01,,,,7747.5,7747.5,7747.5,USD,2026-05-24
항공,Incheon,북미,New York,2026,01,,,,8447.5,8447.5,8447.5,USD,2026-05-24
항공,Incheon,북미,Toronto,2026,01,,,,9515.0,9417.5,9417.5,USD,2026-05-24
항공,Incheon,중남미,Mexico City,2026,01,,,,9390.0,9010.0,9010.0,USD,2026-05-24
항공,Incheon,유럽,Amsterdam,2026,01,,,,7752.5,7612.5,7612.5,USD,2026-05-24
항공,Incheon,유럽,Frankfrut,2026,01,,,,7460.0,7460.0,7460.0,USD,2026-05-24
항공,Incheon,유럽,London,2026,01,,,,7702.5,7562.5,7562.5,USD,2026-05-24
항공,Incheon,유럽,Paris,2026,01,,,,7742.5,7742.5,7742.5,USD,2026-05-24
항공,Incheon,아시아,Chennai,2026,01,,,,3290.0,3290.0,3290.0,USD,2026-05-24
항공,Incheon,아시아,New Delhi,2026,01,,,,3678.3,3678.3,3678.3,USD,2026-05-24
항공,Incheon,아시아,Bangkok,2026,01,,,,1511.7,1511.7,1511.7,USD,2026-05-24
항공,Incheon,아시아,Hanoi,2026,01,,,,2220.0,2203.3,2203.3,USD,2026-05-24
항공,Incheon,아시아,Hochiminh,2026,01,,,,2246.7,2246.7,2246.7,USD,2026-05-24
항공,Incheon,아시아,HongKong,2026,01,,,,1042.0,1042.0,1042.0,USD,2026-05-24
항공,Incheon,아시아,Jakarta,2026,01,,,,3793.3,3785.0,3785.0,USD,2026-05-24
항공,Incheon,아시아,MANILA,2026,01,,,,2233.3,2225.0,2225.0,USD,2026-05-24
항공,Incheon,일본,Tokyo,2026,01,,,,1450.0,1430.0,1430.0,USD,2026-05-24
항공,Incheon,중국,Beijing,2026,01,,,,2884.0,2884.0,2884.0,USD,2026-05-24
항공,Incheon,중국,Guangzhou,2026,01,,,,2794.0,2794.0,2794.0,USD,2026-05-24
항공,Incheon,중국,Shanghai,2026,01,,,,1112.0,1112.0,1112.0,USD,2026-05-24
항공,Incheon,중국,Tianjin,2026,01,,,,1848.0,1848.0,1848.0,USD,2026-05-24
항공,Incheon,아프리카,Abidjan,2026,01,,,,9450.0,9450.0,9450.0,USD,2026-05-24
항공,Incheon,아프리카,Addis Ababa,2026,01,,,,9973.3,9706.7,9706.7,USD,2026-05-24
항공,Incheon,오세아니아,Auckland,2026,01,,,,5705.0,5705.0,5705.0,USD,2026-05-24
항공,Incheon,오세아니아,Sydney,2026,01,,,,5050.0,5050.0,5050.0,USD,2026-05-24
항공,Incheon,중동,Abu dhabi,2026,01,,,,8970.0,8903.3,8503.3,USD,2026-05-24
항공,Incheon,중동,Dubai,2026,01,,,,6353.3,5720.0,5686.7,USD,2026-05-24
항공,Incheon,중동,Dammam,2026,01,,,,6653.3,6553.3,6420.0,USD,2026-05-24
항공,Incheon,중동,Riyadh,2026,01,,,,5720.0,5520.0,5320.0,USD,2026-05-24
항공,Incheon,중동,Kuwait,2026,01,,,,5920.0,5720.0,5653.3,USD,2026-05-24
항공,Incheon,중동,Tehran,2026,01,,,,12320.0,12320.0,12320.0,USD,2026-05-24
항공,Incheon,러시아,Moscow,2026,01,,,,9220.0,11685.0,9020.0,USD,2026-05-24
항공,Incheon,북미,Chicago,2026,02,,,,8420.0,8320.0,8220.0,USD,2026-05-24
항공,Incheon,북미,Dallas,2026,02,,,,12420.0,12320.0,12220.0,USD,2026-05-24
항공,Incheon,북미,Los Angeles,2026,02,,,,7620.0,7520.0,7420.0,USD,2026-05-24
항공,Incheon,북미,New York,2026,02,,,,8420.0,8320.0,8220.0,USD,2026-05-24
항공,Incheon,북미,Toronto,2026,02,,,,9720.0,9620.0,9520.0,USD,2026-05-24
항공,Incheon,중남미,Mexico City,2026,02,,,,9620.0,9520.0,9420.0,USD,2026-05-24
항공,Incheon,유럽,Amsterdam,2026,02,,,,7924.0,7832.0,7504.0,USD,2026-05-24
항공,Incheon,유럽,Frankfrut,2026,02,,,,7346.0,7254.0,6926.0,USD,2026-05-24
항공,Incheon,유럽,London,2026,02,,,,7408.0,7316.0,6988.0,USD,2026-05-24
항공,Incheon,유럽,Paris,2026,02,,,,7280.0,7188.0,6860.0,USD,2026-05-24
항공,Incheon,아시아,Chennai,2026,02,,,,3280.0,3280.0,3280.0,USD,2026-05-24
항공,Incheon,아시아,New Delhi,2026,02,,,,2520.0,2520.0,2520.0,USD,2026-05-24
항공,Incheon,아시아,Bangkok,2026,02,,,,1230.0,1230.0,1230.0,USD,2026-05-24
항공,Incheon,아시아,Hanoi,2026,02,,,,1780.0,1780.0,1780.0,USD,2026-05-24
항공,Incheon,아시아,Hochiminh,2026,02,,,,1790.0,1790.0,1790.0,USD,2026-05-24
항공,Incheon,아시아,HongKong,2026,02,,,,1167.5,1142.5,1130.0,USD,2026-05-24
항공,Incheon,아시아,Jakarta,2026,02,,,,2890.0,2890.0,2890.0,USD,2026-05-24
항공,Incheon,아시아,MANILA,2026,02,,,,2230.0,2230.0,2230.0,USD,2026-05-24
항공,Incheon,일본,Tokyo,2026,02,,,,1427.5,1371.2,1358.8,USD,2026-05-24
항공,Incheon,중국,Beijing,2026,02,,,,2825.0,2812.5,2787.5,USD,2026-05-24
항공,Incheon,중국,Guangzhou,2026,02,,,,2768.8,2756.2,2743.8,USD,2026-05-24
항공,Incheon,중국,Shanghai,2026,02,,,,1227.5,1215.0,1190.0,USD,2026-05-24
항공,Incheon,중국,Tianjin,2026,02,,,,1988.8,1976.2,1963.8,USD,2026-05-24
항공,Incheon,아프리카,Abidjan,2026,02,,,,9155.0,9130.0,9105.0,USD,2026-05-24
항공,Incheon,아프리카,Addis Ababa,2026,02,,,,9485.0,8960.0,8885.0,USD,2026-05-24
항공,Incheon,오세아니아,Auckland,2026,02,,,,6010.0,5910.0,5910.0,USD,2026-05-24
항공,Incheon,오세아니아,Sydney,2026,02,,,,4636.0,4616.0,4596.0,USD,2026-05-24
항공,Incheon,중동,Abu dhabi,2026,02,,,,8917.5,8767.5,8292.5,USD,2026-05-24
항공,Incheon,중동,Dubai,2026,02,,,,6267.5,5742.5,5667.5,USD,2026-05-24
항공,Incheon,중동,Dammam,2026,02,,,,6742.5,6642.5,6517.5,USD,2026-05-24
항공,Incheon,중동,Riyadh,2026,02,,,,5395.0,5095.0,4920.0,USD,2026-05-24
항공,Incheon,중동,Kuwait,2026,02,,,,5937.5,5612.5,5487.5,USD,2026-05-24
항공,Incheon,중동,Tehran,2026,02,,,,12787.5,12762.5,12737.5,USD,2026-05-24
항공,Incheon,러시아,Moscow,2026,02,,,,9187.5,10220.0,8787.5,USD,2026-05-24
항공,Incheon,북미,Chicago,2026,03,,,,7950.0,7930.0,7890.0,USD,2026-05-24
항공,Incheon,북미,Dallas,2026,03,,,,10490.0,10430.0,10410.0,USD,2026-05-24
항공,Incheon,북미,Los Angeles,2026,03,,,,7430.0,7490.0,7470.0,USD,2026-05-24
항공,Incheon,북미,New York,2026,03,,,,8160.0,8140.0,8120.0,USD,2026-05-24
항공,Incheon,북미,Toronto,2026,03,,,,9500.0,9420.0,9400.0,USD,2026-05-24
항공,Incheon,중남미,Mexico City,2026,03,,,,9720.0,9570.0,9180.0,USD,2026-05-24
항공,Incheon,유럽,Amsterdam,2026,03,,,,7710.0,7630.0,7340.0,USD,2026-05-24
항공,Incheon,유럽,Frankfrut,2026,03,,,,7290.0,7210.0,6880.0,USD,2026-05-24
항공,Incheon,유럽,London,2026,03,,,,7610.0,7500.0,7110.0,USD,2026-05-24
항공,Incheon,유럽,Paris,2026,03,,,,7080.0,7000.0,6610.0,USD,2026-05-24
항공,Incheon,아시아,Chennai,2026,03,,,,3620.0,3600.0,3570.0,USD,2026-05-24
항공,Incheon,아시아,New Delhi,2026,03,,,,3390.0,3360.0,3340.0,USD,2026-05-24
항공,Incheon,아시아,Bangkok,2026,03,,,,1370.0,1350.0,1320.0,USD,2026-05-24
항공,Incheon,아시아,Hanoi,2026,03,,,,2030.0,2010.0,1980.0,USD,2026-05-24
항공,Incheon,아시아,Hochiminh,2026,03,,,,2060.0,2030.0,2010.0,USD,2026-05-24
항공,Incheon,아시아,HongKong,2026,03,,,,1010.0,970.0,940.0,USD,2026-05-24
항공,Incheon,아시아,Jakarta,2026,03,,,,3240.0,3210.0,3190.0,USD,2026-05-24
항공,Incheon,아시아,MANILA,2026,03,,,,2410.0,2380.0,2360.0,USD,2026-05-24
항공,Incheon,일본,Tokyo,2026,03,,,,1210.0,1170.0,1140.0,USD,2026-05-24
항공,Incheon,중국,Beijing,2026,03,,,,2810.0,2770.0,2740.0,USD,2026-05-24
항공,Incheon,중국,Guangzhou,2026,03,,,,2520.0,2490.0,2460.0,USD,2026-05-24
항공,Incheon,중국,Shanghai,2026,03,,,,1100.0,1060.0,1020.0,USD,2026-05-24
항공,Incheon,중국,Tianjin,2026,03,,,,1770.0,1740.0,1700.0,USD,2026-05-24
항공,Incheon,아프리카,Abidjan,2026,03,,,,9180.0,9150.0,9130.0,USD,2026-05-24
항공,Incheon,아프리카,Addis Ababa,2026,03,,,,10290.0,9770.0,9690.0,USD,2026-05-24
항공,Incheon,오세아니아,Auckland,2026,03,,,,5990.0,5770.0,5750.0,USD,2026-05-24
항공,Incheon,오세아니아,Sydney,2026,03,,,,4560.0,4340.0,4320.0,USD,2026-05-24
항공,Incheon,러시아,Moscow,2026,03,,,,9040.0,8740.0,8620.0,USD,2026-05-24
항공,Incheon,북미,Chicago,2026,04,,,,9160.0,9153.3,9140.0,USD,2026-05-24
항공,Incheon,북미,Dallas,2026,04,,,,11010.0,10990.0,10983.3,USD,2026-05-24
항공,Incheon,북미,Los Angeles,2026,04,,,,9476.7,9496.7,9490.0,USD,2026-05-24
항공,Incheon,북미,New York,2026,04,,,,10343.0,10343.0,10343.0,USD,2026-05-24
항공,Incheon,북미,Toronto,2026,04,,,,10800.0,10800.0,10800.0,USD,2026-05-24
항공,Incheon,중남미,Mexico City,2026,04,,,,10643.0,10593.0,10453.0,USD,2026-05-24
항공,Incheon,유럽,Amsterdam,2026,04,,,,9315.0,9135.0,8365.0,USD,2026-05-24
항공,Incheon,유럽,Frankfrut,2026,04,,,,9315.0,9135.0,8365.0,USD,2026-05-24
항공,Incheon,유럽,London,2026,04,,,,9315.0,9135.0,8365.0,USD,2026-05-24
항공,Incheon,유럽,Paris,2026,04,,,,9315.0,9135.0,8365.0,USD,2026-05-24
항공,Incheon,아시아,Chennai,2026,04,,,,5174.0,5174.0,5174.0,USD,2026-05-24
항공,Incheon,아시아,New Delhi,2026,04,,,,5374.0,5334.0,5334.0,USD,2026-05-24
항공,Incheon,아시아,Bangkok,2026,04,,,,1890.0,1690.0,1690.0,USD,2026-05-24
항공,Incheon,아시아,Hanoi,2026,04,,,,2680.0,2580.0,2580.0,USD,2026-05-24
항공,Incheon,아시아,Hochiminh,2026,04,,,,2350.0,2150.0,2150.0,USD,2026-05-24
항공,Incheon,아시아,HongKong,2026,04,,,,1380.0,1305.0,1305.0,USD,2026-05-24
항공,Incheon,아시아,Jakarta,2026,04,,,,3856.0,3656.0,3656.0,USD,2026-05-24
항공,Incheon,아시아,MANILA,2026,04,,,,2940.0,2740.0,2740.0,USD,2026-05-24
항공,Incheon,일본,Tokyo,2026,04,,,,1317.5,1292.5,1292.5,USD,2026-05-24
항공,Incheon,중국,Beijing,2026,04,,,,2737.5,2687.5,2687.5,USD,2026-05-24
항공,Incheon,중국,Guangzhou,2026,04,,,,2655.0,2592.5,2592.5,USD,2026-05-24
항공,Incheon,중국,Shanghai,2026,04,,,,1420.0,1320.0,1320.0,USD,2026-05-24
항공,Incheon,중국,Tianjin,2026,04,,,,1515.0,1515.0,1515.0,USD,2026-05-24
항공,Incheon,아프리카,Abidjan,2026,04,,,,10475.0,10475.0,10475.0,USD,2026-05-24
항공,Incheon,아프리카,Addis Ababa,2026,04,,,,11525.0,11525.0,11525.0,USD,2026-05-24
항공,Incheon,오세아니아,Auckland,2026,04,,,,5807.5,5432.5,5427.5,USD,2026-05-24
항공,Incheon,오세아니아,Sydney,2026,04,,,,4805.0,4462.5,4432.5,USD,2026-05-24
항공,Incheon,러시아,Moscow,2026,04,,,,9683.0,11160.0,9316.0,USD,2026-05-24
항공,Incheon,북미,Chicago,2026,05,,,,11236.7,11236.7,11236.7,USD,2026-05-24
항공,Incheon,북미,Dallas,2026,05,,,,13736.7,13736.7,13736.7,USD,2026-05-24
항공,Incheon,북미,Los Angeles,2026,05,,,,10803.3,10803.3,10803.3,USD,2026-05-24
항공,Incheon,북미,New York,2026,05,,,,11270.0,11270.0,11270.0,USD,2026-05-24
항공,Incheon,북미,Toronto,2026,05,,,,12260.0,12260.0,12260.0,USD,2026-05-24
항공,Incheon,중남미,Mexico City,2026,05,,,,11513.3,11513.3,11513.3,USD,2026-05-24
항공,Incheon,유럽,Amsterdam,2026,05,,,,10126.0,9642.0,9642.0,USD,2026-05-24
항공,Incheon,유럽,Frankfrut,2026,05,,,,10016.0,9568.0,9568.0,USD,2026-05-24
항공,Incheon,유럽,London,2026,05,,,,10130.0,9682.0,9682.0,USD,2026-05-24
항공,Incheon,유럽,Paris,2026,05,,,,9990.0,9542.0,9542.0,USD,2026-05-24
항공,Incheon,아시아,Chennai,2026,05,,,,2928.0,2928.0,2928.0,USD,2026-05-24
항공,Incheon,아시아,New Delhi,2026,05,,,,5516.0,5516.0,5516.0,USD,2026-05-24
항공,Incheon,아시아,Bangkok,2026,05,,,,3408.0,3408.0,3408.0,USD,2026-05-24
항공,Incheon,아시아,Hanoi,2026,05,,,,4372.0,4372.0,4372.0,USD,2026-05-24
항공,Incheon,아시아,Hochiminh,2026,05,,,,4032.0,3952.0,3952.0,USD,2026-05-24
항공,Incheon,아시아,HongKong,2026,05,,,,3190.0,3190.0,3190.0,USD,2026-05-24
항공,Incheon,아시아,Jakarta,2026,05,,,,5378.0,5318.0,5318.0,USD,2026-05-24
항공,Incheon,아시아,MANILA,2026,05,,,,3460.0,3460.0,3420.0,USD,2026-05-24
항공,Incheon,일본,Tokyo,2026,05,,,,3170.0,3130.0,3130.0,USD,2026-05-24
항공,Incheon,중국,Beijing,2026,05,,,,4702.5,4702.5,4702.5,USD,2026-05-24
항공,Incheon,중국,Guangzhou,2026,05,,,,4615.0,4615.0,4615.0,USD,2026-05-24
항공,Incheon,중국,Shanghai,2026,05,,,,3127.5,3127.5,3127.5,USD,2026-05-24
항공,Incheon,중국,Tianjin,2026,05,,,,3640.0,3640.0,3640.0,USD,2026-05-24
항공,Incheon,아프리카,Abidjan,2026,05,,,,10520.0,10520.0,10520.0,USD,2026-05-24
항공,Incheon,아프리카,Addis Ababa,2026,05,,,,11270.0,11270.0,11270.0,USD,2026-05-24
항공,Incheon,오세아니아,Auckland,2026,05,,,,6855.0,6855.0,6855.0,USD,2026-05-24
항공,Incheon,오세아니아,Sydney,2026,05,,,,6120.0,6120.0,6120.0,USD,2026-05-24
항공,Incheon,중동,Abu dhabi,2026,05,,,,9790.0,9690.0,9290.0,USD,2026-05-24
항공,Incheon,중동,Dubai,2026,05,,,,8040.0,8040.0,7990.0,USD,2026-05-24
항공,Incheon,중동,Dammam,2026,05,,,,10390.0,10290.0,9890.0,USD,2026-05-24
항공,Incheon,중동,Riyadh,2026,05,,,,9390.0,9340.0,9340.0,USD,2026-05-24
항공,Incheon,중동,Kuwait,2026,05,,,,9540.0,9390.0,9290.0,USD,2026-05-24
항공,Incheon,중동,Tehran,2026,05,,,,10370.0,10370.0,10370.0,USD,2026-05-24
항공,Incheon,러시아,Moscow,2026,05,,,,9963.3,11046.7,9270.0,USD,2026-05-24
항공,Incheon,북미,Chicago,2026,06,,,,11552.5,11427.5,11427.5,USD,2026-08-08
항공,Incheon,북미,Dallas,2026,06,,,,13877.5,13802.5,13752.5,USD,2026-08-08
항공,Incheon,북미,Los Angeles,2026,06,,,,10877.5,10827.5,10827.5,USD,2026-08-08
항공,Incheon,북미,New York,2026,06,,,,11152.5,11027.5,11027.5,USD,2026-08-08
항공,Incheon,북미,Toronto,2026,06,,,,12470.0,12395.0,12395.0,USD,2026-08-08
항공,Incheon,중남미,Mexico City,2026,06,,,,12287.5,12112.5,11987.5,USD,2026-08-08
항공,Incheon,유럽,Amsterdam,2026,06,,,,10242.5,10242.5,10242.5,USD,2026-08-08
항공,Incheon,유럽,Frankfrut,2026,06,,,,9700.0,9700.0,9700.0,USD,2026-08-08
항공,Incheon,유럽,London,2026,06,,,,10230.0,10230.0,10155.0,USD,2026-08-08
항공,Incheon,유럽,Paris,2026,06,,,,9555.0,9555.0,9480.0,USD,2026-08-08
항공,Incheon,아시아,Chennai,2026,06,,,,6646.0,6646.0,6646.0,USD,2026-08-08
항공,Incheon,아시아,New Delhi,2026,06,,,,6296.0,6296.0,6296.0,USD,2026-08-08
항공,Incheon,아시아,Bangkok,2026,06,,,,3323.0,3323.0,3323.0,USD,2026-08-08
항공,Incheon,아시아,Hanoi,2026,06,,,,4506.0,4506.0,4506.0,USD,2026-08-08
항공,Incheon,아시아,Hochiminh,2026,06,,,,3956.0,3956.0,3956.0,USD,2026-08-08
항공,Incheon,아시아,HongKong,2026,06,,,,2776.0,2776.0,2776.0,USD,2026-08-08
항공,Incheon,아시아,Jakarta,2026,06,,,,5433.0,5433.0,5433.0,USD,2026-08-08
항공,Incheon,아시아,MANILA,2026,06,,,,4306.0,4306.0,4306.0,USD,2026-08-08
항공,Incheon,일본,Tokyo,2026,06,,,,2803.0,2803.0,2803.0,USD,2026-08-08
항공,Incheon,중국,Beijing,2026,06,,,,4443.0,4443.0,4443.0,USD,2026-08-08
항공,Incheon,중국,Guangzhou,2026,06,,,,4293.0,4293.0,4293.0,USD,2026-08-08
항공,Incheon,중국,Shanghai,2026,06,,,,2806.0,2806.0,2806.0,USD,2026-08-08
항공,Incheon,중국,Tianjin,2026,06,,,,3340.0,3340.0,3340.0,USD,2026-08-08
항공,Incheon,아프리카,Abidjan,2026,06,,,,10655.0,10405.0,10155.0,USD,2026-08-08
항공,Incheon,아프리카,Addis Ababa,2026,06,,,,12205.0,12005.0,11905.0,USD,2026-08-08
항공,Incheon,오세아니아,Auckland,2026,06,,,,7053.0,7053.0,7053.0,USD,2026-08-08
항공,Incheon,오세아니아,Sydney,2026,06,,,,6570.0,6570.0,6570.0,USD,2026-08-08
항공,Incheon,중동,Abu dhabi,2026,06,,,,10185.0,10185.0,9935.0,USD,2026-08-08
항공,Incheon,중동,Dubai,2026,06,,,,7685.0,7685.0,7685.0,USD,2026-08-08
항공,Incheon,중동,Dammam,2026,06,,,,8685.0,8635.0,8635.0,USD,2026-08-08
항공,Incheon,중동,Riyadh,2026,06,,,,9435.0,9385.0,9385.0,USD,2026-08-08
항공,Incheon,중동,Kuwait,2026,06,,,,8735.0,8685.0,8685.0,USD,2026-08-08
항공,Incheon,중동,Tehran,2026,06,,,,10440.0,10440.0,10440.0,USD,2026-08-08
항공,Incheon,러시아,Moscow,2026,06,,,,10080.0,12545.0,9880.0,USD,2026-08-08
항공,Incheon,북미,Chicago,2026,07,,,,11580.0,11480.0,11480.0,USD,2026-08-08
항공,Incheon,북미,Dallas,2026,07,,,,13140.0,12980.0,12940.0,USD,2026-08-08
항공,Incheon,북미,Los Angeles,2026,07,,,,10480.0,10440.0,10440.0,USD,2026-08-08
항공,Incheon,북미,New York,2026,07,,,,11420.0,11320.0,11320.0,USD,2026-08-08
항공,Incheon,북미,Toronto,2026,07,,,,12994.0,12894.0,12874.0,USD,2026-08-08
항공,Incheon,중남미,Mexico City,2026,07,,,,11448.0,11308.0,11228.0,USD,2026-08-08
항공,Incheon,유럽,Amsterdam,2026,07,,,,8990.0,8276.0,8276.0,USD,2026-08-08
항공,Incheon,유럽,Frankfrut,2026,07,,,,8800.0,8286.0,8286.0,USD,2026-08-08
항공,Incheon,유럽,London,2026,07,,,,8990.0,8476.0,8476.0,USD,2026-08-08
항공,Incheon,유럽,Paris,2026,07,,,,8456.0,7876.0,7876.0,USD,2026-08-08
항공,Incheon,아시아,Chennai,2026,07,,,,5890.0,5890.0,5890.0,USD,2026-08-08
항공,Incheon,아시아,New Delhi,2026,07,,,,6020.0,6020.0,6020.0,USD,2026-08-08
항공,Incheon,아시아,Bangkok,2026,07,,,,2906.0,2906.0,2906.0,USD,2026-08-08
항공,Incheon,아시아,Hanoi,2026,07,,,,3665.0,3665.0,3665.0,USD,2026-08-08
항공,Incheon,아시아,Hochiminh,2026,07,,,,3340.0,3340.0,3340.0,USD,2026-08-08
항공,Incheon,아시아,HongKong,2026,07,,,,2715.0,2715.0,2715.0,USD,2026-08-08
항공,Incheon,아시아,Jakarta,2026,07,,,,4922.5,4922.5,4922.5,USD,2026-08-08
항공,Incheon,아시아,MANILA,2026,07,,,,3763.0,3763.0,3763.0,USD,2026-08-08
항공,Incheon,일본,Tokyo,2026,07,,,,2216.0,2216.0,2216.0,USD,2026-08-08
항공,Incheon,중국,Beijing,2026,07,,,,4615.0,4615.0,4615.0,USD,2026-08-08
항공,Incheon,중국,Guangzhou,2026,07,,,,4215.0,4215.0,4215.0,USD,2026-08-08
항공,Incheon,중국,Shanghai,2026,07,,,,2715.0,2715.0,2715.0,USD,2026-08-08
항공,Incheon,중국,Tianjin,2026,07,,,,3240.0,3240.0,3240.0,USD,2026-08-08
항공,Incheon,아프리카,Abidjan,2026,07,,,,10655.0,10655.0,10655.0,USD,2026-08-08
항공,Incheon,아프리카,Addis Ababa,2026,07,,,,12525.0,12525.0,12525.0,USD,2026-08-08
항공,Incheon,오세아니아,Auckland,2026,07,,,,7050.0,7050.0,7050.0,USD,2026-08-08
항공,Incheon,오세아니아,Sydney,2026,07,,,,6016.0,6016.0,6016.0,USD,2026-08-08
항공,Incheon,중동,Abu dhabi,2026,07,,,,9356.0,9290.0,9190.0,USD,2026-08-08
항공,Incheon,중동,Dubai,2026,07,,,,7290.0,7290.0,7290.0,USD,2026-08-08
항공,Incheon,중동,Dammam,2026,07,,,,8223.0,8223.0,8223.0,USD,2026-08-08
항공,Incheon,중동,Riyadh,2026,07,,,,9530.0,9530.0,9530.0,USD,2026-08-08
항공,Incheon,중동,Kuwait,2026,07,,,,8256.0,8256.0,8256.0,USD,2026-08-08
항공,Incheon,중동,Tehran,2026,07,,,,9700.0,9700.0,9700.0,USD,2026-08-08
항공,Incheon,러시아,Moscow,2026,07,,,,9460.0,10590.0,8813.0,USD,2026-08-08
항공,Incheon,북미,Chicago,2026,08,,,,10690.0,10615.0,10590.0,USD,2026-08-08
항공,Incheon,북미,Dallas,2026,08,,,,13090.0,12940.0,12790.0,USD,2026-08-08
항공,Incheon,북미,Los Angeles,2026,08,,,,9615.0,9590.0,9565.0,USD,2026-08-08
항공,Incheon,북미,New York,2026,08,,,,11015.0,10990.0,10965.0,USD,2026-08-08
항공,Incheon,북미,Toronto,2026,08,,,,12330.0,12280.0,12255.0,USD,2026-08-08
항공,Incheon,중남미,Mexico City,2026,08,,,,11205.0,10955.0,10755.0,USD,2026-08-08
항공,Incheon,유럽,Amsterdam,2026,08,,,,8822.5,8412.5,8387.5,USD,2026-08-08
항공,Incheon,유럽,Frankfrut,2026,08,,,,8480.0,8455.0,8430.0,USD,2026-08-08
항공,Incheon,유럽,London,2026,08,,,,8822.5,8797.5,8772.5,USD,2026-08-08
항공,Incheon,유럽,Paris,2026,08,,,,8197.5,7687.5,7662.5,USD,2026-08-08
항공,Incheon,아시아,Chennai,2026,08,,,,5522.5,5497.5,5472.5,USD,2026-08-08
항공,Incheon,아시아,New Delhi,2026,08,,,,5680.0,5655.0,5630.0,USD,2026-08-08
항공,Incheon,아시아,Bangkok,2026,08,,,,2385.0,2360.0,2335.0,USD,2026-08-08
항공,Incheon,아시아,Hanoi,2026,08,,,,3392.5,3367.5,3342.5,USD,2026-08-08
항공,Incheon,아시아,Hochiminh,2026,08,,,,2960.0,2935.0,2910.0,USD,2026-08-08
항공,Incheon,아시아,HongKong,2026,08,,,,2320.0,2353.3,2320.0,USD,2026-08-08
항공,Incheon,아시아,Jakarta,2026,08,,,,4480.0,4455.0,4430.0,USD,2026-08-08
항공,Incheon,아시아,MANILA,2026,08,,,,3372.5,3347.5,3322.5,USD,2026-08-08
항공,Incheon,일본,Tokyo,2026,08,,,,2140.0,2115.0,2090.0,USD,2026-08-08
항공,Incheon,중국,Beijing,2026,08,,,,4320.0,4286.7,4253.3,USD,2026-08-08
항공,Incheon,중국,Guangzhou,2026,08,,,,3986.7,3953.3,3920.0,USD,2026-08-08
항공,Incheon,중국,Shanghai,2026,08,,,,2336.7,2303.3,2270.0,USD,2026-08-08
항공,Incheon,중국,Tianjin,2026,08,,,,2986.7,2953.3,2920.0,USD,2026-08-08
항공,Incheon,아프리카,Abidjan,2026,08,,,,10681.5,10631.5,10581.5,USD,2026-08-08
항공,Incheon,아프리카,Addis Ababa,2026,08,,,,12231.5,12181.5,12131.5,USD,2026-08-08
항공,Incheon,오세아니아,Auckland,2026,08,,,,6675.0,6650.0,6625.0,USD,2026-08-08
항공,Incheon,오세아니아,Sydney,2026,08,,,,5812.5,5787.5,5737.5,USD,2026-08-08
항공,Incheon,중동,Abu dhabi,2026,08,,,,9530.0,9480.0,8930.0,USD,2026-08-08
항공,Incheon,중동,Dubai,2026,08,,,,7230.0,7080.0,6930.0,USD,2026-08-08
항공,Incheon,중동,Dammam,2026,08,,,,9230.0,9080.0,8930.0,USD,2026-08-08
항공,Incheon,중동,Riyadh,2026,08,,,,8680.0,8630.0,8580.0,USD,2026-08-08
항공,Incheon,중동,Kuwait,2026,08,,,,8380.0,8180.0,8030.0,USD,2026-08-08
항공,Incheon,중동,Tehran,2026,08,,,,9430.0,9380.0,9330.0,USD,2026-08-08
항공,Incheon,러시아,Moscow,2026,08,,,,7854.0,8512.0,7426.0,USD,2026-08-08
